// @generated by `cargo run --locked -p xtask -- generate unicode`.
// Source: third_party/unicode/16.0.0. Do not edit manually.

/// Exact Unicode Standard version implemented by these tables.
pub const UNICODE_VERSION: (u8, u8, u8) = (16, 0, 0);

pub(crate) const XID_START: &[(u32, u32)] = &[
    (0x41, 0x5A),
    (0x61, 0x7A),
    (0xAA, 0xAA),
    (0xB5, 0xB5),
    (0xBA, 0xBA),
    (0xC0, 0xD6),
    (0xD8, 0xF6),
    (0xF8, 0x2C1),
    (0x2C6, 0x2D1),
    (0x2E0, 0x2E4),
    (0x2EC, 0x2EC),
    (0x2EE, 0x2EE),
    (0x370, 0x374),
    (0x376, 0x377),
    (0x37B, 0x37D),
    (0x37F, 0x37F),
    (0x386, 0x386),
    (0x388, 0x38A),
    (0x38C, 0x38C),
    (0x38E, 0x3A1),
    (0x3A3, 0x3F5),
    (0x3F7, 0x481),
    (0x48A, 0x52F),
    (0x531, 0x556),
    (0x559, 0x559),
    (0x560, 0x588),
    (0x5D0, 0x5EA),
    (0x5EF, 0x5F2),
    (0x620, 0x64A),
    (0x66E, 0x66F),
    (0x671, 0x6D3),
    (0x6D5, 0x6D5),
    (0x6E5, 0x6E6),
    (0x6EE, 0x6EF),
    (0x6FA, 0x6FC),
    (0x6FF, 0x6FF),
    (0x710, 0x710),
    (0x712, 0x72F),
    (0x74D, 0x7A5),
    (0x7B1, 0x7B1),
    (0x7CA, 0x7EA),
    (0x7F4, 0x7F5),
    (0x7FA, 0x7FA),
    (0x800, 0x815),
    (0x81A, 0x81A),
    (0x824, 0x824),
    (0x828, 0x828),
    (0x840, 0x858),
    (0x860, 0x86A),
    (0x870, 0x887),
    (0x889, 0x88E),
    (0x8A0, 0x8C9),
    (0x904, 0x939),
    (0x93D, 0x93D),
    (0x950, 0x950),
    (0x958, 0x961),
    (0x971, 0x980),
    (0x985, 0x98C),
    (0x98F, 0x990),
    (0x993, 0x9A8),
    (0x9AA, 0x9B0),
    (0x9B2, 0x9B2),
    (0x9B6, 0x9B9),
    (0x9BD, 0x9BD),
    (0x9CE, 0x9CE),
    (0x9DC, 0x9DD),
    (0x9DF, 0x9E1),
    (0x9F0, 0x9F1),
    (0x9FC, 0x9FC),
    (0xA05, 0xA0A),
    (0xA0F, 0xA10),
    (0xA13, 0xA28),
    (0xA2A, 0xA30),
    (0xA32, 0xA33),
    (0xA35, 0xA36),
    (0xA38, 0xA39),
    (0xA59, 0xA5C),
    (0xA5E, 0xA5E),
    (0xA72, 0xA74),
    (0xA85, 0xA8D),
    (0xA8F, 0xA91),
    (0xA93, 0xAA8),
    (0xAAA, 0xAB0),
    (0xAB2, 0xAB3),
    (0xAB5, 0xAB9),
    (0xABD, 0xABD),
    (0xAD0, 0xAD0),
    (0xAE0, 0xAE1),
    (0xAF9, 0xAF9),
    (0xB05, 0xB0C),
    (0xB0F, 0xB10),
    (0xB13, 0xB28),
    (0xB2A, 0xB30),
    (0xB32, 0xB33),
    (0xB35, 0xB39),
    (0xB3D, 0xB3D),
    (0xB5C, 0xB5D),
    (0xB5F, 0xB61),
    (0xB71, 0xB71),
    (0xB83, 0xB83),
    (0xB85, 0xB8A),
    (0xB8E, 0xB90),
    (0xB92, 0xB95),
    (0xB99, 0xB9A),
    (0xB9C, 0xB9C),
    (0xB9E, 0xB9F),
    (0xBA3, 0xBA4),
    (0xBA8, 0xBAA),
    (0xBAE, 0xBB9),
    (0xBD0, 0xBD0),
    (0xC05, 0xC0C),
    (0xC0E, 0xC10),
    (0xC12, 0xC28),
    (0xC2A, 0xC39),
    (0xC3D, 0xC3D),
    (0xC58, 0xC5A),
    (0xC5D, 0xC5D),
    (0xC60, 0xC61),
    (0xC80, 0xC80),
    (0xC85, 0xC8C),
    (0xC8E, 0xC90),
    (0xC92, 0xCA8),
    (0xCAA, 0xCB3),
    (0xCB5, 0xCB9),
    (0xCBD, 0xCBD),
    (0xCDD, 0xCDE),
    (0xCE0, 0xCE1),
    (0xCF1, 0xCF2),
    (0xD04, 0xD0C),
    (0xD0E, 0xD10),
    (0xD12, 0xD3A),
    (0xD3D, 0xD3D),
    (0xD4E, 0xD4E),
    (0xD54, 0xD56),
    (0xD5F, 0xD61),
    (0xD7A, 0xD7F),
    (0xD85, 0xD96),
    (0xD9A, 0xDB1),
    (0xDB3, 0xDBB),
    (0xDBD, 0xDBD),
    (0xDC0, 0xDC6),
    (0xE01, 0xE30),
    (0xE32, 0xE32),
    (0xE40, 0xE46),
    (0xE81, 0xE82),
    (0xE84, 0xE84),
    (0xE86, 0xE8A),
    (0xE8C, 0xEA3),
    (0xEA5, 0xEA5),
    (0xEA7, 0xEB0),
    (0xEB2, 0xEB2),
    (0xEBD, 0xEBD),
    (0xEC0, 0xEC4),
    (0xEC6, 0xEC6),
    (0xEDC, 0xEDF),
    (0xF00, 0xF00),
    (0xF40, 0xF47),
    (0xF49, 0xF6C),
    (0xF88, 0xF8C),
    (0x1000, 0x102A),
    (0x103F, 0x103F),
    (0x1050, 0x1055),
    (0x105A, 0x105D),
    (0x1061, 0x1061),
    (0x1065, 0x1066),
    (0x106E, 0x1070),
    (0x1075, 0x1081),
    (0x108E, 0x108E),
    (0x10A0, 0x10C5),
    (0x10C7, 0x10C7),
    (0x10CD, 0x10CD),
    (0x10D0, 0x10FA),
    (0x10FC, 0x1248),
    (0x124A, 0x124D),
    (0x1250, 0x1256),
    (0x1258, 0x1258),
    (0x125A, 0x125D),
    (0x1260, 0x1288),
    (0x128A, 0x128D),
    (0x1290, 0x12B0),
    (0x12B2, 0x12B5),
    (0x12B8, 0x12BE),
    (0x12C0, 0x12C0),
    (0x12C2, 0x12C5),
    (0x12C8, 0x12D6),
    (0x12D8, 0x1310),
    (0x1312, 0x1315),
    (0x1318, 0x135A),
    (0x1380, 0x138F),
    (0x13A0, 0x13F5),
    (0x13F8, 0x13FD),
    (0x1401, 0x166C),
    (0x166F, 0x167F),
    (0x1681, 0x169A),
    (0x16A0, 0x16EA),
    (0x16EE, 0x16F8),
    (0x1700, 0x1711),
    (0x171F, 0x1731),
    (0x1740, 0x1751),
    (0x1760, 0x176C),
    (0x176E, 0x1770),
    (0x1780, 0x17B3),
    (0x17D7, 0x17D7),
    (0x17DC, 0x17DC),
    (0x1820, 0x1878),
    (0x1880, 0x18A8),
    (0x18AA, 0x18AA),
    (0x18B0, 0x18F5),
    (0x1900, 0x191E),
    (0x1950, 0x196D),
    (0x1970, 0x1974),
    (0x1980, 0x19AB),
    (0x19B0, 0x19C9),
    (0x1A00, 0x1A16),
    (0x1A20, 0x1A54),
    (0x1AA7, 0x1AA7),
    (0x1B05, 0x1B33),
    (0x1B45, 0x1B4C),
    (0x1B83, 0x1BA0),
    (0x1BAE, 0x1BAF),
    (0x1BBA, 0x1BE5),
    (0x1C00, 0x1C23),
    (0x1C4D, 0x1C4F),
    (0x1C5A, 0x1C7D),
    (0x1C80, 0x1C8A),
    (0x1C90, 0x1CBA),
    (0x1CBD, 0x1CBF),
    (0x1CE9, 0x1CEC),
    (0x1CEE, 0x1CF3),
    (0x1CF5, 0x1CF6),
    (0x1CFA, 0x1CFA),
    (0x1D00, 0x1DBF),
    (0x1E00, 0x1F15),
    (0x1F18, 0x1F1D),
    (0x1F20, 0x1F45),
    (0x1F48, 0x1F4D),
    (0x1F50, 0x1F57),
    (0x1F59, 0x1F59),
    (0x1F5B, 0x1F5B),
    (0x1F5D, 0x1F5D),
    (0x1F5F, 0x1F7D),
    (0x1F80, 0x1FB4),
    (0x1FB6, 0x1FBC),
    (0x1FBE, 0x1FBE),
    (0x1FC2, 0x1FC4),
    (0x1FC6, 0x1FCC),
    (0x1FD0, 0x1FD3),
    (0x1FD6, 0x1FDB),
    (0x1FE0, 0x1FEC),
    (0x1FF2, 0x1FF4),
    (0x1FF6, 0x1FFC),
    (0x2071, 0x2071),
    (0x207F, 0x207F),
    (0x2090, 0x209C),
    (0x2102, 0x2102),
    (0x2107, 0x2107),
    (0x210A, 0x2113),
    (0x2115, 0x2115),
    (0x2118, 0x211D),
    (0x2124, 0x2124),
    (0x2126, 0x2126),
    (0x2128, 0x2128),
    (0x212A, 0x2139),
    (0x213C, 0x213F),
    (0x2145, 0x2149),
    (0x214E, 0x214E),
    (0x2160, 0x2188),
    (0x2C00, 0x2CE4),
    (0x2CEB, 0x2CEE),
    (0x2CF2, 0x2CF3),
    (0x2D00, 0x2D25),
    (0x2D27, 0x2D27),
    (0x2D2D, 0x2D2D),
    (0x2D30, 0x2D67),
    (0x2D6F, 0x2D6F),
    (0x2D80, 0x2D96),
    (0x2DA0, 0x2DA6),
    (0x2DA8, 0x2DAE),
    (0x2DB0, 0x2DB6),
    (0x2DB8, 0x2DBE),
    (0x2DC0, 0x2DC6),
    (0x2DC8, 0x2DCE),
    (0x2DD0, 0x2DD6),
    (0x2DD8, 0x2DDE),
    (0x3005, 0x3007),
    (0x3021, 0x3029),
    (0x3031, 0x3035),
    (0x3038, 0x303C),
    (0x3041, 0x3096),
    (0x309D, 0x309F),
    (0x30A1, 0x30FA),
    (0x30FC, 0x30FF),
    (0x3105, 0x312F),
    (0x3131, 0x318E),
    (0x31A0, 0x31BF),
    (0x31F0, 0x31FF),
    (0x3400, 0x4DBF),
    (0x4E00, 0xA48C),
    (0xA4D0, 0xA4FD),
    (0xA500, 0xA60C),
    (0xA610, 0xA61F),
    (0xA62A, 0xA62B),
    (0xA640, 0xA66E),
    (0xA67F, 0xA69D),
    (0xA6A0, 0xA6EF),
    (0xA717, 0xA71F),
    (0xA722, 0xA788),
    (0xA78B, 0xA7CD),
    (0xA7D0, 0xA7D1),
    (0xA7D3, 0xA7D3),
    (0xA7D5, 0xA7DC),
    (0xA7F2, 0xA801),
    (0xA803, 0xA805),
    (0xA807, 0xA80A),
    (0xA80C, 0xA822),
    (0xA840, 0xA873),
    (0xA882, 0xA8B3),
    (0xA8F2, 0xA8F7),
    (0xA8FB, 0xA8FB),
    (0xA8FD, 0xA8FE),
    (0xA90A, 0xA925),
    (0xA930, 0xA946),
    (0xA960, 0xA97C),
    (0xA984, 0xA9B2),
    (0xA9CF, 0xA9CF),
    (0xA9E0, 0xA9E4),
    (0xA9E6, 0xA9EF),
    (0xA9FA, 0xA9FE),
    (0xAA00, 0xAA28),
    (0xAA40, 0xAA42),
    (0xAA44, 0xAA4B),
    (0xAA60, 0xAA76),
    (0xAA7A, 0xAA7A),
    (0xAA7E, 0xAAAF),
    (0xAAB1, 0xAAB1),
    (0xAAB5, 0xAAB6),
    (0xAAB9, 0xAABD),
    (0xAAC0, 0xAAC0),
    (0xAAC2, 0xAAC2),
    (0xAADB, 0xAADD),
    (0xAAE0, 0xAAEA),
    (0xAAF2, 0xAAF4),
    (0xAB01, 0xAB06),
    (0xAB09, 0xAB0E),
    (0xAB11, 0xAB16),
    (0xAB20, 0xAB26),
    (0xAB28, 0xAB2E),
    (0xAB30, 0xAB5A),
    (0xAB5C, 0xAB69),
    (0xAB70, 0xABE2),
    (0xAC00, 0xD7A3),
    (0xD7B0, 0xD7C6),
    (0xD7CB, 0xD7FB),
    (0xF900, 0xFA6D),
    (0xFA70, 0xFAD9),
    (0xFB00, 0xFB06),
    (0xFB13, 0xFB17),
    (0xFB1D, 0xFB1D),
    (0xFB1F, 0xFB28),
    (0xFB2A, 0xFB36),
    (0xFB38, 0xFB3C),
    (0xFB3E, 0xFB3E),
    (0xFB40, 0xFB41),
    (0xFB43, 0xFB44),
    (0xFB46, 0xFBB1),
    (0xFBD3, 0xFC5D),
    (0xFC64, 0xFD3D),
    (0xFD50, 0xFD8F),
    (0xFD92, 0xFDC7),
    (0xFDF0, 0xFDF9),
    (0xFE71, 0xFE71),
    (0xFE73, 0xFE73),
    (0xFE77, 0xFE77),
    (0xFE79, 0xFE79),
    (0xFE7B, 0xFE7B),
    (0xFE7D, 0xFE7D),
    (0xFE7F, 0xFEFC),
    (0xFF21, 0xFF3A),
    (0xFF41, 0xFF5A),
    (0xFF66, 0xFF9D),
    (0xFFA0, 0xFFBE),
    (0xFFC2, 0xFFC7),
    (0xFFCA, 0xFFCF),
    (0xFFD2, 0xFFD7),
    (0xFFDA, 0xFFDC),
    (0x10000, 0x1000B),
    (0x1000D, 0x10026),
    (0x10028, 0x1003A),
    (0x1003C, 0x1003D),
    (0x1003F, 0x1004D),
    (0x10050, 0x1005D),
    (0x10080, 0x100FA),
    (0x10140, 0x10174),
    (0x10280, 0x1029C),
    (0x102A0, 0x102D0),
    (0x10300, 0x1031F),
    (0x1032D, 0x1034A),
    (0x10350, 0x10375),
    (0x10380, 0x1039D),
    (0x103A0, 0x103C3),
    (0x103C8, 0x103CF),
    (0x103D1, 0x103D5),
    (0x10400, 0x1049D),
    (0x104B0, 0x104D3),
    (0x104D8, 0x104FB),
    (0x10500, 0x10527),
    (0x10530, 0x10563),
    (0x10570, 0x1057A),
    (0x1057C, 0x1058A),
    (0x1058C, 0x10592),
    (0x10594, 0x10595),
    (0x10597, 0x105A1),
    (0x105A3, 0x105B1),
    (0x105B3, 0x105B9),
    (0x105BB, 0x105BC),
    (0x105C0, 0x105F3),
    (0x10600, 0x10736),
    (0x10740, 0x10755),
    (0x10760, 0x10767),
    (0x10780, 0x10785),
    (0x10787, 0x107B0),
    (0x107B2, 0x107BA),
    (0x10800, 0x10805),
    (0x10808, 0x10808),
    (0x1080A, 0x10835),
    (0x10837, 0x10838),
    (0x1083C, 0x1083C),
    (0x1083F, 0x10855),
    (0x10860, 0x10876),
    (0x10880, 0x1089E),
    (0x108E0, 0x108F2),
    (0x108F4, 0x108F5),
    (0x10900, 0x10915),
    (0x10920, 0x10939),
    (0x10980, 0x109B7),
    (0x109BE, 0x109BF),
    (0x10A00, 0x10A00),
    (0x10A10, 0x10A13),
    (0x10A15, 0x10A17),
    (0x10A19, 0x10A35),
    (0x10A60, 0x10A7C),
    (0x10A80, 0x10A9C),
    (0x10AC0, 0x10AC7),
    (0x10AC9, 0x10AE4),
    (0x10B00, 0x10B35),
    (0x10B40, 0x10B55),
    (0x10B60, 0x10B72),
    (0x10B80, 0x10B91),
    (0x10C00, 0x10C48),
    (0x10C80, 0x10CB2),
    (0x10CC0, 0x10CF2),
    (0x10D00, 0x10D23),
    (0x10D4A, 0x10D65),
    (0x10D6F, 0x10D85),
    (0x10E80, 0x10EA9),
    (0x10EB0, 0x10EB1),
    (0x10EC2, 0x10EC4),
    (0x10F00, 0x10F1C),
    (0x10F27, 0x10F27),
    (0x10F30, 0x10F45),
    (0x10F70, 0x10F81),
    (0x10FB0, 0x10FC4),
    (0x10FE0, 0x10FF6),
    (0x11003, 0x11037),
    (0x11071, 0x11072),
    (0x11075, 0x11075),
    (0x11083, 0x110AF),
    (0x110D0, 0x110E8),
    (0x11103, 0x11126),
    (0x11144, 0x11144),
    (0x11147, 0x11147),
    (0x11150, 0x11172),
    (0x11176, 0x11176),
    (0x11183, 0x111B2),
    (0x111C1, 0x111C4),
    (0x111DA, 0x111DA),
    (0x111DC, 0x111DC),
    (0x11200, 0x11211),
    (0x11213, 0x1122B),
    (0x1123F, 0x11240),
    (0x11280, 0x11286),
    (0x11288, 0x11288),
    (0x1128A, 0x1128D),
    (0x1128F, 0x1129D),
    (0x1129F, 0x112A8),
    (0x112B0, 0x112DE),
    (0x11305, 0x1130C),
    (0x1130F, 0x11310),
    (0x11313, 0x11328),
    (0x1132A, 0x11330),
    (0x11332, 0x11333),
    (0x11335, 0x11339),
    (0x1133D, 0x1133D),
    (0x11350, 0x11350),
    (0x1135D, 0x11361),
    (0x11380, 0x11389),
    (0x1138B, 0x1138B),
    (0x1138E, 0x1138E),
    (0x11390, 0x113B5),
    (0x113B7, 0x113B7),
    (0x113D1, 0x113D1),
    (0x113D3, 0x113D3),
    (0x11400, 0x11434),
    (0x11447, 0x1144A),
    (0x1145F, 0x11461),
    (0x11480, 0x114AF),
    (0x114C4, 0x114C5),
    (0x114C7, 0x114C7),
    (0x11580, 0x115AE),
    (0x115D8, 0x115DB),
    (0x11600, 0x1162F),
    (0x11644, 0x11644),
    (0x11680, 0x116AA),
    (0x116B8, 0x116B8),
    (0x11700, 0x1171A),
    (0x11740, 0x11746),
    (0x11800, 0x1182B),
    (0x118A0, 0x118DF),
    (0x118FF, 0x11906),
    (0x11909, 0x11909),
    (0x1190C, 0x11913),
    (0x11915, 0x11916),
    (0x11918, 0x1192F),
    (0x1193F, 0x1193F),
    (0x11941, 0x11941),
    (0x119A0, 0x119A7),
    (0x119AA, 0x119D0),
    (0x119E1, 0x119E1),
    (0x119E3, 0x119E3),
    (0x11A00, 0x11A00),
    (0x11A0B, 0x11A32),
    (0x11A3A, 0x11A3A),
    (0x11A50, 0x11A50),
    (0x11A5C, 0x11A89),
    (0x11A9D, 0x11A9D),
    (0x11AB0, 0x11AF8),
    (0x11BC0, 0x11BE0),
    (0x11C00, 0x11C08),
    (0x11C0A, 0x11C2E),
    (0x11C40, 0x11C40),
    (0x11C72, 0x11C8F),
    (0x11D00, 0x11D06),
    (0x11D08, 0x11D09),
    (0x11D0B, 0x11D30),
    (0x11D46, 0x11D46),
    (0x11D60, 0x11D65),
    (0x11D67, 0x11D68),
    (0x11D6A, 0x11D89),
    (0x11D98, 0x11D98),
    (0x11EE0, 0x11EF2),
    (0x11F02, 0x11F02),
    (0x11F04, 0x11F10),
    (0x11F12, 0x11F33),
    (0x11FB0, 0x11FB0),
    (0x12000, 0x12399),
    (0x12400, 0x1246E),
    (0x12480, 0x12543),
    (0x12F90, 0x12FF0),
    (0x13000, 0x1342F),
    (0x13441, 0x13446),
    (0x13460, 0x143FA),
    (0x14400, 0x14646),
    (0x16100, 0x1611D),
    (0x16800, 0x16A38),
    (0x16A40, 0x16A5E),
    (0x16A70, 0x16ABE),
    (0x16AD0, 0x16AED),
    (0x16B00, 0x16B2F),
    (0x16B40, 0x16B43),
    (0x16B63, 0x16B77),
    (0x16B7D, 0x16B8F),
    (0x16D40, 0x16D6C),
    (0x16E40, 0x16E7F),
    (0x16F00, 0x16F4A),
    (0x16F50, 0x16F50),
    (0x16F93, 0x16F9F),
    (0x16FE0, 0x16FE1),
    (0x16FE3, 0x16FE3),
    (0x17000, 0x187F7),
    (0x18800, 0x18CD5),
    (0x18CFF, 0x18D08),
    (0x1AFF0, 0x1AFF3),
    (0x1AFF5, 0x1AFFB),
    (0x1AFFD, 0x1AFFE),
    (0x1B000, 0x1B122),
    (0x1B132, 0x1B132),
    (0x1B150, 0x1B152),
    (0x1B155, 0x1B155),
    (0x1B164, 0x1B167),
    (0x1B170, 0x1B2FB),
    (0x1BC00, 0x1BC6A),
    (0x1BC70, 0x1BC7C),
    (0x1BC80, 0x1BC88),
    (0x1BC90, 0x1BC99),
    (0x1D400, 0x1D454),
    (0x1D456, 0x1D49C),
    (0x1D49E, 0x1D49F),
    (0x1D4A2, 0x1D4A2),
    (0x1D4A5, 0x1D4A6),
    (0x1D4A9, 0x1D4AC),
    (0x1D4AE, 0x1D4B9),
    (0x1D4BB, 0x1D4BB),
    (0x1D4BD, 0x1D4C3),
    (0x1D4C5, 0x1D505),
    (0x1D507, 0x1D50A),
    (0x1D50D, 0x1D514),
    (0x1D516, 0x1D51C),
    (0x1D51E, 0x1D539),
    (0x1D53B, 0x1D53E),
    (0x1D540, 0x1D544),
    (0x1D546, 0x1D546),
    (0x1D54A, 0x1D550),
    (0x1D552, 0x1D6A5),
    (0x1D6A8, 0x1D6C0),
    (0x1D6C2, 0x1D6DA),
    (0x1D6DC, 0x1D6FA),
    (0x1D6FC, 0x1D714),
    (0x1D716, 0x1D734),
    (0x1D736, 0x1D74E),
    (0x1D750, 0x1D76E),
    (0x1D770, 0x1D788),
    (0x1D78A, 0x1D7A8),
    (0x1D7AA, 0x1D7C2),
    (0x1D7C4, 0x1D7CB),
    (0x1DF00, 0x1DF1E),
    (0x1DF25, 0x1DF2A),
    (0x1E030, 0x1E06D),
    (0x1E100, 0x1E12C),
    (0x1E137, 0x1E13D),
    (0x1E14E, 0x1E14E),
    (0x1E290, 0x1E2AD),
    (0x1E2C0, 0x1E2EB),
    (0x1E4D0, 0x1E4EB),
    (0x1E5D0, 0x1E5ED),
    (0x1E5F0, 0x1E5F0),
    (0x1E7E0, 0x1E7E6),
    (0x1E7E8, 0x1E7EB),
    (0x1E7ED, 0x1E7EE),
    (0x1E7F0, 0x1E7FE),
    (0x1E800, 0x1E8C4),
    (0x1E900, 0x1E943),
    (0x1E94B, 0x1E94B),
    (0x1EE00, 0x1EE03),
    (0x1EE05, 0x1EE1F),
    (0x1EE21, 0x1EE22),
    (0x1EE24, 0x1EE24),
    (0x1EE27, 0x1EE27),
    (0x1EE29, 0x1EE32),
    (0x1EE34, 0x1EE37),
    (0x1EE39, 0x1EE39),
    (0x1EE3B, 0x1EE3B),
    (0x1EE42, 0x1EE42),
    (0x1EE47, 0x1EE47),
    (0x1EE49, 0x1EE49),
    (0x1EE4B, 0x1EE4B),
    (0x1EE4D, 0x1EE4F),
    (0x1EE51, 0x1EE52),
    (0x1EE54, 0x1EE54),
    (0x1EE57, 0x1EE57),
    (0x1EE59, 0x1EE59),
    (0x1EE5B, 0x1EE5B),
    (0x1EE5D, 0x1EE5D),
    (0x1EE5F, 0x1EE5F),
    (0x1EE61, 0x1EE62),
    (0x1EE64, 0x1EE64),
    (0x1EE67, 0x1EE6A),
    (0x1EE6C, 0x1EE72),
    (0x1EE74, 0x1EE77),
    (0x1EE79, 0x1EE7C),
    (0x1EE7E, 0x1EE7E),
    (0x1EE80, 0x1EE89),
    (0x1EE8B, 0x1EE9B),
    (0x1EEA1, 0x1EEA3),
    (0x1EEA5, 0x1EEA9),
    (0x1EEAB, 0x1EEBB),
    (0x20000, 0x2A6DF),
    (0x2A700, 0x2B739),
    (0x2B740, 0x2B81D),
    (0x2B820, 0x2CEA1),
    (0x2CEB0, 0x2EBE0),
    (0x2EBF0, 0x2EE5D),
    (0x2F800, 0x2FA1D),
    (0x30000, 0x3134A),
    (0x31350, 0x323AF),
];

pub(crate) const XID_CONTINUE: &[(u32, u32)] = &[
    (0x30, 0x39),
    (0x41, 0x5A),
    (0x5F, 0x5F),
    (0x61, 0x7A),
    (0xAA, 0xAA),
    (0xB5, 0xB5),
    (0xB7, 0xB7),
    (0xBA, 0xBA),
    (0xC0, 0xD6),
    (0xD8, 0xF6),
    (0xF8, 0x2C1),
    (0x2C6, 0x2D1),
    (0x2E0, 0x2E4),
    (0x2EC, 0x2EC),
    (0x2EE, 0x2EE),
    (0x300, 0x374),
    (0x376, 0x377),
    (0x37B, 0x37D),
    (0x37F, 0x37F),
    (0x386, 0x38A),
    (0x38C, 0x38C),
    (0x38E, 0x3A1),
    (0x3A3, 0x3F5),
    (0x3F7, 0x481),
    (0x483, 0x487),
    (0x48A, 0x52F),
    (0x531, 0x556),
    (0x559, 0x559),
    (0x560, 0x588),
    (0x591, 0x5BD),
    (0x5BF, 0x5BF),
    (0x5C1, 0x5C2),
    (0x5C4, 0x5C5),
    (0x5C7, 0x5C7),
    (0x5D0, 0x5EA),
    (0x5EF, 0x5F2),
    (0x610, 0x61A),
    (0x620, 0x669),
    (0x66E, 0x6D3),
    (0x6D5, 0x6DC),
    (0x6DF, 0x6E8),
    (0x6EA, 0x6FC),
    (0x6FF, 0x6FF),
    (0x710, 0x74A),
    (0x74D, 0x7B1),
    (0x7C0, 0x7F5),
    (0x7FA, 0x7FA),
    (0x7FD, 0x7FD),
    (0x800, 0x82D),
    (0x840, 0x85B),
    (0x860, 0x86A),
    (0x870, 0x887),
    (0x889, 0x88E),
    (0x897, 0x8E1),
    (0x8E3, 0x963),
    (0x966, 0x96F),
    (0x971, 0x983),
    (0x985, 0x98C),
    (0x98F, 0x990),
    (0x993, 0x9A8),
    (0x9AA, 0x9B0),
    (0x9B2, 0x9B2),
    (0x9B6, 0x9B9),
    (0x9BC, 0x9C4),
    (0x9C7, 0x9C8),
    (0x9CB, 0x9CE),
    (0x9D7, 0x9D7),
    (0x9DC, 0x9DD),
    (0x9DF, 0x9E3),
    (0x9E6, 0x9F1),
    (0x9FC, 0x9FC),
    (0x9FE, 0x9FE),
    (0xA01, 0xA03),
    (0xA05, 0xA0A),
    (0xA0F, 0xA10),
    (0xA13, 0xA28),
    (0xA2A, 0xA30),
    (0xA32, 0xA33),
    (0xA35, 0xA36),
    (0xA38, 0xA39),
    (0xA3C, 0xA3C),
    (0xA3E, 0xA42),
    (0xA47, 0xA48),
    (0xA4B, 0xA4D),
    (0xA51, 0xA51),
    (0xA59, 0xA5C),
    (0xA5E, 0xA5E),
    (0xA66, 0xA75),
    (0xA81, 0xA83),
    (0xA85, 0xA8D),
    (0xA8F, 0xA91),
    (0xA93, 0xAA8),
    (0xAAA, 0xAB0),
    (0xAB2, 0xAB3),
    (0xAB5, 0xAB9),
    (0xABC, 0xAC5),
    (0xAC7, 0xAC9),
    (0xACB, 0xACD),
    (0xAD0, 0xAD0),
    (0xAE0, 0xAE3),
    (0xAE6, 0xAEF),
    (0xAF9, 0xAFF),
    (0xB01, 0xB03),
    (0xB05, 0xB0C),
    (0xB0F, 0xB10),
    (0xB13, 0xB28),
    (0xB2A, 0xB30),
    (0xB32, 0xB33),
    (0xB35, 0xB39),
    (0xB3C, 0xB44),
    (0xB47, 0xB48),
    (0xB4B, 0xB4D),
    (0xB55, 0xB57),
    (0xB5C, 0xB5D),
    (0xB5F, 0xB63),
    (0xB66, 0xB6F),
    (0xB71, 0xB71),
    (0xB82, 0xB83),
    (0xB85, 0xB8A),
    (0xB8E, 0xB90),
    (0xB92, 0xB95),
    (0xB99, 0xB9A),
    (0xB9C, 0xB9C),
    (0xB9E, 0xB9F),
    (0xBA3, 0xBA4),
    (0xBA8, 0xBAA),
    (0xBAE, 0xBB9),
    (0xBBE, 0xBC2),
    (0xBC6, 0xBC8),
    (0xBCA, 0xBCD),
    (0xBD0, 0xBD0),
    (0xBD7, 0xBD7),
    (0xBE6, 0xBEF),
    (0xC00, 0xC0C),
    (0xC0E, 0xC10),
    (0xC12, 0xC28),
    (0xC2A, 0xC39),
    (0xC3C, 0xC44),
    (0xC46, 0xC48),
    (0xC4A, 0xC4D),
    (0xC55, 0xC56),
    (0xC58, 0xC5A),
    (0xC5D, 0xC5D),
    (0xC60, 0xC63),
    (0xC66, 0xC6F),
    (0xC80, 0xC83),
    (0xC85, 0xC8C),
    (0xC8E, 0xC90),
    (0xC92, 0xCA8),
    (0xCAA, 0xCB3),
    (0xCB5, 0xCB9),
    (0xCBC, 0xCC4),
    (0xCC6, 0xCC8),
    (0xCCA, 0xCCD),
    (0xCD5, 0xCD6),
    (0xCDD, 0xCDE),
    (0xCE0, 0xCE3),
    (0xCE6, 0xCEF),
    (0xCF1, 0xCF3),
    (0xD00, 0xD0C),
    (0xD0E, 0xD10),
    (0xD12, 0xD44),
    (0xD46, 0xD48),
    (0xD4A, 0xD4E),
    (0xD54, 0xD57),
    (0xD5F, 0xD63),
    (0xD66, 0xD6F),
    (0xD7A, 0xD7F),
    (0xD81, 0xD83),
    (0xD85, 0xD96),
    (0xD9A, 0xDB1),
    (0xDB3, 0xDBB),
    (0xDBD, 0xDBD),
    (0xDC0, 0xDC6),
    (0xDCA, 0xDCA),
    (0xDCF, 0xDD4),
    (0xDD6, 0xDD6),
    (0xDD8, 0xDDF),
    (0xDE6, 0xDEF),
    (0xDF2, 0xDF3),
    (0xE01, 0xE3A),
    (0xE40, 0xE4E),
    (0xE50, 0xE59),
    (0xE81, 0xE82),
    (0xE84, 0xE84),
    (0xE86, 0xE8A),
    (0xE8C, 0xEA3),
    (0xEA5, 0xEA5),
    (0xEA7, 0xEBD),
    (0xEC0, 0xEC4),
    (0xEC6, 0xEC6),
    (0xEC8, 0xECE),
    (0xED0, 0xED9),
    (0xEDC, 0xEDF),
    (0xF00, 0xF00),
    (0xF18, 0xF19),
    (0xF20, 0xF29),
    (0xF35, 0xF35),
    (0xF37, 0xF37),
    (0xF39, 0xF39),
    (0xF3E, 0xF47),
    (0xF49, 0xF6C),
    (0xF71, 0xF84),
    (0xF86, 0xF97),
    (0xF99, 0xFBC),
    (0xFC6, 0xFC6),
    (0x1000, 0x1049),
    (0x1050, 0x109D),
    (0x10A0, 0x10C5),
    (0x10C7, 0x10C7),
    (0x10CD, 0x10CD),
    (0x10D0, 0x10FA),
    (0x10FC, 0x1248),
    (0x124A, 0x124D),
    (0x1250, 0x1256),
    (0x1258, 0x1258),
    (0x125A, 0x125D),
    (0x1260, 0x1288),
    (0x128A, 0x128D),
    (0x1290, 0x12B0),
    (0x12B2, 0x12B5),
    (0x12B8, 0x12BE),
    (0x12C0, 0x12C0),
    (0x12C2, 0x12C5),
    (0x12C8, 0x12D6),
    (0x12D8, 0x1310),
    (0x1312, 0x1315),
    (0x1318, 0x135A),
    (0x135D, 0x135F),
    (0x1369, 0x1371),
    (0x1380, 0x138F),
    (0x13A0, 0x13F5),
    (0x13F8, 0x13FD),
    (0x1401, 0x166C),
    (0x166F, 0x167F),
    (0x1681, 0x169A),
    (0x16A0, 0x16EA),
    (0x16EE, 0x16F8),
    (0x1700, 0x1715),
    (0x171F, 0x1734),
    (0x1740, 0x1753),
    (0x1760, 0x176C),
    (0x176E, 0x1770),
    (0x1772, 0x1773),
    (0x1780, 0x17D3),
    (0x17D7, 0x17D7),
    (0x17DC, 0x17DD),
    (0x17E0, 0x17E9),
    (0x180B, 0x180D),
    (0x180F, 0x1819),
    (0x1820, 0x1878),
    (0x1880, 0x18AA),
    (0x18B0, 0x18F5),
    (0x1900, 0x191E),
    (0x1920, 0x192B),
    (0x1930, 0x193B),
    (0x1946, 0x196D),
    (0x1970, 0x1974),
    (0x1980, 0x19AB),
    (0x19B0, 0x19C9),
    (0x19D0, 0x19DA),
    (0x1A00, 0x1A1B),
    (0x1A20, 0x1A5E),
    (0x1A60, 0x1A7C),
    (0x1A7F, 0x1A89),
    (0x1A90, 0x1A99),
    (0x1AA7, 0x1AA7),
    (0x1AB0, 0x1ABD),
    (0x1ABF, 0x1ACE),
    (0x1B00, 0x1B4C),
    (0x1B50, 0x1B59),
    (0x1B6B, 0x1B73),
    (0x1B80, 0x1BF3),
    (0x1C00, 0x1C37),
    (0x1C40, 0x1C49),
    (0x1C4D, 0x1C7D),
    (0x1C80, 0x1C8A),
    (0x1C90, 0x1CBA),
    (0x1CBD, 0x1CBF),
    (0x1CD0, 0x1CD2),
    (0x1CD4, 0x1CFA),
    (0x1D00, 0x1F15),
    (0x1F18, 0x1F1D),
    (0x1F20, 0x1F45),
    (0x1F48, 0x1F4D),
    (0x1F50, 0x1F57),
    (0x1F59, 0x1F59),
    (0x1F5B, 0x1F5B),
    (0x1F5D, 0x1F5D),
    (0x1F5F, 0x1F7D),
    (0x1F80, 0x1FB4),
    (0x1FB6, 0x1FBC),
    (0x1FBE, 0x1FBE),
    (0x1FC2, 0x1FC4),
    (0x1FC6, 0x1FCC),
    (0x1FD0, 0x1FD3),
    (0x1FD6, 0x1FDB),
    (0x1FE0, 0x1FEC),
    (0x1FF2, 0x1FF4),
    (0x1FF6, 0x1FFC),
    (0x200C, 0x200D),
    (0x203F, 0x2040),
    (0x2054, 0x2054),
    (0x2071, 0x2071),
    (0x207F, 0x207F),
    (0x2090, 0x209C),
    (0x20D0, 0x20DC),
    (0x20E1, 0x20E1),
    (0x20E5, 0x20F0),
    (0x2102, 0x2102),
    (0x2107, 0x2107),
    (0x210A, 0x2113),
    (0x2115, 0x2115),
    (0x2118, 0x211D),
    (0x2124, 0x2124),
    (0x2126, 0x2126),
    (0x2128, 0x2128),
    (0x212A, 0x2139),
    (0x213C, 0x213F),
    (0x2145, 0x2149),
    (0x214E, 0x214E),
    (0x2160, 0x2188),
    (0x2C00, 0x2CE4),
    (0x2CEB, 0x2CF3),
    (0x2D00, 0x2D25),
    (0x2D27, 0x2D27),
    (0x2D2D, 0x2D2D),
    (0x2D30, 0x2D67),
    (0x2D6F, 0x2D6F),
    (0x2D7F, 0x2D96),
    (0x2DA0, 0x2DA6),
    (0x2DA8, 0x2DAE),
    (0x2DB0, 0x2DB6),
    (0x2DB8, 0x2DBE),
    (0x2DC0, 0x2DC6),
    (0x2DC8, 0x2DCE),
    (0x2DD0, 0x2DD6),
    (0x2DD8, 0x2DDE),
    (0x2DE0, 0x2DFF),
    (0x3005, 0x3007),
    (0x3021, 0x302F),
    (0x3031, 0x3035),
    (0x3038, 0x303C),
    (0x3041, 0x3096),
    (0x3099, 0x309A),
    (0x309D, 0x309F),
    (0x30A1, 0x30FF),
    (0x3105, 0x312F),
    (0x3131, 0x318E),
    (0x31A0, 0x31BF),
    (0x31F0, 0x31FF),
    (0x3400, 0x4DBF),
    (0x4E00, 0xA48C),
    (0xA4D0, 0xA4FD),
    (0xA500, 0xA60C),
    (0xA610, 0xA62B),
    (0xA640, 0xA66F),
    (0xA674, 0xA67D),
    (0xA67F, 0xA6F1),
    (0xA717, 0xA71F),
    (0xA722, 0xA788),
    (0xA78B, 0xA7CD),
    (0xA7D0, 0xA7D1),
    (0xA7D3, 0xA7D3),
    (0xA7D5, 0xA7DC),
    (0xA7F2, 0xA827),
    (0xA82C, 0xA82C),
    (0xA840, 0xA873),
    (0xA880, 0xA8C5),
    (0xA8D0, 0xA8D9),
    (0xA8E0, 0xA8F7),
    (0xA8FB, 0xA8FB),
    (0xA8FD, 0xA92D),
    (0xA930, 0xA953),
    (0xA960, 0xA97C),
    (0xA980, 0xA9C0),
    (0xA9CF, 0xA9D9),
    (0xA9E0, 0xA9FE),
    (0xAA00, 0xAA36),
    (0xAA40, 0xAA4D),
    (0xAA50, 0xAA59),
    (0xAA60, 0xAA76),
    (0xAA7A, 0xAAC2),
    (0xAADB, 0xAADD),
    (0xAAE0, 0xAAEF),
    (0xAAF2, 0xAAF6),
    (0xAB01, 0xAB06),
    (0xAB09, 0xAB0E),
    (0xAB11, 0xAB16),
    (0xAB20, 0xAB26),
    (0xAB28, 0xAB2E),
    (0xAB30, 0xAB5A),
    (0xAB5C, 0xAB69),
    (0xAB70, 0xABEA),
    (0xABEC, 0xABED),
    (0xABF0, 0xABF9),
    (0xAC00, 0xD7A3),
    (0xD7B0, 0xD7C6),
    (0xD7CB, 0xD7FB),
    (0xF900, 0xFA6D),
    (0xFA70, 0xFAD9),
    (0xFB00, 0xFB06),
    (0xFB13, 0xFB17),
    (0xFB1D, 0xFB28),
    (0xFB2A, 0xFB36),
    (0xFB38, 0xFB3C),
    (0xFB3E, 0xFB3E),
    (0xFB40, 0xFB41),
    (0xFB43, 0xFB44),
    (0xFB46, 0xFBB1),
    (0xFBD3, 0xFC5D),
    (0xFC64, 0xFD3D),
    (0xFD50, 0xFD8F),
    (0xFD92, 0xFDC7),
    (0xFDF0, 0xFDF9),
    (0xFE00, 0xFE0F),
    (0xFE20, 0xFE2F),
    (0xFE33, 0xFE34),
    (0xFE4D, 0xFE4F),
    (0xFE71, 0xFE71),
    (0xFE73, 0xFE73),
    (0xFE77, 0xFE77),
    (0xFE79, 0xFE79),
    (0xFE7B, 0xFE7B),
    (0xFE7D, 0xFE7D),
    (0xFE7F, 0xFEFC),
    (0xFF10, 0xFF19),
    (0xFF21, 0xFF3A),
    (0xFF3F, 0xFF3F),
    (0xFF41, 0xFF5A),
    (0xFF65, 0xFFBE),
    (0xFFC2, 0xFFC7),
    (0xFFCA, 0xFFCF),
    (0xFFD2, 0xFFD7),
    (0xFFDA, 0xFFDC),
    (0x10000, 0x1000B),
    (0x1000D, 0x10026),
    (0x10028, 0x1003A),
    (0x1003C, 0x1003D),
    (0x1003F, 0x1004D),
    (0x10050, 0x1005D),
    (0x10080, 0x100FA),
    (0x10140, 0x10174),
    (0x101FD, 0x101FD),
    (0x10280, 0x1029C),
    (0x102A0, 0x102D0),
    (0x102E0, 0x102E0),
    (0x10300, 0x1031F),
    (0x1032D, 0x1034A),
    (0x10350, 0x1037A),
    (0x10380, 0x1039D),
    (0x103A0, 0x103C3),
    (0x103C8, 0x103CF),
    (0x103D1, 0x103D5),
    (0x10400, 0x1049D),
    (0x104A0, 0x104A9),
    (0x104B0, 0x104D3),
    (0x104D8, 0x104FB),
    (0x10500, 0x10527),
    (0x10530, 0x10563),
    (0x10570, 0x1057A),
    (0x1057C, 0x1058A),
    (0x1058C, 0x10592),
    (0x10594, 0x10595),
    (0x10597, 0x105A1),
    (0x105A3, 0x105B1),
    (0x105B3, 0x105B9),
    (0x105BB, 0x105BC),
    (0x105C0, 0x105F3),
    (0x10600, 0x10736),
    (0x10740, 0x10755),
    (0x10760, 0x10767),
    (0x10780, 0x10785),
    (0x10787, 0x107B0),
    (0x107B2, 0x107BA),
    (0x10800, 0x10805),
    (0x10808, 0x10808),
    (0x1080A, 0x10835),
    (0x10837, 0x10838),
    (0x1083C, 0x1083C),
    (0x1083F, 0x10855),
    (0x10860, 0x10876),
    (0x10880, 0x1089E),
    (0x108E0, 0x108F2),
    (0x108F4, 0x108F5),
    (0x10900, 0x10915),
    (0x10920, 0x10939),
    (0x10980, 0x109B7),
    (0x109BE, 0x109BF),
    (0x10A00, 0x10A03),
    (0x10A05, 0x10A06),
    (0x10A0C, 0x10A13),
    (0x10A15, 0x10A17),
    (0x10A19, 0x10A35),
    (0x10A38, 0x10A3A),
    (0x10A3F, 0x10A3F),
    (0x10A60, 0x10A7C),
    (0x10A80, 0x10A9C),
    (0x10AC0, 0x10AC7),
    (0x10AC9, 0x10AE6),
    (0x10B00, 0x10B35),
    (0x10B40, 0x10B55),
    (0x10B60, 0x10B72),
    (0x10B80, 0x10B91),
    (0x10C00, 0x10C48),
    (0x10C80, 0x10CB2),
    (0x10CC0, 0x10CF2),
    (0x10D00, 0x10D27),
    (0x10D30, 0x10D39),
    (0x10D40, 0x10D65),
    (0x10D69, 0x10D6D),
    (0x10D6F, 0x10D85),
    (0x10E80, 0x10EA9),
    (0x10EAB, 0x10EAC),
    (0x10EB0, 0x10EB1),
    (0x10EC2, 0x10EC4),
    (0x10EFC, 0x10F1C),
    (0x10F27, 0x10F27),
    (0x10F30, 0x10F50),
    (0x10F70, 0x10F85),
    (0x10FB0, 0x10FC4),
    (0x10FE0, 0x10FF6),
    (0x11000, 0x11046),
    (0x11066, 0x11075),
    (0x1107F, 0x110BA),
    (0x110C2, 0x110C2),
    (0x110D0, 0x110E8),
    (0x110F0, 0x110F9),
    (0x11100, 0x11134),
    (0x11136, 0x1113F),
    (0x11144, 0x11147),
    (0x11150, 0x11173),
    (0x11176, 0x11176),
    (0x11180, 0x111C4),
    (0x111C9, 0x111CC),
    (0x111CE, 0x111DA),
    (0x111DC, 0x111DC),
    (0x11200, 0x11211),
    (0x11213, 0x11237),
    (0x1123E, 0x11241),
    (0x11280, 0x11286),
    (0x11288, 0x11288),
    (0x1128A, 0x1128D),
    (0x1128F, 0x1129D),
    (0x1129F, 0x112A8),
    (0x112B0, 0x112EA),
    (0x112F0, 0x112F9),
    (0x11300, 0x11303),
    (0x11305, 0x1130C),
    (0x1130F, 0x11310),
    (0x11313, 0x11328),
    (0x1132A, 0x11330),
    (0x11332, 0x11333),
    (0x11335, 0x11339),
    (0x1133B, 0x11344),
    (0x11347, 0x11348),
    (0x1134B, 0x1134D),
    (0x11350, 0x11350),
    (0x11357, 0x11357),
    (0x1135D, 0x11363),
    (0x11366, 0x1136C),
    (0x11370, 0x11374),
    (0x11380, 0x11389),
    (0x1138B, 0x1138B),
    (0x1138E, 0x1138E),
    (0x11390, 0x113B5),
    (0x113B7, 0x113C0),
    (0x113C2, 0x113C2),
    (0x113C5, 0x113C5),
    (0x113C7, 0x113CA),
    (0x113CC, 0x113D3),
    (0x113E1, 0x113E2),
    (0x11400, 0x1144A),
    (0x11450, 0x11459),
    (0x1145E, 0x11461),
    (0x11480, 0x114C5),
    (0x114C7, 0x114C7),
    (0x114D0, 0x114D9),
    (0x11580, 0x115B5),
    (0x115B8, 0x115C0),
    (0x115D8, 0x115DD),
    (0x11600, 0x11640),
    (0x11644, 0x11644),
    (0x11650, 0x11659),
    (0x11680, 0x116B8),
    (0x116C0, 0x116C9),
    (0x116D0, 0x116E3),
    (0x11700, 0x1171A),
    (0x1171D, 0x1172B),
    (0x11730, 0x11739),
    (0x11740, 0x11746),
    (0x11800, 0x1183A),
    (0x118A0, 0x118E9),
    (0x118FF, 0x11906),
    (0x11909, 0x11909),
    (0x1190C, 0x11913),
    (0x11915, 0x11916),
    (0x11918, 0x11935),
    (0x11937, 0x11938),
    (0x1193B, 0x11943),
    (0x11950, 0x11959),
    (0x119A0, 0x119A7),
    (0x119AA, 0x119D7),
    (0x119DA, 0x119E1),
    (0x119E3, 0x119E4),
    (0x11A00, 0x11A3E),
    (0x11A47, 0x11A47),
    (0x11A50, 0x11A99),
    (0x11A9D, 0x11A9D),
    (0x11AB0, 0x11AF8),
    (0x11BC0, 0x11BE0),
    (0x11BF0, 0x11BF9),
    (0x11C00, 0x11C08),
    (0x11C0A, 0x11C36),
    (0x11C38, 0x11C40),
    (0x11C50, 0x11C59),
    (0x11C72, 0x11C8F),
    (0x11C92, 0x11CA7),
    (0x11CA9, 0x11CB6),
    (0x11D00, 0x11D06),
    (0x11D08, 0x11D09),
    (0x11D0B, 0x11D36),
    (0x11D3A, 0x11D3A),
    (0x11D3C, 0x11D3D),
    (0x11D3F, 0x11D47),
    (0x11D50, 0x11D59),
    (0x11D60, 0x11D65),
    (0x11D67, 0x11D68),
    (0x11D6A, 0x11D8E),
    (0x11D90, 0x11D91),
    (0x11D93, 0x11D98),
    (0x11DA0, 0x11DA9),
    (0x11EE0, 0x11EF6),
    (0x11F00, 0x11F10),
    (0x11F12, 0x11F3A),
    (0x11F3E, 0x11F42),
    (0x11F50, 0x11F5A),
    (0x11FB0, 0x11FB0),
    (0x12000, 0x12399),
    (0x12400, 0x1246E),
    (0x12480, 0x12543),
    (0x12F90, 0x12FF0),
    (0x13000, 0x1342F),
    (0x13440, 0x13455),
    (0x13460, 0x143FA),
    (0x14400, 0x14646),
    (0x16100, 0x16139),
    (0x16800, 0x16A38),
    (0x16A40, 0x16A5E),
    (0x16A60, 0x16A69),
    (0x16A70, 0x16ABE),
    (0x16AC0, 0x16AC9),
    (0x16AD0, 0x16AED),
    (0x16AF0, 0x16AF4),
    (0x16B00, 0x16B36),
    (0x16B40, 0x16B43),
    (0x16B50, 0x16B59),
    (0x16B63, 0x16B77),
    (0x16B7D, 0x16B8F),
    (0x16D40, 0x16D6C),
    (0x16D70, 0x16D79),
    (0x16E40, 0x16E7F),
    (0x16F00, 0x16F4A),
    (0x16F4F, 0x16F87),
    (0x16F8F, 0x16F9F),
    (0x16FE0, 0x16FE1),
    (0x16FE3, 0x16FE4),
    (0x16FF0, 0x16FF1),
    (0x17000, 0x187F7),
    (0x18800, 0x18CD5),
    (0x18CFF, 0x18D08),
    (0x1AFF0, 0x1AFF3),
    (0x1AFF5, 0x1AFFB),
    (0x1AFFD, 0x1AFFE),
    (0x1B000, 0x1B122),
    (0x1B132, 0x1B132),
    (0x1B150, 0x1B152),
    (0x1B155, 0x1B155),
    (0x1B164, 0x1B167),
    (0x1B170, 0x1B2FB),
    (0x1BC00, 0x1BC6A),
    (0x1BC70, 0x1BC7C),
    (0x1BC80, 0x1BC88),
    (0x1BC90, 0x1BC99),
    (0x1BC9D, 0x1BC9E),
    (0x1CCF0, 0x1CCF9),
    (0x1CF00, 0x1CF2D),
    (0x1CF30, 0x1CF46),
    (0x1D165, 0x1D169),
    (0x1D16D, 0x1D172),
    (0x1D17B, 0x1D182),
    (0x1D185, 0x1D18B),
    (0x1D1AA, 0x1D1AD),
    (0x1D242, 0x1D244),
    (0x1D400, 0x1D454),
    (0x1D456, 0x1D49C),
    (0x1D49E, 0x1D49F),
    (0x1D4A2, 0x1D4A2),
    (0x1D4A5, 0x1D4A6),
    (0x1D4A9, 0x1D4AC),
    (0x1D4AE, 0x1D4B9),
    (0x1D4BB, 0x1D4BB),
    (0x1D4BD, 0x1D4C3),
    (0x1D4C5, 0x1D505),
    (0x1D507, 0x1D50A),
    (0x1D50D, 0x1D514),
    (0x1D516, 0x1D51C),
    (0x1D51E, 0x1D539),
    (0x1D53B, 0x1D53E),
    (0x1D540, 0x1D544),
    (0x1D546, 0x1D546),
    (0x1D54A, 0x1D550),
    (0x1D552, 0x1D6A5),
    (0x1D6A8, 0x1D6C0),
    (0x1D6C2, 0x1D6DA),
    (0x1D6DC, 0x1D6FA),
    (0x1D6FC, 0x1D714),
    (0x1D716, 0x1D734),
    (0x1D736, 0x1D74E),
    (0x1D750, 0x1D76E),
    (0x1D770, 0x1D788),
    (0x1D78A, 0x1D7A8),
    (0x1D7AA, 0x1D7C2),
    (0x1D7C4, 0x1D7CB),
    (0x1D7CE, 0x1D7FF),
    (0x1DA00, 0x1DA36),
    (0x1DA3B, 0x1DA6C),
    (0x1DA75, 0x1DA75),
    (0x1DA84, 0x1DA84),
    (0x1DA9B, 0x1DA9F),
    (0x1DAA1, 0x1DAAF),
    (0x1DF00, 0x1DF1E),
    (0x1DF25, 0x1DF2A),
    (0x1E000, 0x1E006),
    (0x1E008, 0x1E018),
    (0x1E01B, 0x1E021),
    (0x1E023, 0x1E024),
    (0x1E026, 0x1E02A),
    (0x1E030, 0x1E06D),
    (0x1E08F, 0x1E08F),
    (0x1E100, 0x1E12C),
    (0x1E130, 0x1E13D),
    (0x1E140, 0x1E149),
    (0x1E14E, 0x1E14E),
    (0x1E290, 0x1E2AE),
    (0x1E2C0, 0x1E2F9),
    (0x1E4D0, 0x1E4F9),
    (0x1E5D0, 0x1E5FA),
    (0x1E7E0, 0x1E7E6),
    (0x1E7E8, 0x1E7EB),
    (0x1E7ED, 0x1E7EE),
    (0x1E7F0, 0x1E7FE),
    (0x1E800, 0x1E8C4),
    (0x1E8D0, 0x1E8D6),
    (0x1E900, 0x1E94B),
    (0x1E950, 0x1E959),
    (0x1EE00, 0x1EE03),
    (0x1EE05, 0x1EE1F),
    (0x1EE21, 0x1EE22),
    (0x1EE24, 0x1EE24),
    (0x1EE27, 0x1EE27),
    (0x1EE29, 0x1EE32),
    (0x1EE34, 0x1EE37),
    (0x1EE39, 0x1EE39),
    (0x1EE3B, 0x1EE3B),
    (0x1EE42, 0x1EE42),
    (0x1EE47, 0x1EE47),
    (0x1EE49, 0x1EE49),
    (0x1EE4B, 0x1EE4B),
    (0x1EE4D, 0x1EE4F),
    (0x1EE51, 0x1EE52),
    (0x1EE54, 0x1EE54),
    (0x1EE57, 0x1EE57),
    (0x1EE59, 0x1EE59),
    (0x1EE5B, 0x1EE5B),
    (0x1EE5D, 0x1EE5D),
    (0x1EE5F, 0x1EE5F),
    (0x1EE61, 0x1EE62),
    (0x1EE64, 0x1EE64),
    (0x1EE67, 0x1EE6A),
    (0x1EE6C, 0x1EE72),
    (0x1EE74, 0x1EE77),
    (0x1EE79, 0x1EE7C),
    (0x1EE7E, 0x1EE7E),
    (0x1EE80, 0x1EE89),
    (0x1EE8B, 0x1EE9B),
    (0x1EEA1, 0x1EEA3),
    (0x1EEA5, 0x1EEA9),
    (0x1EEAB, 0x1EEBB),
    (0x1FBF0, 0x1FBF9),
    (0x20000, 0x2A6DF),
    (0x2A700, 0x2B739),
    (0x2B740, 0x2B81D),
    (0x2B820, 0x2CEA1),
    (0x2CEB0, 0x2EBE0),
    (0x2EBF0, 0x2EE5D),
    (0x2F800, 0x2FA1D),
    (0x30000, 0x3134A),
    (0x31350, 0x323AF),
    (0xE0100, 0xE01EF),
];

pub(crate) const CASED: &[(u32, u32)] = &[
    (0x41, 0x5A),
    (0x61, 0x7A),
    (0xAA, 0xAA),
    (0xB5, 0xB5),
    (0xBA, 0xBA),
    (0xC0, 0xD6),
    (0xD8, 0xF6),
    (0xF8, 0x1BA),
    (0x1BC, 0x1BF),
    (0x1C4, 0x293),
    (0x295, 0x2B8),
    (0x2C0, 0x2C1),
    (0x2E0, 0x2E4),
    (0x345, 0x345),
    (0x370, 0x373),
    (0x376, 0x377),
    (0x37A, 0x37D),
    (0x37F, 0x37F),
    (0x386, 0x386),
    (0x388, 0x38A),
    (0x38C, 0x38C),
    (0x38E, 0x3A1),
    (0x3A3, 0x3F5),
    (0x3F7, 0x481),
    (0x48A, 0x52F),
    (0x531, 0x556),
    (0x560, 0x588),
    (0x10A0, 0x10C5),
    (0x10C7, 0x10C7),
    (0x10CD, 0x10CD),
    (0x10D0, 0x10FA),
    (0x10FC, 0x10FF),
    (0x13A0, 0x13F5),
    (0x13F8, 0x13FD),
    (0x1C80, 0x1C8A),
    (0x1C90, 0x1CBA),
    (0x1CBD, 0x1CBF),
    (0x1D00, 0x1DBF),
    (0x1E00, 0x1F15),
    (0x1F18, 0x1F1D),
    (0x1F20, 0x1F45),
    (0x1F48, 0x1F4D),
    (0x1F50, 0x1F57),
    (0x1F59, 0x1F59),
    (0x1F5B, 0x1F5B),
    (0x1F5D, 0x1F5D),
    (0x1F5F, 0x1F7D),
    (0x1F80, 0x1FB4),
    (0x1FB6, 0x1FBC),
    (0x1FBE, 0x1FBE),
    (0x1FC2, 0x1FC4),
    (0x1FC6, 0x1FCC),
    (0x1FD0, 0x1FD3),
    (0x1FD6, 0x1FDB),
    (0x1FE0, 0x1FEC),
    (0x1FF2, 0x1FF4),
    (0x1FF6, 0x1FFC),
    (0x2071, 0x2071),
    (0x207F, 0x207F),
    (0x2090, 0x209C),
    (0x2102, 0x2102),
    (0x2107, 0x2107),
    (0x210A, 0x2113),
    (0x2115, 0x2115),
    (0x2119, 0x211D),
    (0x2124, 0x2124),
    (0x2126, 0x2126),
    (0x2128, 0x2128),
    (0x212A, 0x212D),
    (0x212F, 0x2134),
    (0x2139, 0x2139),
    (0x213C, 0x213F),
    (0x2145, 0x2149),
    (0x214E, 0x214E),
    (0x2160, 0x217F),
    (0x2183, 0x2184),
    (0x24B6, 0x24E9),
    (0x2C00, 0x2CE4),
    (0x2CEB, 0x2CEE),
    (0x2CF2, 0x2CF3),
    (0x2D00, 0x2D25),
    (0x2D27, 0x2D27),
    (0x2D2D, 0x2D2D),
    (0xA640, 0xA66D),
    (0xA680, 0xA69D),
    (0xA722, 0xA787),
    (0xA78B, 0xA78E),
    (0xA790, 0xA7CD),
    (0xA7D0, 0xA7D1),
    (0xA7D3, 0xA7D3),
    (0xA7D5, 0xA7DC),
    (0xA7F2, 0xA7F6),
    (0xA7F8, 0xA7FA),
    (0xAB30, 0xAB5A),
    (0xAB5C, 0xAB69),
    (0xAB70, 0xABBF),
    (0xFB00, 0xFB06),
    (0xFB13, 0xFB17),
    (0xFF21, 0xFF3A),
    (0xFF41, 0xFF5A),
    (0x10400, 0x1044F),
    (0x104B0, 0x104D3),
    (0x104D8, 0x104FB),
    (0x10570, 0x1057A),
    (0x1057C, 0x1058A),
    (0x1058C, 0x10592),
    (0x10594, 0x10595),
    (0x10597, 0x105A1),
    (0x105A3, 0x105B1),
    (0x105B3, 0x105B9),
    (0x105BB, 0x105BC),
    (0x10780, 0x10780),
    (0x10783, 0x10785),
    (0x10787, 0x107B0),
    (0x107B2, 0x107BA),
    (0x10C80, 0x10CB2),
    (0x10CC0, 0x10CF2),
    (0x10D50, 0x10D65),
    (0x10D70, 0x10D85),
    (0x118A0, 0x118DF),
    (0x16E40, 0x16E7F),
    (0x1D400, 0x1D454),
    (0x1D456, 0x1D49C),
    (0x1D49E, 0x1D49F),
    (0x1D4A2, 0x1D4A2),
    (0x1D4A5, 0x1D4A6),
    (0x1D4A9, 0x1D4AC),
    (0x1D4AE, 0x1D4B9),
    (0x1D4BB, 0x1D4BB),
    (0x1D4BD, 0x1D4C3),
    (0x1D4C5, 0x1D505),
    (0x1D507, 0x1D50A),
    (0x1D50D, 0x1D514),
    (0x1D516, 0x1D51C),
    (0x1D51E, 0x1D539),
    (0x1D53B, 0x1D53E),
    (0x1D540, 0x1D544),
    (0x1D546, 0x1D546),
    (0x1D54A, 0x1D550),
    (0x1D552, 0x1D6A5),
    (0x1D6A8, 0x1D6C0),
    (0x1D6C2, 0x1D6DA),
    (0x1D6DC, 0x1D6FA),
    (0x1D6FC, 0x1D714),
    (0x1D716, 0x1D734),
    (0x1D736, 0x1D74E),
    (0x1D750, 0x1D76E),
    (0x1D770, 0x1D788),
    (0x1D78A, 0x1D7A8),
    (0x1D7AA, 0x1D7C2),
    (0x1D7C4, 0x1D7CB),
    (0x1DF00, 0x1DF09),
    (0x1DF0B, 0x1DF1E),
    (0x1DF25, 0x1DF2A),
    (0x1E030, 0x1E06D),
    (0x1E900, 0x1E943),
    (0x1F130, 0x1F149),
    (0x1F150, 0x1F169),
    (0x1F170, 0x1F189),
];

pub(crate) const CASE_IGNORABLE: &[(u32, u32)] = &[
    (0x27, 0x27),
    (0x2E, 0x2E),
    (0x3A, 0x3A),
    (0x5E, 0x5E),
    (0x60, 0x60),
    (0xA8, 0xA8),
    (0xAD, 0xAD),
    (0xAF, 0xAF),
    (0xB4, 0xB4),
    (0xB7, 0xB8),
    (0x2B0, 0x36F),
    (0x374, 0x375),
    (0x37A, 0x37A),
    (0x384, 0x385),
    (0x387, 0x387),
    (0x483, 0x489),
    (0x559, 0x559),
    (0x55F, 0x55F),
    (0x591, 0x5BD),
    (0x5BF, 0x5BF),
    (0x5C1, 0x5C2),
    (0x5C4, 0x5C5),
    (0x5C7, 0x5C7),
    (0x5F4, 0x5F4),
    (0x600, 0x605),
    (0x610, 0x61A),
    (0x61C, 0x61C),
    (0x640, 0x640),
    (0x64B, 0x65F),
    (0x670, 0x670),
    (0x6D6, 0x6DD),
    (0x6DF, 0x6E8),
    (0x6EA, 0x6ED),
    (0x70F, 0x70F),
    (0x711, 0x711),
    (0x730, 0x74A),
    (0x7A6, 0x7B0),
    (0x7EB, 0x7F5),
    (0x7FA, 0x7FA),
    (0x7FD, 0x7FD),
    (0x816, 0x82D),
    (0x859, 0x85B),
    (0x888, 0x888),
    (0x890, 0x891),
    (0x897, 0x89F),
    (0x8C9, 0x902),
    (0x93A, 0x93A),
    (0x93C, 0x93C),
    (0x941, 0x948),
    (0x94D, 0x94D),
    (0x951, 0x957),
    (0x962, 0x963),
    (0x971, 0x971),
    (0x981, 0x981),
    (0x9BC, 0x9BC),
    (0x9C1, 0x9C4),
    (0x9CD, 0x9CD),
    (0x9E2, 0x9E3),
    (0x9FE, 0x9FE),
    (0xA01, 0xA02),
    (0xA3C, 0xA3C),
    (0xA41, 0xA42),
    (0xA47, 0xA48),
    (0xA4B, 0xA4D),
    (0xA51, 0xA51),
    (0xA70, 0xA71),
    (0xA75, 0xA75),
    (0xA81, 0xA82),
    (0xABC, 0xABC),
    (0xAC1, 0xAC5),
    (0xAC7, 0xAC8),
    (0xACD, 0xACD),
    (0xAE2, 0xAE3),
    (0xAFA, 0xAFF),
    (0xB01, 0xB01),
    (0xB3C, 0xB3C),
    (0xB3F, 0xB3F),
    (0xB41, 0xB44),
    (0xB4D, 0xB4D),
    (0xB55, 0xB56),
    (0xB62, 0xB63),
    (0xB82, 0xB82),
    (0xBC0, 0xBC0),
    (0xBCD, 0xBCD),
    (0xC00, 0xC00),
    (0xC04, 0xC04),
    (0xC3C, 0xC3C),
    (0xC3E, 0xC40),
    (0xC46, 0xC48),
    (0xC4A, 0xC4D),
    (0xC55, 0xC56),
    (0xC62, 0xC63),
    (0xC81, 0xC81),
    (0xCBC, 0xCBC),
    (0xCBF, 0xCBF),
    (0xCC6, 0xCC6),
    (0xCCC, 0xCCD),
    (0xCE2, 0xCE3),
    (0xD00, 0xD01),
    (0xD3B, 0xD3C),
    (0xD41, 0xD44),
    (0xD4D, 0xD4D),
    (0xD62, 0xD63),
    (0xD81, 0xD81),
    (0xDCA, 0xDCA),
    (0xDD2, 0xDD4),
    (0xDD6, 0xDD6),
    (0xE31, 0xE31),
    (0xE34, 0xE3A),
    (0xE46, 0xE4E),
    (0xEB1, 0xEB1),
    (0xEB4, 0xEBC),
    (0xEC6, 0xEC6),
    (0xEC8, 0xECE),
    (0xF18, 0xF19),
    (0xF35, 0xF35),
    (0xF37, 0xF37),
    (0xF39, 0xF39),
    (0xF71, 0xF7E),
    (0xF80, 0xF84),
    (0xF86, 0xF87),
    (0xF8D, 0xF97),
    (0xF99, 0xFBC),
    (0xFC6, 0xFC6),
    (0x102D, 0x1030),
    (0x1032, 0x1037),
    (0x1039, 0x103A),
    (0x103D, 0x103E),
    (0x1058, 0x1059),
    (0x105E, 0x1060),
    (0x1071, 0x1074),
    (0x1082, 0x1082),
    (0x1085, 0x1086),
    (0x108D, 0x108D),
    (0x109D, 0x109D),
    (0x10FC, 0x10FC),
    (0x135D, 0x135F),
    (0x1712, 0x1714),
    (0x1732, 0x1733),
    (0x1752, 0x1753),
    (0x1772, 0x1773),
    (0x17B4, 0x17B5),
    (0x17B7, 0x17BD),
    (0x17C6, 0x17C6),
    (0x17C9, 0x17D3),
    (0x17D7, 0x17D7),
    (0x17DD, 0x17DD),
    (0x180B, 0x180F),
    (0x1843, 0x1843),
    (0x1885, 0x1886),
    (0x18A9, 0x18A9),
    (0x1920, 0x1922),
    (0x1927, 0x1928),
    (0x1932, 0x1932),
    (0x1939, 0x193B),
    (0x1A17, 0x1A18),
    (0x1A1B, 0x1A1B),
    (0x1A56, 0x1A56),
    (0x1A58, 0x1A5E),
    (0x1A60, 0x1A60),
    (0x1A62, 0x1A62),
    (0x1A65, 0x1A6C),
    (0x1A73, 0x1A7C),
    (0x1A7F, 0x1A7F),
    (0x1AA7, 0x1AA7),
    (0x1AB0, 0x1ACE),
    (0x1B00, 0x1B03),
    (0x1B34, 0x1B34),
    (0x1B36, 0x1B3A),
    (0x1B3C, 0x1B3C),
    (0x1B42, 0x1B42),
    (0x1B6B, 0x1B73),
    (0x1B80, 0x1B81),
    (0x1BA2, 0x1BA5),
    (0x1BA8, 0x1BA9),
    (0x1BAB, 0x1BAD),
    (0x1BE6, 0x1BE6),
    (0x1BE8, 0x1BE9),
    (0x1BED, 0x1BED),
    (0x1BEF, 0x1BF1),
    (0x1C2C, 0x1C33),
    (0x1C36, 0x1C37),
    (0x1C78, 0x1C7D),
    (0x1CD0, 0x1CD2),
    (0x1CD4, 0x1CE0),
    (0x1CE2, 0x1CE8),
    (0x1CED, 0x1CED),
    (0x1CF4, 0x1CF4),
    (0x1CF8, 0x1CF9),
    (0x1D2C, 0x1D6A),
    (0x1D78, 0x1D78),
    (0x1D9B, 0x1DFF),
    (0x1FBD, 0x1FBD),
    (0x1FBF, 0x1FC1),
    (0x1FCD, 0x1FCF),
    (0x1FDD, 0x1FDF),
    (0x1FED, 0x1FEF),
    (0x1FFD, 0x1FFE),
    (0x200B, 0x200F),
    (0x2018, 0x2019),
    (0x2024, 0x2024),
    (0x2027, 0x2027),
    (0x202A, 0x202E),
    (0x2060, 0x2064),
    (0x2066, 0x206F),
    (0x2071, 0x2071),
    (0x207F, 0x207F),
    (0x2090, 0x209C),
    (0x20D0, 0x20F0),
    (0x2C7C, 0x2C7D),
    (0x2CEF, 0x2CF1),
    (0x2D6F, 0x2D6F),
    (0x2D7F, 0x2D7F),
    (0x2DE0, 0x2DFF),
    (0x2E2F, 0x2E2F),
    (0x3005, 0x3005),
    (0x302A, 0x302D),
    (0x3031, 0x3035),
    (0x303B, 0x303B),
    (0x3099, 0x309E),
    (0x30FC, 0x30FE),
    (0xA015, 0xA015),
    (0xA4F8, 0xA4FD),
    (0xA60C, 0xA60C),
    (0xA66F, 0xA672),
    (0xA674, 0xA67D),
    (0xA67F, 0xA67F),
    (0xA69C, 0xA69F),
    (0xA6F0, 0xA6F1),
    (0xA700, 0xA721),
    (0xA770, 0xA770),
    (0xA788, 0xA78A),
    (0xA7F2, 0xA7F4),
    (0xA7F8, 0xA7F9),
    (0xA802, 0xA802),
    (0xA806, 0xA806),
    (0xA80B, 0xA80B),
    (0xA825, 0xA826),
    (0xA82C, 0xA82C),
    (0xA8C4, 0xA8C5),
    (0xA8E0, 0xA8F1),
    (0xA8FF, 0xA8FF),
    (0xA926, 0xA92D),
    (0xA947, 0xA951),
    (0xA980, 0xA982),
    (0xA9B3, 0xA9B3),
    (0xA9B6, 0xA9B9),
    (0xA9BC, 0xA9BD),
    (0xA9CF, 0xA9CF),
    (0xA9E5, 0xA9E6),
    (0xAA29, 0xAA2E),
    (0xAA31, 0xAA32),
    (0xAA35, 0xAA36),
    (0xAA43, 0xAA43),
    (0xAA4C, 0xAA4C),
    (0xAA70, 0xAA70),
    (0xAA7C, 0xAA7C),
    (0xAAB0, 0xAAB0),
    (0xAAB2, 0xAAB4),
    (0xAAB7, 0xAAB8),
    (0xAABE, 0xAABF),
    (0xAAC1, 0xAAC1),
    (0xAADD, 0xAADD),
    (0xAAEC, 0xAAED),
    (0xAAF3, 0xAAF4),
    (0xAAF6, 0xAAF6),
    (0xAB5B, 0xAB5F),
    (0xAB69, 0xAB6B),
    (0xABE5, 0xABE5),
    (0xABE8, 0xABE8),
    (0xABED, 0xABED),
    (0xFB1E, 0xFB1E),
    (0xFBB2, 0xFBC2),
    (0xFE00, 0xFE0F),
    (0xFE13, 0xFE13),
    (0xFE20, 0xFE2F),
    (0xFE52, 0xFE52),
    (0xFE55, 0xFE55),
    (0xFEFF, 0xFEFF),
    (0xFF07, 0xFF07),
    (0xFF0E, 0xFF0E),
    (0xFF1A, 0xFF1A),
    (0xFF3E, 0xFF3E),
    (0xFF40, 0xFF40),
    (0xFF70, 0xFF70),
    (0xFF9E, 0xFF9F),
    (0xFFE3, 0xFFE3),
    (0xFFF9, 0xFFFB),
    (0x101FD, 0x101FD),
    (0x102E0, 0x102E0),
    (0x10376, 0x1037A),
    (0x10780, 0x10785),
    (0x10787, 0x107B0),
    (0x107B2, 0x107BA),
    (0x10A01, 0x10A03),
    (0x10A05, 0x10A06),
    (0x10A0C, 0x10A0F),
    (0x10A38, 0x10A3A),
    (0x10A3F, 0x10A3F),
    (0x10AE5, 0x10AE6),
    (0x10D24, 0x10D27),
    (0x10D4E, 0x10D4E),
    (0x10D69, 0x10D6D),
    (0x10D6F, 0x10D6F),
    (0x10EAB, 0x10EAC),
    (0x10EFC, 0x10EFF),
    (0x10F46, 0x10F50),
    (0x10F82, 0x10F85),
    (0x11001, 0x11001),
    (0x11038, 0x11046),
    (0x11070, 0x11070),
    (0x11073, 0x11074),
    (0x1107F, 0x11081),
    (0x110B3, 0x110B6),
    (0x110B9, 0x110BA),
    (0x110BD, 0x110BD),
    (0x110C2, 0x110C2),
    (0x110CD, 0x110CD),
    (0x11100, 0x11102),
    (0x11127, 0x1112B),
    (0x1112D, 0x11134),
    (0x11173, 0x11173),
    (0x11180, 0x11181),
    (0x111B6, 0x111BE),
    (0x111C9, 0x111CC),
    (0x111CF, 0x111CF),
    (0x1122F, 0x11231),
    (0x11234, 0x11234),
    (0x11236, 0x11237),
    (0x1123E, 0x1123E),
    (0x11241, 0x11241),
    (0x112DF, 0x112DF),
    (0x112E3, 0x112EA),
    (0x11300, 0x11301),
    (0x1133B, 0x1133C),
    (0x11340, 0x11340),
    (0x11366, 0x1136C),
    (0x11370, 0x11374),
    (0x113BB, 0x113C0),
    (0x113CE, 0x113CE),
    (0x113D0, 0x113D0),
    (0x113D2, 0x113D2),
    (0x113E1, 0x113E2),
    (0x11438, 0x1143F),
    (0x11442, 0x11444),
    (0x11446, 0x11446),
    (0x1145E, 0x1145E),
    (0x114B3, 0x114B8),
    (0x114BA, 0x114BA),
    (0x114BF, 0x114C0),
    (0x114C2, 0x114C3),
    (0x115B2, 0x115B5),
    (0x115BC, 0x115BD),
    (0x115BF, 0x115C0),
    (0x115DC, 0x115DD),
    (0x11633, 0x1163A),
    (0x1163D, 0x1163D),
    (0x1163F, 0x11640),
    (0x116AB, 0x116AB),
    (0x116AD, 0x116AD),
    (0x116B0, 0x116B5),
    (0x116B7, 0x116B7),
    (0x1171D, 0x1171D),
    (0x1171F, 0x1171F),
    (0x11722, 0x11725),
    (0x11727, 0x1172B),
    (0x1182F, 0x11837),
    (0x11839, 0x1183A),
    (0x1193B, 0x1193C),
    (0x1193E, 0x1193E),
    (0x11943, 0x11943),
    (0x119D4, 0x119D7),
    (0x119DA, 0x119DB),
    (0x119E0, 0x119E0),
    (0x11A01, 0x11A0A),
    (0x11A33, 0x11A38),
    (0x11A3B, 0x11A3E),
    (0x11A47, 0x11A47),
    (0x11A51, 0x11A56),
    (0x11A59, 0x11A5B),
    (0x11A8A, 0x11A96),
    (0x11A98, 0x11A99),
    (0x11C30, 0x11C36),
    (0x11C38, 0x11C3D),
    (0x11C3F, 0x11C3F),
    (0x11C92, 0x11CA7),
    (0x11CAA, 0x11CB0),
    (0x11CB2, 0x11CB3),
    (0x11CB5, 0x11CB6),
    (0x11D31, 0x11D36),
    (0x11D3A, 0x11D3A),
    (0x11D3C, 0x11D3D),
    (0x11D3F, 0x11D45),
    (0x11D47, 0x11D47),
    (0x11D90, 0x11D91),
    (0x11D95, 0x11D95),
    (0x11D97, 0x11D97),
    (0x11EF3, 0x11EF4),
    (0x11F00, 0x11F01),
    (0x11F36, 0x11F3A),
    (0x11F40, 0x11F40),
    (0x11F42, 0x11F42),
    (0x11F5A, 0x11F5A),
    (0x13430, 0x13440),
    (0x13447, 0x13455),
    (0x1611E, 0x16129),
    (0x1612D, 0x1612F),
    (0x16AF0, 0x16AF4),
    (0x16B30, 0x16B36),
    (0x16B40, 0x16B43),
    (0x16D40, 0x16D42),
    (0x16D6B, 0x16D6C),
    (0x16F4F, 0x16F4F),
    (0x16F8F, 0x16F9F),
    (0x16FE0, 0x16FE1),
    (0x16FE3, 0x16FE4),
    (0x1AFF0, 0x1AFF3),
    (0x1AFF5, 0x1AFFB),
    (0x1AFFD, 0x1AFFE),
    (0x1BC9D, 0x1BC9E),
    (0x1BCA0, 0x1BCA3),
    (0x1CF00, 0x1CF2D),
    (0x1CF30, 0x1CF46),
    (0x1D167, 0x1D169),
    (0x1D173, 0x1D182),
    (0x1D185, 0x1D18B),
    (0x1D1AA, 0x1D1AD),
    (0x1D242, 0x1D244),
    (0x1DA00, 0x1DA36),
    (0x1DA3B, 0x1DA6C),
    (0x1DA75, 0x1DA75),
    (0x1DA84, 0x1DA84),
    (0x1DA9B, 0x1DA9F),
    (0x1DAA1, 0x1DAAF),
    (0x1E000, 0x1E006),
    (0x1E008, 0x1E018),
    (0x1E01B, 0x1E021),
    (0x1E023, 0x1E024),
    (0x1E026, 0x1E02A),
    (0x1E030, 0x1E06D),
    (0x1E08F, 0x1E08F),
    (0x1E130, 0x1E13D),
    (0x1E2AE, 0x1E2AE),
    (0x1E2EC, 0x1E2EF),
    (0x1E4EB, 0x1E4EF),
    (0x1E5EE, 0x1E5EF),
    (0x1E8D0, 0x1E8D6),
    (0x1E944, 0x1E94B),
    (0x1F3FB, 0x1F3FF),
    (0xE0001, 0xE0001),
    (0xE0020, 0xE007F),
    (0xE0100, 0xE01EF),
];

pub(crate) const DEFAULT_IGNORABLE: &[(u32, u32)] = &[
    (0xAD, 0xAD),
    (0x34F, 0x34F),
    (0x61C, 0x61C),
    (0x115F, 0x1160),
    (0x17B4, 0x17B5),
    (0x180B, 0x180F),
    (0x200B, 0x200F),
    (0x202A, 0x202E),
    (0x2060, 0x206F),
    (0x3164, 0x3164),
    (0xFE00, 0xFE0F),
    (0xFEFF, 0xFEFF),
    (0xFFA0, 0xFFA0),
    (0xFFF0, 0xFFF8),
    (0x1BCA0, 0x1BCA3),
    (0x1D173, 0x1D17A),
    (0xE0000, 0xE0FFF),
];

pub(crate) const WHITE_SPACE: &[(u32, u32)] = &[
    (0x9, 0xD),
    (0x20, 0x20),
    (0x85, 0x85),
    (0xA0, 0xA0),
    (0x1680, 0x1680),
    (0x2000, 0x200A),
    (0x2028, 0x2029),
    (0x202F, 0x202F),
    (0x205F, 0x205F),
    (0x3000, 0x3000),
];

pub(crate) const JOIN_CONTROL: &[(u32, u32)] = &[
    (0x200C, 0x200D),
];

pub(crate) const VARIATION_SELECTOR: &[(u32, u32)] = &[
    (0x180B, 0x180D),
    (0x180F, 0x180F),
    (0xFE00, 0xFE0F),
    (0xE0100, 0xE01EF),
];

pub(crate) const BIDI_CONTROL: &[(u32, u32)] = &[
    (0x61C, 0x61C),
    (0x200E, 0x200F),
    (0x202A, 0x202E),
    (0x2066, 0x2069),
];

pub(crate) const IDENTIFIER_ALLOWED: &[(u32, u32)] = &[
    (0x27, 0x27),
    (0x2D, 0x2E),
    (0x30, 0x3A),
    (0x41, 0x5A),
    (0x5F, 0x5F),
    (0x61, 0x7A),
    (0xB7, 0xB7),
    (0xC0, 0xD6),
    (0xD8, 0xF6),
    (0xF8, 0x131),
    (0x134, 0x13E),
    (0x141, 0x148),
    (0x14A, 0x17E),
    (0x18F, 0x18F),
    (0x1A0, 0x1A1),
    (0x1AF, 0x1B0),
    (0x1CD, 0x1DC),
    (0x1DE, 0x1E3),
    (0x1E6, 0x1F0),
    (0x1F4, 0x1F5),
    (0x1F8, 0x21B),
    (0x21E, 0x21F),
    (0x226, 0x233),
    (0x259, 0x259),
    (0x2BB, 0x2BC),
    (0x2EC, 0x2EC),
    (0x300, 0x304),
    (0x306, 0x30C),
    (0x30F, 0x311),
    (0x313, 0x314),
    (0x31B, 0x31B),
    (0x323, 0x328),
    (0x32D, 0x32E),
    (0x330, 0x331),
    (0x335, 0x335),
    (0x338, 0x339),
    (0x342, 0x342),
    (0x345, 0x345),
    (0x375, 0x375),
    (0x37B, 0x37D),
    (0x386, 0x386),
    (0x388, 0x38A),
    (0x38C, 0x38C),
    (0x38E, 0x3A1),
    (0x3A3, 0x3CE),
    (0x3FC, 0x45F),
    (0x48A, 0x4FF),
    (0x510, 0x529),
    (0x52E, 0x52F),
    (0x531, 0x556),
    (0x559, 0x559),
    (0x561, 0x586),
    (0x58A, 0x58A),
    (0x5B4, 0x5B4),
    (0x5D0, 0x5EA),
    (0x5EF, 0x5F4),
    (0x620, 0x63F),
    (0x641, 0x655),
    (0x660, 0x669),
    (0x670, 0x672),
    (0x674, 0x674),
    (0x679, 0x68D),
    (0x68F, 0x6A0),
    (0x6A2, 0x6D3),
    (0x6D5, 0x6D5),
    (0x6E5, 0x6E6),
    (0x6EE, 0x6FF),
    (0x750, 0x7B1),
    (0x870, 0x887),
    (0x889, 0x88E),
    (0x8A0, 0x8AC),
    (0x8B2, 0x8B2),
    (0x8B5, 0x8C9),
    (0x901, 0x94D),
    (0x94F, 0x950),
    (0x956, 0x957),
    (0x960, 0x963),
    (0x966, 0x96F),
    (0x971, 0x977),
    (0x979, 0x97F),
    (0x981, 0x983),
    (0x985, 0x98C),
    (0x98F, 0x990),
    (0x993, 0x9A8),
    (0x9AA, 0x9B0),
    (0x9B2, 0x9B2),
    (0x9B6, 0x9B9),
    (0x9BC, 0x9C4),
    (0x9C7, 0x9C8),
    (0x9CB, 0x9CE),
    (0x9D7, 0x9D7),
    (0x9E0, 0x9E3),
    (0x9E6, 0x9F1),
    (0x9FE, 0x9FE),
    (0xA01, 0xA03),
    (0xA05, 0xA0A),
    (0xA0F, 0xA10),
    (0xA13, 0xA28),
    (0xA2A, 0xA30),
    (0xA32, 0xA32),
    (0xA35, 0xA35),
    (0xA38, 0xA39),
    (0xA3C, 0xA3C),
    (0xA3E, 0xA42),
    (0xA47, 0xA48),
    (0xA4B, 0xA4D),
    (0xA5C, 0xA5C),
    (0xA66, 0xA74),
    (0xA81, 0xA83),
    (0xA85, 0xA8D),
    (0xA8F, 0xA91),
    (0xA93, 0xAA8),
    (0xAAA, 0xAB0),
    (0xAB2, 0xAB3),
    (0xAB5, 0xAB9),
    (0xABC, 0xAC5),
    (0xAC7, 0xAC9),
    (0xACB, 0xACD),
    (0xAD0, 0xAD0),
    (0xAE0, 0xAE3),
    (0xAE6, 0xAEF),
    (0xAFA, 0xAFF),
    (0xB01, 0xB03),
    (0xB05, 0xB0C),
    (0xB0F, 0xB10),
    (0xB13, 0xB28),
    (0xB2A, 0xB30),
    (0xB32, 0xB33),
    (0xB35, 0xB39),
    (0xB3C, 0xB43),
    (0xB47, 0xB48),
    (0xB4B, 0xB4D),
    (0xB55, 0xB57),
    (0xB5F, 0xB61),
    (0xB66, 0xB6F),
    (0xB71, 0xB71),
    (0xB82, 0xB83),
    (0xB85, 0xB8A),
    (0xB8E, 0xB90),
    (0xB92, 0xB95),
    (0xB99, 0xB9A),
    (0xB9C, 0xB9C),
    (0xB9E, 0xB9F),
    (0xBA3, 0xBA4),
    (0xBA8, 0xBAA),
    (0xBAE, 0xBB9),
    (0xBBE, 0xBC2),
    (0xBC6, 0xBC8),
    (0xBCA, 0xBCD),
    (0xBD0, 0xBD0),
    (0xBD7, 0xBD7),
    (0xBE6, 0xBEF),
    (0xC01, 0xC0C),
    (0xC0E, 0xC10),
    (0xC12, 0xC28),
    (0xC2A, 0xC33),
    (0xC35, 0xC39),
    (0xC3C, 0xC44),
    (0xC46, 0xC48),
    (0xC4A, 0xC4D),
    (0xC55, 0xC56),
    (0xC5D, 0xC5D),
    (0xC60, 0xC61),
    (0xC66, 0xC6F),
    (0xC80, 0xC80),
    (0xC82, 0xC83),
    (0xC85, 0xC8C),
    (0xC8E, 0xC90),
    (0xC92, 0xCA8),
    (0xCAA, 0xCB3),
    (0xCB5, 0xCB9),
    (0xCBC, 0xCC4),
    (0xCC6, 0xCC8),
    (0xCCA, 0xCCD),
    (0xCD5, 0xCD6),
    (0xCDD, 0xCDD),
    (0xCE0, 0xCE3),
    (0xCE6, 0xCEF),
    (0xCF1, 0xCF3),
    (0xD00, 0xD00),
    (0xD02, 0xD03),
    (0xD05, 0xD0C),
    (0xD0E, 0xD10),
    (0xD12, 0xD3A),
    (0xD3D, 0xD43),
    (0xD46, 0xD48),
    (0xD4A, 0xD4E),
    (0xD54, 0xD57),
    (0xD60, 0xD61),
    (0xD66, 0xD6F),
    (0xD7A, 0xD7F),
    (0xD82, 0xD83),
    (0xD85, 0xD8E),
    (0xD91, 0xD96),
    (0xD9A, 0xDA5),
    (0xDA7, 0xDB1),
    (0xDB3, 0xDBB),
    (0xDBD, 0xDBD),
    (0xDC0, 0xDC6),
    (0xDCA, 0xDCA),
    (0xDCF, 0xDD4),
    (0xDD6, 0xDD6),
    (0xDD8, 0xDDE),
    (0xDF2, 0xDF2),
    (0xE01, 0xE32),
    (0xE34, 0xE3A),
    (0xE40, 0xE4E),
    (0xE50, 0xE59),
    (0xE81, 0xE82),
    (0xE84, 0xE84),
    (0xE86, 0xE8A),
    (0xE8C, 0xEA3),
    (0xEA5, 0xEA5),
    (0xEA7, 0xEB2),
    (0xEB4, 0xEBD),
    (0xEC0, 0xEC4),
    (0xEC6, 0xEC6),
    (0xEC8, 0xECE),
    (0xED0, 0xED9),
    (0xEDE, 0xEDF),
    (0xF00, 0xF00),
    (0xF0B, 0xF0B),
    (0xF20, 0xF29),
    (0xF35, 0xF35),
    (0xF37, 0xF37),
    (0xF3E, 0xF42),
    (0xF44, 0xF47),
    (0xF49, 0xF4C),
    (0xF4E, 0xF51),
    (0xF53, 0xF56),
    (0xF58, 0xF5B),
    (0xF5D, 0xF68),
    (0xF6A, 0xF6C),
    (0xF71, 0xF72),
    (0xF74, 0xF74),
    (0xF7A, 0xF80),
    (0xF82, 0xF84),
    (0xF86, 0xF92),
    (0xF94, 0xF97),
    (0xF99, 0xF9C),
    (0xF9E, 0xFA1),
    (0xFA3, 0xFA6),
    (0xFA8, 0xFAB),
    (0xFAD, 0xFB8),
    (0xFBA, 0xFBC),
    (0xFC6, 0xFC6),
    (0x1000, 0x1049),
    (0x1050, 0x109D),
    (0x10C7, 0x10C7),
    (0x10CD, 0x10CD),
    (0x10D0, 0x10F0),
    (0x10F7, 0x10FA),
    (0x10FD, 0x10FF),
    (0x1200, 0x1248),
    (0x124A, 0x124D),
    (0x1250, 0x1256),
    (0x1258, 0x1258),
    (0x125A, 0x125D),
    (0x1260, 0x1288),
    (0x128A, 0x128D),
    (0x1290, 0x12B0),
    (0x12B2, 0x12B5),
    (0x12B8, 0x12BE),
    (0x12C0, 0x12C0),
    (0x12C2, 0x12C5),
    (0x12C8, 0x12D6),
    (0x12D8, 0x1310),
    (0x1312, 0x1315),
    (0x1318, 0x135A),
    (0x135D, 0x135F),
    (0x1380, 0x138F),
    (0x1780, 0x17A2),
    (0x17A5, 0x17A7),
    (0x17A9, 0x17B3),
    (0x17B6, 0x17CD),
    (0x17D0, 0x17D0),
    (0x17D2, 0x17D2),
    (0x17D7, 0x17D7),
    (0x17DC, 0x17DC),
    (0x17E0, 0x17E9),
    (0x1C90, 0x1CBA),
    (0x1CBD, 0x1CBF),
    (0x1E00, 0x1E99),
    (0x1E9E, 0x1E9E),
    (0x1EA0, 0x1EF9),
    (0x1F00, 0x1F15),
    (0x1F18, 0x1F1D),
    (0x1F20, 0x1F45),
    (0x1F48, 0x1F4D),
    (0x1F50, 0x1F57),
    (0x1F59, 0x1F59),
    (0x1F5B, 0x1F5B),
    (0x1F5D, 0x1F5D),
    (0x1F5F, 0x1F70),
    (0x1F72, 0x1F72),
    (0x1F74, 0x1F74),
    (0x1F76, 0x1F76),
    (0x1F78, 0x1F78),
    (0x1F7A, 0x1F7A),
    (0x1F7C, 0x1F7C),
    (0x1F80, 0x1FB4),
    (0x1FB6, 0x1FBA),
    (0x1FBC, 0x1FBC),
    (0x1FC2, 0x1FC4),
    (0x1FC6, 0x1FC8),
    (0x1FCA, 0x1FCA),
    (0x1FCC, 0x1FCC),
    (0x1FD0, 0x1FD2),
    (0x1FD6, 0x1FDA),
    (0x1FE0, 0x1FE2),
    (0x1FE4, 0x1FEA),
    (0x1FEC, 0x1FEC),
    (0x1FF2, 0x1FF4),
    (0x1FF6, 0x1FF8),
    (0x1FFA, 0x1FFA),
    (0x1FFC, 0x1FFC),
    (0x2010, 0x2010),
    (0x2019, 0x2019),
    (0x2027, 0x2027),
    (0x2D27, 0x2D27),
    (0x2D2D, 0x2D2D),
    (0x2D80, 0x2D96),
    (0x2DA0, 0x2DA6),
    (0x2DA8, 0x2DAE),
    (0x2DB0, 0x2DB6),
    (0x2DB8, 0x2DBE),
    (0x2DC0, 0x2DC6),
    (0x2DC8, 0x2DCE),
    (0x2DD0, 0x2DD6),
    (0x2DD8, 0x2DDE),
    (0x3005, 0x3007),
    (0x3041, 0x3096),
    (0x3099, 0x309A),
    (0x309D, 0x309E),
    (0x30A0, 0x30FE),
    (0x3105, 0x312D),
    (0x312F, 0x312F),
    (0x31A0, 0x31BF),
    (0x3400, 0x4DBF),
    (0x4E00, 0x9FFF),
    (0xA67F, 0xA67F),
    (0xA717, 0xA71F),
    (0xA788, 0xA788),
    (0xA78D, 0xA78D),
    (0xA792, 0xA793),
    (0xA7AA, 0xA7AA),
    (0xA7C0, 0xA7CA),
    (0xA7D0, 0xA7D1),
    (0xA7D3, 0xA7D3),
    (0xA7D5, 0xA7D9),
    (0xA9E7, 0xA9FE),
    (0xAA60, 0xAA76),
    (0xAA7A, 0xAA7F),
    (0xAB01, 0xAB06),
    (0xAB09, 0xAB0E),
    (0xAB11, 0xAB16),
    (0xAB20, 0xAB26),
    (0xAB28, 0xAB2E),
    (0xAB66, 0xAB67),
    (0xAC00, 0xD7A3),
    (0xFA0E, 0xFA0F),
    (0xFA11, 0xFA11),
    (0xFA13, 0xFA14),
    (0xFA1F, 0xFA1F),
    (0xFA21, 0xFA21),
    (0xFA23, 0xFA24),
    (0xFA27, 0xFA29),
    (0x11301, 0x11301),
    (0x11303, 0x11303),
    (0x1133B, 0x1133C),
    (0x16FF0, 0x16FF1),
    (0x1B11F, 0x1B122),
    (0x1B132, 0x1B132),
    (0x1B150, 0x1B152),
    (0x1B155, 0x1B155),
    (0x1B164, 0x1B167),
    (0x1DF00, 0x1DF1E),
    (0x1DF25, 0x1DF2A),
    (0x1E08F, 0x1E08F),
    (0x1E7E0, 0x1E7E6),
    (0x1E7E8, 0x1E7EB),
    (0x1E7ED, 0x1E7EE),
    (0x1E7F0, 0x1E7FE),
    (0x20000, 0x2A6DF),
    (0x2A700, 0x2B739),
    (0x2B740, 0x2B81D),
    (0x2B820, 0x2CEA1),
    (0x2CEB0, 0x2EBE0),
    (0x2EBF0, 0x2EE5D),
    (0x30000, 0x3134A),
    (0x31350, 0x323AF),
];

pub(crate) const IDENTIFIER_RECOMMENDED: &[(u32, u32)] = &[
    (0x30, 0x39),
    (0x41, 0x5A),
    (0x5F, 0x5F),
    (0x61, 0x7A),
    (0xC0, 0xD6),
    (0xD8, 0xF6),
    (0xF8, 0x131),
    (0x134, 0x13E),
    (0x141, 0x148),
    (0x14A, 0x17E),
    (0x18F, 0x18F),
    (0x1A0, 0x1A1),
    (0x1AF, 0x1B0),
    (0x1CD, 0x1DC),
    (0x1DE, 0x1E3),
    (0x1E6, 0x1F0),
    (0x1F4, 0x1F5),
    (0x1F8, 0x21B),
    (0x21E, 0x21F),
    (0x226, 0x233),
    (0x259, 0x259),
    (0x2BB, 0x2BC),
    (0x2EC, 0x2EC),
    (0x300, 0x304),
    (0x306, 0x30C),
    (0x30F, 0x311),
    (0x313, 0x314),
    (0x31B, 0x31B),
    (0x323, 0x328),
    (0x32D, 0x32E),
    (0x330, 0x331),
    (0x335, 0x335),
    (0x338, 0x339),
    (0x342, 0x342),
    (0x345, 0x345),
    (0x37B, 0x37D),
    (0x386, 0x386),
    (0x388, 0x38A),
    (0x38C, 0x38C),
    (0x38E, 0x3A1),
    (0x3A3, 0x3CE),
    (0x3FC, 0x45F),
    (0x48A, 0x4FF),
    (0x510, 0x529),
    (0x52E, 0x52F),
    (0x531, 0x556),
    (0x559, 0x559),
    (0x561, 0x586),
    (0x5B4, 0x5B4),
    (0x5D0, 0x5EA),
    (0x5EF, 0x5F2),
    (0x620, 0x63F),
    (0x641, 0x655),
    (0x660, 0x669),
    (0x670, 0x672),
    (0x674, 0x674),
    (0x679, 0x68D),
    (0x68F, 0x6A0),
    (0x6A2, 0x6D3),
    (0x6D5, 0x6D5),
    (0x6E5, 0x6E6),
    (0x6EE, 0x6FC),
    (0x6FF, 0x6FF),
    (0x750, 0x7B1),
    (0x870, 0x887),
    (0x889, 0x88E),
    (0x8A0, 0x8AC),
    (0x8B2, 0x8B2),
    (0x8B5, 0x8C9),
    (0x901, 0x94D),
    (0x94F, 0x950),
    (0x956, 0x957),
    (0x960, 0x963),
    (0x966, 0x96F),
    (0x971, 0x977),
    (0x979, 0x97F),
    (0x981, 0x983),
    (0x985, 0x98C),
    (0x98F, 0x990),
    (0x993, 0x9A8),
    (0x9AA, 0x9B0),
    (0x9B2, 0x9B2),
    (0x9B6, 0x9B9),
    (0x9BC, 0x9C4),
    (0x9C7, 0x9C8),
    (0x9CB, 0x9CE),
    (0x9D7, 0x9D7),
    (0x9E0, 0x9E3),
    (0x9E6, 0x9F1),
    (0x9FE, 0x9FE),
    (0xA01, 0xA03),
    (0xA05, 0xA0A),
    (0xA0F, 0xA10),
    (0xA13, 0xA28),
    (0xA2A, 0xA30),
    (0xA32, 0xA32),
    (0xA35, 0xA35),
    (0xA38, 0xA39),
    (0xA3C, 0xA3C),
    (0xA3E, 0xA42),
    (0xA47, 0xA48),
    (0xA4B, 0xA4D),
    (0xA5C, 0xA5C),
    (0xA66, 0xA74),
    (0xA81, 0xA83),
    (0xA85, 0xA8D),
    (0xA8F, 0xA91),
    (0xA93, 0xAA8),
    (0xAAA, 0xAB0),
    (0xAB2, 0xAB3),
    (0xAB5, 0xAB9),
    (0xABC, 0xAC5),
    (0xAC7, 0xAC9),
    (0xACB, 0xACD),
    (0xAD0, 0xAD0),
    (0xAE0, 0xAE3),
    (0xAE6, 0xAEF),
    (0xAFA, 0xAFF),
    (0xB01, 0xB03),
    (0xB05, 0xB0C),
    (0xB0F, 0xB10),
    (0xB13, 0xB28),
    (0xB2A, 0xB30),
    (0xB32, 0xB33),
    (0xB35, 0xB39),
    (0xB3C, 0xB43),
    (0xB47, 0xB48),
    (0xB4B, 0xB4D),
    (0xB55, 0xB57),
    (0xB5F, 0xB61),
    (0xB66, 0xB6F),
    (0xB71, 0xB71),
    (0xB82, 0xB83),
    (0xB85, 0xB8A),
    (0xB8E, 0xB90),
    (0xB92, 0xB95),
    (0xB99, 0xB9A),
    (0xB9C, 0xB9C),
    (0xB9E, 0xB9F),
    (0xBA3, 0xBA4),
    (0xBA8, 0xBAA),
    (0xBAE, 0xBB9),
    (0xBBE, 0xBC2),
    (0xBC6, 0xBC8),
    (0xBCA, 0xBCD),
    (0xBD0, 0xBD0),
    (0xBD7, 0xBD7),
    (0xBE6, 0xBEF),
    (0xC01, 0xC0C),
    (0xC0E, 0xC10),
    (0xC12, 0xC28),
    (0xC2A, 0xC33),
    (0xC35, 0xC39),
    (0xC3C, 0xC44),
    (0xC46, 0xC48),
    (0xC4A, 0xC4D),
    (0xC55, 0xC56),
    (0xC5D, 0xC5D),
    (0xC60, 0xC61),
    (0xC66, 0xC6F),
    (0xC80, 0xC80),
    (0xC82, 0xC83),
    (0xC85, 0xC8C),
    (0xC8E, 0xC90),
    (0xC92, 0xCA8),
    (0xCAA, 0xCB3),
    (0xCB5, 0xCB9),
    (0xCBC, 0xCC4),
    (0xCC6, 0xCC8),
    (0xCCA, 0xCCD),
    (0xCD5, 0xCD6),
    (0xCDD, 0xCDD),
    (0xCE0, 0xCE3),
    (0xCE6, 0xCEF),
    (0xCF1, 0xCF3),
    (0xD00, 0xD00),
    (0xD02, 0xD03),
    (0xD05, 0xD0C),
    (0xD0E, 0xD10),
    (0xD12, 0xD3A),
    (0xD3D, 0xD43),
    (0xD46, 0xD48),
    (0xD4A, 0xD4E),
    (0xD54, 0xD57),
    (0xD60, 0xD61),
    (0xD66, 0xD6F),
    (0xD7A, 0xD7F),
    (0xD82, 0xD83),
    (0xD85, 0xD8E),
    (0xD91, 0xD96),
    (0xD9A, 0xDA5),
    (0xDA7, 0xDB1),
    (0xDB3, 0xDBB),
    (0xDBD, 0xDBD),
    (0xDC0, 0xDC6),
    (0xDCA, 0xDCA),
    (0xDCF, 0xDD4),
    (0xDD6, 0xDD6),
    (0xDD8, 0xDDE),
    (0xDF2, 0xDF2),
    (0xE01, 0xE32),
    (0xE34, 0xE3A),
    (0xE40, 0xE4E),
    (0xE50, 0xE59),
    (0xE81, 0xE82),
    (0xE84, 0xE84),
    (0xE86, 0xE8A),
    (0xE8C, 0xEA3),
    (0xEA5, 0xEA5),
    (0xEA7, 0xEB2),
    (0xEB4, 0xEBD),
    (0xEC0, 0xEC4),
    (0xEC6, 0xEC6),
    (0xEC8, 0xECE),
    (0xED0, 0xED9),
    (0xEDE, 0xEDF),
    (0xF00, 0xF00),
    (0xF20, 0xF29),
    (0xF35, 0xF35),
    (0xF37, 0xF37),
    (0xF3E, 0xF42),
    (0xF44, 0xF47),
    (0xF49, 0xF4C),
    (0xF4E, 0xF51),
    (0xF53, 0xF56),
    (0xF58, 0xF5B),
    (0xF5D, 0xF68),
    (0xF6A, 0xF6C),
    (0xF71, 0xF72),
    (0xF74, 0xF74),
    (0xF7A, 0xF80),
    (0xF82, 0xF84),
    (0xF86, 0xF92),
    (0xF94, 0xF97),
    (0xF99, 0xF9C),
    (0xF9E, 0xFA1),
    (0xFA3, 0xFA6),
    (0xFA8, 0xFAB),
    (0xFAD, 0xFB8),
    (0xFBA, 0xFBC),
    (0xFC6, 0xFC6),
    (0x1000, 0x1049),
    (0x1050, 0x109D),
    (0x10C7, 0x10C7),
    (0x10CD, 0x10CD),
    (0x10D0, 0x10F0),
    (0x10F7, 0x10FA),
    (0x10FD, 0x10FF),
    (0x1200, 0x1248),
    (0x124A, 0x124D),
    (0x1250, 0x1256),
    (0x1258, 0x1258),
    (0x125A, 0x125D),
    (0x1260, 0x1288),
    (0x128A, 0x128D),
    (0x1290, 0x12B0),
    (0x12B2, 0x12B5),
    (0x12B8, 0x12BE),
    (0x12C0, 0x12C0),
    (0x12C2, 0x12C5),
    (0x12C8, 0x12D6),
    (0x12D8, 0x1310),
    (0x1312, 0x1315),
    (0x1318, 0x135A),
    (0x135D, 0x135F),
    (0x1380, 0x138F),
    (0x1780, 0x17A2),
    (0x17A5, 0x17A7),
    (0x17A9, 0x17B3),
    (0x17B6, 0x17CD),
    (0x17D0, 0x17D0),
    (0x17D2, 0x17D2),
    (0x17D7, 0x17D7),
    (0x17DC, 0x17DC),
    (0x17E0, 0x17E9),
    (0x1C90, 0x1CBA),
    (0x1CBD, 0x1CBF),
    (0x1E00, 0x1E99),
    (0x1E9E, 0x1E9E),
    (0x1EA0, 0x1EF9),
    (0x1F00, 0x1F15),
    (0x1F18, 0x1F1D),
    (0x1F20, 0x1F45),
    (0x1F48, 0x1F4D),
    (0x1F50, 0x1F57),
    (0x1F59, 0x1F59),
    (0x1F5B, 0x1F5B),
    (0x1F5D, 0x1F5D),
    (0x1F5F, 0x1F70),
    (0x1F72, 0x1F72),
    (0x1F74, 0x1F74),
    (0x1F76, 0x1F76),
    (0x1F78, 0x1F78),
    (0x1F7A, 0x1F7A),
    (0x1F7C, 0x1F7C),
    (0x1F80, 0x1FB4),
    (0x1FB6, 0x1FBA),
    (0x1FBC, 0x1FBC),
    (0x1FC2, 0x1FC4),
    (0x1FC6, 0x1FC8),
    (0x1FCA, 0x1FCA),
    (0x1FCC, 0x1FCC),
    (0x1FD0, 0x1FD2),
    (0x1FD6, 0x1FDA),
    (0x1FE0, 0x1FE2),
    (0x1FE4, 0x1FEA),
    (0x1FEC, 0x1FEC),
    (0x1FF2, 0x1FF4),
    (0x1FF6, 0x1FF8),
    (0x1FFA, 0x1FFA),
    (0x1FFC, 0x1FFC),
    (0x2D27, 0x2D27),
    (0x2D2D, 0x2D2D),
    (0x2D80, 0x2D96),
    (0x2DA0, 0x2DA6),
    (0x2DA8, 0x2DAE),
    (0x2DB0, 0x2DB6),
    (0x2DB8, 0x2DBE),
    (0x2DC0, 0x2DC6),
    (0x2DC8, 0x2DCE),
    (0x2DD0, 0x2DD6),
    (0x2DD8, 0x2DDE),
    (0x3005, 0x3007),
    (0x3041, 0x3096),
    (0x3099, 0x309A),
    (0x309D, 0x309E),
    (0x30A1, 0x30FA),
    (0x30FC, 0x30FE),
    (0x3105, 0x312D),
    (0x312F, 0x312F),
    (0x31A0, 0x31BF),
    (0x3400, 0x4DBF),
    (0x4E00, 0x9FFF),
    (0xA67F, 0xA67F),
    (0xA717, 0xA71F),
    (0xA788, 0xA788),
    (0xA78D, 0xA78D),
    (0xA792, 0xA793),
    (0xA7AA, 0xA7AA),
    (0xA7C0, 0xA7CA),
    (0xA7D0, 0xA7D1),
    (0xA7D3, 0xA7D3),
    (0xA7D5, 0xA7D9),
    (0xA9E7, 0xA9FE),
    (0xAA60, 0xAA76),
    (0xAA7A, 0xAA7F),
    (0xAB01, 0xAB06),
    (0xAB09, 0xAB0E),
    (0xAB11, 0xAB16),
    (0xAB20, 0xAB26),
    (0xAB28, 0xAB2E),
    (0xAB66, 0xAB67),
    (0xAC00, 0xD7A3),
    (0xFA0E, 0xFA0F),
    (0xFA11, 0xFA11),
    (0xFA13, 0xFA14),
    (0xFA1F, 0xFA1F),
    (0xFA21, 0xFA21),
    (0xFA23, 0xFA24),
    (0xFA27, 0xFA29),
    (0x11301, 0x11301),
    (0x11303, 0x11303),
    (0x1133B, 0x1133C),
    (0x16FF0, 0x16FF1),
    (0x1B11F, 0x1B122),
    (0x1B132, 0x1B132),
    (0x1B150, 0x1B152),
    (0x1B155, 0x1B155),
    (0x1B164, 0x1B167),
    (0x1DF00, 0x1DF1E),
    (0x1DF25, 0x1DF2A),
    (0x1E08F, 0x1E08F),
    (0x1E7E0, 0x1E7E6),
    (0x1E7E8, 0x1E7EB),
    (0x1E7ED, 0x1E7EE),
    (0x1E7F0, 0x1E7FE),
    (0x20000, 0x2A6DF),
    (0x2A700, 0x2B739),
    (0x2B740, 0x2B81D),
    (0x2B820, 0x2CEA1),
    (0x2CEB0, 0x2EBE0),
    (0x2EBF0, 0x2EE5D),
    (0x30000, 0x3134A),
    (0x31350, 0x323AF),
];

pub(crate) const COMBINING_CLASSES: &[(u32, u32, u8)] = &[
    (0x300, 0x314, 230),
    (0x315, 0x315, 232),
    (0x316, 0x319, 220),
    (0x31A, 0x31A, 232),
    (0x31B, 0x31B, 216),
    (0x31C, 0x320, 220),
    (0x321, 0x322, 202),
    (0x323, 0x326, 220),
    (0x327, 0x328, 202),
    (0x329, 0x333, 220),
    (0x334, 0x338, 1),
    (0x339, 0x33C, 220),
    (0x33D, 0x344, 230),
    (0x345, 0x345, 240),
    (0x346, 0x346, 230),
    (0x347, 0x349, 220),
    (0x34A, 0x34C, 230),
    (0x34D, 0x34E, 220),
    (0x350, 0x352, 230),
    (0x353, 0x356, 220),
    (0x357, 0x357, 230),
    (0x358, 0x358, 232),
    (0x359, 0x35A, 220),
    (0x35B, 0x35B, 230),
    (0x35C, 0x35C, 233),
    (0x35D, 0x35E, 234),
    (0x35F, 0x35F, 233),
    (0x360, 0x361, 234),
    (0x362, 0x362, 233),
    (0x363, 0x36F, 230),
    (0x483, 0x487, 230),
    (0x591, 0x591, 220),
    (0x592, 0x595, 230),
    (0x596, 0x596, 220),
    (0x597, 0x599, 230),
    (0x59A, 0x59A, 222),
    (0x59B, 0x59B, 220),
    (0x59C, 0x5A1, 230),
    (0x5A2, 0x5A7, 220),
    (0x5A8, 0x5A9, 230),
    (0x5AA, 0x5AA, 220),
    (0x5AB, 0x5AC, 230),
    (0x5AD, 0x5AD, 222),
    (0x5AE, 0x5AE, 228),
    (0x5AF, 0x5AF, 230),
    (0x5B0, 0x5B0, 10),
    (0x5B1, 0x5B1, 11),
    (0x5B2, 0x5B2, 12),
    (0x5B3, 0x5B3, 13),
    (0x5B4, 0x5B4, 14),
    (0x5B5, 0x5B5, 15),
    (0x5B6, 0x5B6, 16),
    (0x5B7, 0x5B7, 17),
    (0x5B8, 0x5B8, 18),
    (0x5B9, 0x5BA, 19),
    (0x5BB, 0x5BB, 20),
    (0x5BC, 0x5BC, 21),
    (0x5BD, 0x5BD, 22),
    (0x5BF, 0x5BF, 23),
    (0x5C1, 0x5C1, 24),
    (0x5C2, 0x5C2, 25),
    (0x5C4, 0x5C4, 230),
    (0x5C5, 0x5C5, 220),
    (0x5C7, 0x5C7, 18),
    (0x610, 0x617, 230),
    (0x618, 0x618, 30),
    (0x619, 0x619, 31),
    (0x61A, 0x61A, 32),
    (0x64B, 0x64B, 27),
    (0x64C, 0x64C, 28),
    (0x64D, 0x64D, 29),
    (0x64E, 0x64E, 30),
    (0x64F, 0x64F, 31),
    (0x650, 0x650, 32),
    (0x651, 0x651, 33),
    (0x652, 0x652, 34),
    (0x653, 0x654, 230),
    (0x655, 0x656, 220),
    (0x657, 0x65B, 230),
    (0x65C, 0x65C, 220),
    (0x65D, 0x65E, 230),
    (0x65F, 0x65F, 220),
    (0x670, 0x670, 35),
    (0x6D6, 0x6DC, 230),
    (0x6DF, 0x6E2, 230),
    (0x6E3, 0x6E3, 220),
    (0x6E4, 0x6E4, 230),
    (0x6E7, 0x6E8, 230),
    (0x6EA, 0x6EA, 220),
    (0x6EB, 0x6EC, 230),
    (0x6ED, 0x6ED, 220),
    (0x711, 0x711, 36),
    (0x730, 0x730, 230),
    (0x731, 0x731, 220),
    (0x732, 0x733, 230),
    (0x734, 0x734, 220),
    (0x735, 0x736, 230),
    (0x737, 0x739, 220),
    (0x73A, 0x73A, 230),
    (0x73B, 0x73C, 220),
    (0x73D, 0x73D, 230),
    (0x73E, 0x73E, 220),
    (0x73F, 0x741, 230),
    (0x742, 0x742, 220),
    (0x743, 0x743, 230),
    (0x744, 0x744, 220),
    (0x745, 0x745, 230),
    (0x746, 0x746, 220),
    (0x747, 0x747, 230),
    (0x748, 0x748, 220),
    (0x749, 0x74A, 230),
    (0x7EB, 0x7F1, 230),
    (0x7F2, 0x7F2, 220),
    (0x7F3, 0x7F3, 230),
    (0x7FD, 0x7FD, 220),
    (0x816, 0x819, 230),
    (0x81B, 0x823, 230),
    (0x825, 0x827, 230),
    (0x829, 0x82D, 230),
    (0x859, 0x85B, 220),
    (0x897, 0x898, 230),
    (0x899, 0x89B, 220),
    (0x89C, 0x89F, 230),
    (0x8CA, 0x8CE, 230),
    (0x8CF, 0x8D3, 220),
    (0x8D4, 0x8E1, 230),
    (0x8E3, 0x8E3, 220),
    (0x8E4, 0x8E5, 230),
    (0x8E6, 0x8E6, 220),
    (0x8E7, 0x8E8, 230),
    (0x8E9, 0x8E9, 220),
    (0x8EA, 0x8EC, 230),
    (0x8ED, 0x8EF, 220),
    (0x8F0, 0x8F0, 27),
    (0x8F1, 0x8F1, 28),
    (0x8F2, 0x8F2, 29),
    (0x8F3, 0x8F5, 230),
    (0x8F6, 0x8F6, 220),
    (0x8F7, 0x8F8, 230),
    (0x8F9, 0x8FA, 220),
    (0x8FB, 0x8FF, 230),
    (0x93C, 0x93C, 7),
    (0x94D, 0x94D, 9),
    (0x951, 0x951, 230),
    (0x952, 0x952, 220),
    (0x953, 0x954, 230),
    (0x9BC, 0x9BC, 7),
    (0x9CD, 0x9CD, 9),
    (0x9FE, 0x9FE, 230),
    (0xA3C, 0xA3C, 7),
    (0xA4D, 0xA4D, 9),
    (0xABC, 0xABC, 7),
    (0xACD, 0xACD, 9),
    (0xB3C, 0xB3C, 7),
    (0xB4D, 0xB4D, 9),
    (0xBCD, 0xBCD, 9),
    (0xC3C, 0xC3C, 7),
    (0xC4D, 0xC4D, 9),
    (0xC55, 0xC55, 84),
    (0xC56, 0xC56, 91),
    (0xCBC, 0xCBC, 7),
    (0xCCD, 0xCCD, 9),
    (0xD3B, 0xD3C, 9),
    (0xD4D, 0xD4D, 9),
    (0xDCA, 0xDCA, 9),
    (0xE38, 0xE39, 103),
    (0xE3A, 0xE3A, 9),
    (0xE48, 0xE4B, 107),
    (0xEB8, 0xEB9, 118),
    (0xEBA, 0xEBA, 9),
    (0xEC8, 0xECB, 122),
    (0xF18, 0xF19, 220),
    (0xF35, 0xF35, 220),
    (0xF37, 0xF37, 220),
    (0xF39, 0xF39, 216),
    (0xF71, 0xF71, 129),
    (0xF72, 0xF72, 130),
    (0xF74, 0xF74, 132),
    (0xF7A, 0xF7D, 130),
    (0xF80, 0xF80, 130),
    (0xF82, 0xF83, 230),
    (0xF84, 0xF84, 9),
    (0xF86, 0xF87, 230),
    (0xFC6, 0xFC6, 220),
    (0x1037, 0x1037, 7),
    (0x1039, 0x103A, 9),
    (0x108D, 0x108D, 220),
    (0x135D, 0x135F, 230),
    (0x1714, 0x1715, 9),
    (0x1734, 0x1734, 9),
    (0x17D2, 0x17D2, 9),
    (0x17DD, 0x17DD, 230),
    (0x18A9, 0x18A9, 228),
    (0x1939, 0x1939, 222),
    (0x193A, 0x193A, 230),
    (0x193B, 0x193B, 220),
    (0x1A17, 0x1A17, 230),
    (0x1A18, 0x1A18, 220),
    (0x1A60, 0x1A60, 9),
    (0x1A75, 0x1A7C, 230),
    (0x1A7F, 0x1A7F, 220),
    (0x1AB0, 0x1AB4, 230),
    (0x1AB5, 0x1ABA, 220),
    (0x1ABB, 0x1ABC, 230),
    (0x1ABD, 0x1ABD, 220),
    (0x1ABF, 0x1AC0, 220),
    (0x1AC1, 0x1AC2, 230),
    (0x1AC3, 0x1AC4, 220),
    (0x1AC5, 0x1AC9, 230),
    (0x1ACA, 0x1ACA, 220),
    (0x1ACB, 0x1ACE, 230),
    (0x1B34, 0x1B34, 7),
    (0x1B44, 0x1B44, 9),
    (0x1B6B, 0x1B6B, 230),
    (0x1B6C, 0x1B6C, 220),
    (0x1B6D, 0x1B73, 230),
    (0x1BAA, 0x1BAB, 9),
    (0x1BE6, 0x1BE6, 7),
    (0x1BF2, 0x1BF3, 9),
    (0x1C37, 0x1C37, 7),
    (0x1CD0, 0x1CD2, 230),
    (0x1CD4, 0x1CD4, 1),
    (0x1CD5, 0x1CD9, 220),
    (0x1CDA, 0x1CDB, 230),
    (0x1CDC, 0x1CDF, 220),
    (0x1CE0, 0x1CE0, 230),
    (0x1CE2, 0x1CE8, 1),
    (0x1CED, 0x1CED, 220),
    (0x1CF4, 0x1CF4, 230),
    (0x1CF8, 0x1CF9, 230),
    (0x1DC0, 0x1DC1, 230),
    (0x1DC2, 0x1DC2, 220),
    (0x1DC3, 0x1DC9, 230),
    (0x1DCA, 0x1DCA, 220),
    (0x1DCB, 0x1DCC, 230),
    (0x1DCD, 0x1DCD, 234),
    (0x1DCE, 0x1DCE, 214),
    (0x1DCF, 0x1DCF, 220),
    (0x1DD0, 0x1DD0, 202),
    (0x1DD1, 0x1DF5, 230),
    (0x1DF6, 0x1DF6, 232),
    (0x1DF7, 0x1DF8, 228),
    (0x1DF9, 0x1DF9, 220),
    (0x1DFA, 0x1DFA, 218),
    (0x1DFB, 0x1DFB, 230),
    (0x1DFC, 0x1DFC, 233),
    (0x1DFD, 0x1DFD, 220),
    (0x1DFE, 0x1DFE, 230),
    (0x1DFF, 0x1DFF, 220),
    (0x20D0, 0x20D1, 230),
    (0x20D2, 0x20D3, 1),
    (0x20D4, 0x20D7, 230),
    (0x20D8, 0x20DA, 1),
    (0x20DB, 0x20DC, 230),
    (0x20E1, 0x20E1, 230),
    (0x20E5, 0x20E6, 1),
    (0x20E7, 0x20E7, 230),
    (0x20E8, 0x20E8, 220),
    (0x20E9, 0x20E9, 230),
    (0x20EA, 0x20EB, 1),
    (0x20EC, 0x20EF, 220),
    (0x20F0, 0x20F0, 230),
    (0x2CEF, 0x2CF1, 230),
    (0x2D7F, 0x2D7F, 9),
    (0x2DE0, 0x2DFF, 230),
    (0x302A, 0x302A, 218),
    (0x302B, 0x302B, 228),
    (0x302C, 0x302C, 232),
    (0x302D, 0x302D, 222),
    (0x302E, 0x302F, 224),
    (0x3099, 0x309A, 8),
    (0xA66F, 0xA66F, 230),
    (0xA674, 0xA67D, 230),
    (0xA69E, 0xA69F, 230),
    (0xA6F0, 0xA6F1, 230),
    (0xA806, 0xA806, 9),
    (0xA82C, 0xA82C, 9),
    (0xA8C4, 0xA8C4, 9),
    (0xA8E0, 0xA8F1, 230),
    (0xA92B, 0xA92D, 220),
    (0xA953, 0xA953, 9),
    (0xA9B3, 0xA9B3, 7),
    (0xA9C0, 0xA9C0, 9),
    (0xAAB0, 0xAAB0, 230),
    (0xAAB2, 0xAAB3, 230),
    (0xAAB4, 0xAAB4, 220),
    (0xAAB7, 0xAAB8, 230),
    (0xAABE, 0xAABF, 230),
    (0xAAC1, 0xAAC1, 230),
    (0xAAF6, 0xAAF6, 9),
    (0xABED, 0xABED, 9),
    (0xFB1E, 0xFB1E, 26),
    (0xFE20, 0xFE26, 230),
    (0xFE27, 0xFE2D, 220),
    (0xFE2E, 0xFE2F, 230),
    (0x101FD, 0x101FD, 220),
    (0x102E0, 0x102E0, 220),
    (0x10376, 0x1037A, 230),
    (0x10A0D, 0x10A0D, 220),
    (0x10A0F, 0x10A0F, 230),
    (0x10A38, 0x10A38, 230),
    (0x10A39, 0x10A39, 1),
    (0x10A3A, 0x10A3A, 220),
    (0x10A3F, 0x10A3F, 9),
    (0x10AE5, 0x10AE5, 230),
    (0x10AE6, 0x10AE6, 220),
    (0x10D24, 0x10D27, 230),
    (0x10D69, 0x10D6D, 230),
    (0x10EAB, 0x10EAC, 230),
    (0x10EFD, 0x10EFF, 220),
    (0x10F46, 0x10F47, 220),
    (0x10F48, 0x10F4A, 230),
    (0x10F4B, 0x10F4B, 220),
    (0x10F4C, 0x10F4C, 230),
    (0x10F4D, 0x10F50, 220),
    (0x10F82, 0x10F82, 230),
    (0x10F83, 0x10F83, 220),
    (0x10F84, 0x10F84, 230),
    (0x10F85, 0x10F85, 220),
    (0x11046, 0x11046, 9),
    (0x11070, 0x11070, 9),
    (0x1107F, 0x1107F, 9),
    (0x110B9, 0x110B9, 9),
    (0x110BA, 0x110BA, 7),
    (0x11100, 0x11102, 230),
    (0x11133, 0x11134, 9),
    (0x11173, 0x11173, 7),
    (0x111C0, 0x111C0, 9),
    (0x111CA, 0x111CA, 7),
    (0x11235, 0x11235, 9),
    (0x11236, 0x11236, 7),
    (0x112E9, 0x112E9, 7),
    (0x112EA, 0x112EA, 9),
    (0x1133B, 0x1133C, 7),
    (0x1134D, 0x1134D, 9),
    (0x11366, 0x1136C, 230),
    (0x11370, 0x11374, 230),
    (0x113CE, 0x113D0, 9),
    (0x11442, 0x11442, 9),
    (0x11446, 0x11446, 7),
    (0x1145E, 0x1145E, 230),
    (0x114C2, 0x114C2, 9),
    (0x114C3, 0x114C3, 7),
    (0x115BF, 0x115BF, 9),
    (0x115C0, 0x115C0, 7),
    (0x1163F, 0x1163F, 9),
    (0x116B6, 0x116B6, 9),
    (0x116B7, 0x116B7, 7),
    (0x1172B, 0x1172B, 9),
    (0x11839, 0x11839, 9),
    (0x1183A, 0x1183A, 7),
    (0x1193D, 0x1193E, 9),
    (0x11943, 0x11943, 7),
    (0x119E0, 0x119E0, 9),
    (0x11A34, 0x11A34, 9),
    (0x11A47, 0x11A47, 9),
    (0x11A99, 0x11A99, 9),
    (0x11C3F, 0x11C3F, 9),
    (0x11D42, 0x11D42, 7),
    (0x11D44, 0x11D45, 9),
    (0x11D97, 0x11D97, 9),
    (0x11F41, 0x11F42, 9),
    (0x1612F, 0x1612F, 9),
    (0x16AF0, 0x16AF4, 1),
    (0x16B30, 0x16B36, 230),
    (0x16FF0, 0x16FF1, 6),
    (0x1BC9E, 0x1BC9E, 1),
    (0x1D165, 0x1D166, 216),
    (0x1D167, 0x1D169, 1),
    (0x1D16D, 0x1D16D, 226),
    (0x1D16E, 0x1D172, 216),
    (0x1D17B, 0x1D182, 220),
    (0x1D185, 0x1D189, 230),
    (0x1D18A, 0x1D18B, 220),
    (0x1D1AA, 0x1D1AD, 230),
    (0x1D242, 0x1D244, 230),
    (0x1E000, 0x1E006, 230),
    (0x1E008, 0x1E018, 230),
    (0x1E01B, 0x1E021, 230),
    (0x1E023, 0x1E024, 230),
    (0x1E026, 0x1E02A, 230),
    (0x1E08F, 0x1E08F, 230),
    (0x1E130, 0x1E136, 230),
    (0x1E2AE, 0x1E2AE, 230),
    (0x1E2EC, 0x1E2EF, 230),
    (0x1E4EC, 0x1E4ED, 232),
    (0x1E4EE, 0x1E4EE, 220),
    (0x1E4EF, 0x1E4EF, 230),
    (0x1E5EE, 0x1E5EE, 230),
    (0x1E5EF, 0x1E5EF, 220),
    (0x1E8D0, 0x1E8D6, 220),
    (0x1E944, 0x1E949, 230),
    (0x1E94A, 0x1E94A, 7),
];

pub(crate) const CANONICAL_DECOMPOSITIONS: &[(u32, &[u32])] = &[
    (0xC0, &[0x41, 0x300]),
    (0xC1, &[0x41, 0x301]),
    (0xC2, &[0x41, 0x302]),
    (0xC3, &[0x41, 0x303]),
    (0xC4, &[0x41, 0x308]),
    (0xC5, &[0x41, 0x30A]),
    (0xC7, &[0x43, 0x327]),
    (0xC8, &[0x45, 0x300]),
    (0xC9, &[0x45, 0x301]),
    (0xCA, &[0x45, 0x302]),
    (0xCB, &[0x45, 0x308]),
    (0xCC, &[0x49, 0x300]),
    (0xCD, &[0x49, 0x301]),
    (0xCE, &[0x49, 0x302]),
    (0xCF, &[0x49, 0x308]),
    (0xD1, &[0x4E, 0x303]),
    (0xD2, &[0x4F, 0x300]),
    (0xD3, &[0x4F, 0x301]),
    (0xD4, &[0x4F, 0x302]),
    (0xD5, &[0x4F, 0x303]),
    (0xD6, &[0x4F, 0x308]),
    (0xD9, &[0x55, 0x300]),
    (0xDA, &[0x55, 0x301]),
    (0xDB, &[0x55, 0x302]),
    (0xDC, &[0x55, 0x308]),
    (0xDD, &[0x59, 0x301]),
    (0xE0, &[0x61, 0x300]),
    (0xE1, &[0x61, 0x301]),
    (0xE2, &[0x61, 0x302]),
    (0xE3, &[0x61, 0x303]),
    (0xE4, &[0x61, 0x308]),
    (0xE5, &[0x61, 0x30A]),
    (0xE7, &[0x63, 0x327]),
    (0xE8, &[0x65, 0x300]),
    (0xE9, &[0x65, 0x301]),
    (0xEA, &[0x65, 0x302]),
    (0xEB, &[0x65, 0x308]),
    (0xEC, &[0x69, 0x300]),
    (0xED, &[0x69, 0x301]),
    (0xEE, &[0x69, 0x302]),
    (0xEF, &[0x69, 0x308]),
    (0xF1, &[0x6E, 0x303]),
    (0xF2, &[0x6F, 0x300]),
    (0xF3, &[0x6F, 0x301]),
    (0xF4, &[0x6F, 0x302]),
    (0xF5, &[0x6F, 0x303]),
    (0xF6, &[0x6F, 0x308]),
    (0xF9, &[0x75, 0x300]),
    (0xFA, &[0x75, 0x301]),
    (0xFB, &[0x75, 0x302]),
    (0xFC, &[0x75, 0x308]),
    (0xFD, &[0x79, 0x301]),
    (0xFF, &[0x79, 0x308]),
    (0x100, &[0x41, 0x304]),
    (0x101, &[0x61, 0x304]),
    (0x102, &[0x41, 0x306]),
    (0x103, &[0x61, 0x306]),
    (0x104, &[0x41, 0x328]),
    (0x105, &[0x61, 0x328]),
    (0x106, &[0x43, 0x301]),
    (0x107, &[0x63, 0x301]),
    (0x108, &[0x43, 0x302]),
    (0x109, &[0x63, 0x302]),
    (0x10A, &[0x43, 0x307]),
    (0x10B, &[0x63, 0x307]),
    (0x10C, &[0x43, 0x30C]),
    (0x10D, &[0x63, 0x30C]),
    (0x10E, &[0x44, 0x30C]),
    (0x10F, &[0x64, 0x30C]),
    (0x112, &[0x45, 0x304]),
    (0x113, &[0x65, 0x304]),
    (0x114, &[0x45, 0x306]),
    (0x115, &[0x65, 0x306]),
    (0x116, &[0x45, 0x307]),
    (0x117, &[0x65, 0x307]),
    (0x118, &[0x45, 0x328]),
    (0x119, &[0x65, 0x328]),
    (0x11A, &[0x45, 0x30C]),
    (0x11B, &[0x65, 0x30C]),
    (0x11C, &[0x47, 0x302]),
    (0x11D, &[0x67, 0x302]),
    (0x11E, &[0x47, 0x306]),
    (0x11F, &[0x67, 0x306]),
    (0x120, &[0x47, 0x307]),
    (0x121, &[0x67, 0x307]),
    (0x122, &[0x47, 0x327]),
    (0x123, &[0x67, 0x327]),
    (0x124, &[0x48, 0x302]),
    (0x125, &[0x68, 0x302]),
    (0x128, &[0x49, 0x303]),
    (0x129, &[0x69, 0x303]),
    (0x12A, &[0x49, 0x304]),
    (0x12B, &[0x69, 0x304]),
    (0x12C, &[0x49, 0x306]),
    (0x12D, &[0x69, 0x306]),
    (0x12E, &[0x49, 0x328]),
    (0x12F, &[0x69, 0x328]),
    (0x130, &[0x49, 0x307]),
    (0x134, &[0x4A, 0x302]),
    (0x135, &[0x6A, 0x302]),
    (0x136, &[0x4B, 0x327]),
    (0x137, &[0x6B, 0x327]),
    (0x139, &[0x4C, 0x301]),
    (0x13A, &[0x6C, 0x301]),
    (0x13B, &[0x4C, 0x327]),
    (0x13C, &[0x6C, 0x327]),
    (0x13D, &[0x4C, 0x30C]),
    (0x13E, &[0x6C, 0x30C]),
    (0x143, &[0x4E, 0x301]),
    (0x144, &[0x6E, 0x301]),
    (0x145, &[0x4E, 0x327]),
    (0x146, &[0x6E, 0x327]),
    (0x147, &[0x4E, 0x30C]),
    (0x148, &[0x6E, 0x30C]),
    (0x14C, &[0x4F, 0x304]),
    (0x14D, &[0x6F, 0x304]),
    (0x14E, &[0x4F, 0x306]),
    (0x14F, &[0x6F, 0x306]),
    (0x150, &[0x4F, 0x30B]),
    (0x151, &[0x6F, 0x30B]),
    (0x154, &[0x52, 0x301]),
    (0x155, &[0x72, 0x301]),
    (0x156, &[0x52, 0x327]),
    (0x157, &[0x72, 0x327]),
    (0x158, &[0x52, 0x30C]),
    (0x159, &[0x72, 0x30C]),
    (0x15A, &[0x53, 0x301]),
    (0x15B, &[0x73, 0x301]),
    (0x15C, &[0x53, 0x302]),
    (0x15D, &[0x73, 0x302]),
    (0x15E, &[0x53, 0x327]),
    (0x15F, &[0x73, 0x327]),
    (0x160, &[0x53, 0x30C]),
    (0x161, &[0x73, 0x30C]),
    (0x162, &[0x54, 0x327]),
    (0x163, &[0x74, 0x327]),
    (0x164, &[0x54, 0x30C]),
    (0x165, &[0x74, 0x30C]),
    (0x168, &[0x55, 0x303]),
    (0x169, &[0x75, 0x303]),
    (0x16A, &[0x55, 0x304]),
    (0x16B, &[0x75, 0x304]),
    (0x16C, &[0x55, 0x306]),
    (0x16D, &[0x75, 0x306]),
    (0x16E, &[0x55, 0x30A]),
    (0x16F, &[0x75, 0x30A]),
    (0x170, &[0x55, 0x30B]),
    (0x171, &[0x75, 0x30B]),
    (0x172, &[0x55, 0x328]),
    (0x173, &[0x75, 0x328]),
    (0x174, &[0x57, 0x302]),
    (0x175, &[0x77, 0x302]),
    (0x176, &[0x59, 0x302]),
    (0x177, &[0x79, 0x302]),
    (0x178, &[0x59, 0x308]),
    (0x179, &[0x5A, 0x301]),
    (0x17A, &[0x7A, 0x301]),
    (0x17B, &[0x5A, 0x307]),
    (0x17C, &[0x7A, 0x307]),
    (0x17D, &[0x5A, 0x30C]),
    (0x17E, &[0x7A, 0x30C]),
    (0x1A0, &[0x4F, 0x31B]),
    (0x1A1, &[0x6F, 0x31B]),
    (0x1AF, &[0x55, 0x31B]),
    (0x1B0, &[0x75, 0x31B]),
    (0x1CD, &[0x41, 0x30C]),
    (0x1CE, &[0x61, 0x30C]),
    (0x1CF, &[0x49, 0x30C]),
    (0x1D0, &[0x69, 0x30C]),
    (0x1D1, &[0x4F, 0x30C]),
    (0x1D2, &[0x6F, 0x30C]),
    (0x1D3, &[0x55, 0x30C]),
    (0x1D4, &[0x75, 0x30C]),
    (0x1D5, &[0xDC, 0x304]),
    (0x1D6, &[0xFC, 0x304]),
    (0x1D7, &[0xDC, 0x301]),
    (0x1D8, &[0xFC, 0x301]),
    (0x1D9, &[0xDC, 0x30C]),
    (0x1DA, &[0xFC, 0x30C]),
    (0x1DB, &[0xDC, 0x300]),
    (0x1DC, &[0xFC, 0x300]),
    (0x1DE, &[0xC4, 0x304]),
    (0x1DF, &[0xE4, 0x304]),
    (0x1E0, &[0x226, 0x304]),
    (0x1E1, &[0x227, 0x304]),
    (0x1E2, &[0xC6, 0x304]),
    (0x1E3, &[0xE6, 0x304]),
    (0x1E6, &[0x47, 0x30C]),
    (0x1E7, &[0x67, 0x30C]),
    (0x1E8, &[0x4B, 0x30C]),
    (0x1E9, &[0x6B, 0x30C]),
    (0x1EA, &[0x4F, 0x328]),
    (0x1EB, &[0x6F, 0x328]),
    (0x1EC, &[0x1EA, 0x304]),
    (0x1ED, &[0x1EB, 0x304]),
    (0x1EE, &[0x1B7, 0x30C]),
    (0x1EF, &[0x292, 0x30C]),
    (0x1F0, &[0x6A, 0x30C]),
    (0x1F4, &[0x47, 0x301]),
    (0x1F5, &[0x67, 0x301]),
    (0x1F8, &[0x4E, 0x300]),
    (0x1F9, &[0x6E, 0x300]),
    (0x1FA, &[0xC5, 0x301]),
    (0x1FB, &[0xE5, 0x301]),
    (0x1FC, &[0xC6, 0x301]),
    (0x1FD, &[0xE6, 0x301]),
    (0x1FE, &[0xD8, 0x301]),
    (0x1FF, &[0xF8, 0x301]),
    (0x200, &[0x41, 0x30F]),
    (0x201, &[0x61, 0x30F]),
    (0x202, &[0x41, 0x311]),
    (0x203, &[0x61, 0x311]),
    (0x204, &[0x45, 0x30F]),
    (0x205, &[0x65, 0x30F]),
    (0x206, &[0x45, 0x311]),
    (0x207, &[0x65, 0x311]),
    (0x208, &[0x49, 0x30F]),
    (0x209, &[0x69, 0x30F]),
    (0x20A, &[0x49, 0x311]),
    (0x20B, &[0x69, 0x311]),
    (0x20C, &[0x4F, 0x30F]),
    (0x20D, &[0x6F, 0x30F]),
    (0x20E, &[0x4F, 0x311]),
    (0x20F, &[0x6F, 0x311]),
    (0x210, &[0x52, 0x30F]),
    (0x211, &[0x72, 0x30F]),
    (0x212, &[0x52, 0x311]),
    (0x213, &[0x72, 0x311]),
    (0x214, &[0x55, 0x30F]),
    (0x215, &[0x75, 0x30F]),
    (0x216, &[0x55, 0x311]),
    (0x217, &[0x75, 0x311]),
    (0x218, &[0x53, 0x326]),
    (0x219, &[0x73, 0x326]),
    (0x21A, &[0x54, 0x326]),
    (0x21B, &[0x74, 0x326]),
    (0x21E, &[0x48, 0x30C]),
    (0x21F, &[0x68, 0x30C]),
    (0x226, &[0x41, 0x307]),
    (0x227, &[0x61, 0x307]),
    (0x228, &[0x45, 0x327]),
    (0x229, &[0x65, 0x327]),
    (0x22A, &[0xD6, 0x304]),
    (0x22B, &[0xF6, 0x304]),
    (0x22C, &[0xD5, 0x304]),
    (0x22D, &[0xF5, 0x304]),
    (0x22E, &[0x4F, 0x307]),
    (0x22F, &[0x6F, 0x307]),
    (0x230, &[0x22E, 0x304]),
    (0x231, &[0x22F, 0x304]),
    (0x232, &[0x59, 0x304]),
    (0x233, &[0x79, 0x304]),
    (0x340, &[0x300]),
    (0x341, &[0x301]),
    (0x343, &[0x313]),
    (0x344, &[0x308, 0x301]),
    (0x374, &[0x2B9]),
    (0x37E, &[0x3B]),
    (0x385, &[0xA8, 0x301]),
    (0x386, &[0x391, 0x301]),
    (0x387, &[0xB7]),
    (0x388, &[0x395, 0x301]),
    (0x389, &[0x397, 0x301]),
    (0x38A, &[0x399, 0x301]),
    (0x38C, &[0x39F, 0x301]),
    (0x38E, &[0x3A5, 0x301]),
    (0x38F, &[0x3A9, 0x301]),
    (0x390, &[0x3CA, 0x301]),
    (0x3AA, &[0x399, 0x308]),
    (0x3AB, &[0x3A5, 0x308]),
    (0x3AC, &[0x3B1, 0x301]),
    (0x3AD, &[0x3B5, 0x301]),
    (0x3AE, &[0x3B7, 0x301]),
    (0x3AF, &[0x3B9, 0x301]),
    (0x3B0, &[0x3CB, 0x301]),
    (0x3CA, &[0x3B9, 0x308]),
    (0x3CB, &[0x3C5, 0x308]),
    (0x3CC, &[0x3BF, 0x301]),
    (0x3CD, &[0x3C5, 0x301]),
    (0x3CE, &[0x3C9, 0x301]),
    (0x3D3, &[0x3D2, 0x301]),
    (0x3D4, &[0x3D2, 0x308]),
    (0x400, &[0x415, 0x300]),
    (0x401, &[0x415, 0x308]),
    (0x403, &[0x413, 0x301]),
    (0x407, &[0x406, 0x308]),
    (0x40C, &[0x41A, 0x301]),
    (0x40D, &[0x418, 0x300]),
    (0x40E, &[0x423, 0x306]),
    (0x419, &[0x418, 0x306]),
    (0x439, &[0x438, 0x306]),
    (0x450, &[0x435, 0x300]),
    (0x451, &[0x435, 0x308]),
    (0x453, &[0x433, 0x301]),
    (0x457, &[0x456, 0x308]),
    (0x45C, &[0x43A, 0x301]),
    (0x45D, &[0x438, 0x300]),
    (0x45E, &[0x443, 0x306]),
    (0x476, &[0x474, 0x30F]),
    (0x477, &[0x475, 0x30F]),
    (0x4C1, &[0x416, 0x306]),
    (0x4C2, &[0x436, 0x306]),
    (0x4D0, &[0x410, 0x306]),
    (0x4D1, &[0x430, 0x306]),
    (0x4D2, &[0x410, 0x308]),
    (0x4D3, &[0x430, 0x308]),
    (0x4D6, &[0x415, 0x306]),
    (0x4D7, &[0x435, 0x306]),
    (0x4DA, &[0x4D8, 0x308]),
    (0x4DB, &[0x4D9, 0x308]),
    (0x4DC, &[0x416, 0x308]),
    (0x4DD, &[0x436, 0x308]),
    (0x4DE, &[0x417, 0x308]),
    (0x4DF, &[0x437, 0x308]),
    (0x4E2, &[0x418, 0x304]),
    (0x4E3, &[0x438, 0x304]),
    (0x4E4, &[0x418, 0x308]),
    (0x4E5, &[0x438, 0x308]),
    (0x4E6, &[0x41E, 0x308]),
    (0x4E7, &[0x43E, 0x308]),
    (0x4EA, &[0x4E8, 0x308]),
    (0x4EB, &[0x4E9, 0x308]),
    (0x4EC, &[0x42D, 0x308]),
    (0x4ED, &[0x44D, 0x308]),
    (0x4EE, &[0x423, 0x304]),
    (0x4EF, &[0x443, 0x304]),
    (0x4F0, &[0x423, 0x308]),
    (0x4F1, &[0x443, 0x308]),
    (0x4F2, &[0x423, 0x30B]),
    (0x4F3, &[0x443, 0x30B]),
    (0x4F4, &[0x427, 0x308]),
    (0x4F5, &[0x447, 0x308]),
    (0x4F8, &[0x42B, 0x308]),
    (0x4F9, &[0x44B, 0x308]),
    (0x622, &[0x627, 0x653]),
    (0x623, &[0x627, 0x654]),
    (0x624, &[0x648, 0x654]),
    (0x625, &[0x627, 0x655]),
    (0x626, &[0x64A, 0x654]),
    (0x6C0, &[0x6D5, 0x654]),
    (0x6C2, &[0x6C1, 0x654]),
    (0x6D3, &[0x6D2, 0x654]),
    (0x929, &[0x928, 0x93C]),
    (0x931, &[0x930, 0x93C]),
    (0x934, &[0x933, 0x93C]),
    (0x958, &[0x915, 0x93C]),
    (0x959, &[0x916, 0x93C]),
    (0x95A, &[0x917, 0x93C]),
    (0x95B, &[0x91C, 0x93C]),
    (0x95C, &[0x921, 0x93C]),
    (0x95D, &[0x922, 0x93C]),
    (0x95E, &[0x92B, 0x93C]),
    (0x95F, &[0x92F, 0x93C]),
    (0x9CB, &[0x9C7, 0x9BE]),
    (0x9CC, &[0x9C7, 0x9D7]),
    (0x9DC, &[0x9A1, 0x9BC]),
    (0x9DD, &[0x9A2, 0x9BC]),
    (0x9DF, &[0x9AF, 0x9BC]),
    (0xA33, &[0xA32, 0xA3C]),
    (0xA36, &[0xA38, 0xA3C]),
    (0xA59, &[0xA16, 0xA3C]),
    (0xA5A, &[0xA17, 0xA3C]),
    (0xA5B, &[0xA1C, 0xA3C]),
    (0xA5E, &[0xA2B, 0xA3C]),
    (0xB48, &[0xB47, 0xB56]),
    (0xB4B, &[0xB47, 0xB3E]),
    (0xB4C, &[0xB47, 0xB57]),
    (0xB5C, &[0xB21, 0xB3C]),
    (0xB5D, &[0xB22, 0xB3C]),
    (0xB94, &[0xB92, 0xBD7]),
    (0xBCA, &[0xBC6, 0xBBE]),
    (0xBCB, &[0xBC7, 0xBBE]),
    (0xBCC, &[0xBC6, 0xBD7]),
    (0xC48, &[0xC46, 0xC56]),
    (0xCC0, &[0xCBF, 0xCD5]),
    (0xCC7, &[0xCC6, 0xCD5]),
    (0xCC8, &[0xCC6, 0xCD6]),
    (0xCCA, &[0xCC6, 0xCC2]),
    (0xCCB, &[0xCCA, 0xCD5]),
    (0xD4A, &[0xD46, 0xD3E]),
    (0xD4B, &[0xD47, 0xD3E]),
    (0xD4C, &[0xD46, 0xD57]),
    (0xDDA, &[0xDD9, 0xDCA]),
    (0xDDC, &[0xDD9, 0xDCF]),
    (0xDDD, &[0xDDC, 0xDCA]),
    (0xDDE, &[0xDD9, 0xDDF]),
    (0xF43, &[0xF42, 0xFB7]),
    (0xF4D, &[0xF4C, 0xFB7]),
    (0xF52, &[0xF51, 0xFB7]),
    (0xF57, &[0xF56, 0xFB7]),
    (0xF5C, &[0xF5B, 0xFB7]),
    (0xF69, &[0xF40, 0xFB5]),
    (0xF73, &[0xF71, 0xF72]),
    (0xF75, &[0xF71, 0xF74]),
    (0xF76, &[0xFB2, 0xF80]),
    (0xF78, &[0xFB3, 0xF80]),
    (0xF81, &[0xF71, 0xF80]),
    (0xF93, &[0xF92, 0xFB7]),
    (0xF9D, &[0xF9C, 0xFB7]),
    (0xFA2, &[0xFA1, 0xFB7]),
    (0xFA7, &[0xFA6, 0xFB7]),
    (0xFAC, &[0xFAB, 0xFB7]),
    (0xFB9, &[0xF90, 0xFB5]),
    (0x1026, &[0x1025, 0x102E]),
    (0x1B06, &[0x1B05, 0x1B35]),
    (0x1B08, &[0x1B07, 0x1B35]),
    (0x1B0A, &[0x1B09, 0x1B35]),
    (0x1B0C, &[0x1B0B, 0x1B35]),
    (0x1B0E, &[0x1B0D, 0x1B35]),
    (0x1B12, &[0x1B11, 0x1B35]),
    (0x1B3B, &[0x1B3A, 0x1B35]),
    (0x1B3D, &[0x1B3C, 0x1B35]),
    (0x1B40, &[0x1B3E, 0x1B35]),
    (0x1B41, &[0x1B3F, 0x1B35]),
    (0x1B43, &[0x1B42, 0x1B35]),
    (0x1E00, &[0x41, 0x325]),
    (0x1E01, &[0x61, 0x325]),
    (0x1E02, &[0x42, 0x307]),
    (0x1E03, &[0x62, 0x307]),
    (0x1E04, &[0x42, 0x323]),
    (0x1E05, &[0x62, 0x323]),
    (0x1E06, &[0x42, 0x331]),
    (0x1E07, &[0x62, 0x331]),
    (0x1E08, &[0xC7, 0x301]),
    (0x1E09, &[0xE7, 0x301]),
    (0x1E0A, &[0x44, 0x307]),
    (0x1E0B, &[0x64, 0x307]),
    (0x1E0C, &[0x44, 0x323]),
    (0x1E0D, &[0x64, 0x323]),
    (0x1E0E, &[0x44, 0x331]),
    (0x1E0F, &[0x64, 0x331]),
    (0x1E10, &[0x44, 0x327]),
    (0x1E11, &[0x64, 0x327]),
    (0x1E12, &[0x44, 0x32D]),
    (0x1E13, &[0x64, 0x32D]),
    (0x1E14, &[0x112, 0x300]),
    (0x1E15, &[0x113, 0x300]),
    (0x1E16, &[0x112, 0x301]),
    (0x1E17, &[0x113, 0x301]),
    (0x1E18, &[0x45, 0x32D]),
    (0x1E19, &[0x65, 0x32D]),
    (0x1E1A, &[0x45, 0x330]),
    (0x1E1B, &[0x65, 0x330]),
    (0x1E1C, &[0x228, 0x306]),
    (0x1E1D, &[0x229, 0x306]),
    (0x1E1E, &[0x46, 0x307]),
    (0x1E1F, &[0x66, 0x307]),
    (0x1E20, &[0x47, 0x304]),
    (0x1E21, &[0x67, 0x304]),
    (0x1E22, &[0x48, 0x307]),
    (0x1E23, &[0x68, 0x307]),
    (0x1E24, &[0x48, 0x323]),
    (0x1E25, &[0x68, 0x323]),
    (0x1E26, &[0x48, 0x308]),
    (0x1E27, &[0x68, 0x308]),
    (0x1E28, &[0x48, 0x327]),
    (0x1E29, &[0x68, 0x327]),
    (0x1E2A, &[0x48, 0x32E]),
    (0x1E2B, &[0x68, 0x32E]),
    (0x1E2C, &[0x49, 0x330]),
    (0x1E2D, &[0x69, 0x330]),
    (0x1E2E, &[0xCF, 0x301]),
    (0x1E2F, &[0xEF, 0x301]),
    (0x1E30, &[0x4B, 0x301]),
    (0x1E31, &[0x6B, 0x301]),
    (0x1E32, &[0x4B, 0x323]),
    (0x1E33, &[0x6B, 0x323]),
    (0x1E34, &[0x4B, 0x331]),
    (0x1E35, &[0x6B, 0x331]),
    (0x1E36, &[0x4C, 0x323]),
    (0x1E37, &[0x6C, 0x323]),
    (0x1E38, &[0x1E36, 0x304]),
    (0x1E39, &[0x1E37, 0x304]),
    (0x1E3A, &[0x4C, 0x331]),
    (0x1E3B, &[0x6C, 0x331]),
    (0x1E3C, &[0x4C, 0x32D]),
    (0x1E3D, &[0x6C, 0x32D]),
    (0x1E3E, &[0x4D, 0x301]),
    (0x1E3F, &[0x6D, 0x301]),
    (0x1E40, &[0x4D, 0x307]),
    (0x1E41, &[0x6D, 0x307]),
    (0x1E42, &[0x4D, 0x323]),
    (0x1E43, &[0x6D, 0x323]),
    (0x1E44, &[0x4E, 0x307]),
    (0x1E45, &[0x6E, 0x307]),
    (0x1E46, &[0x4E, 0x323]),
    (0x1E47, &[0x6E, 0x323]),
    (0x1E48, &[0x4E, 0x331]),
    (0x1E49, &[0x6E, 0x331]),
    (0x1E4A, &[0x4E, 0x32D]),
    (0x1E4B, &[0x6E, 0x32D]),
    (0x1E4C, &[0xD5, 0x301]),
    (0x1E4D, &[0xF5, 0x301]),
    (0x1E4E, &[0xD5, 0x308]),
    (0x1E4F, &[0xF5, 0x308]),
    (0x1E50, &[0x14C, 0x300]),
    (0x1E51, &[0x14D, 0x300]),
    (0x1E52, &[0x14C, 0x301]),
    (0x1E53, &[0x14D, 0x301]),
    (0x1E54, &[0x50, 0x301]),
    (0x1E55, &[0x70, 0x301]),
    (0x1E56, &[0x50, 0x307]),
    (0x1E57, &[0x70, 0x307]),
    (0x1E58, &[0x52, 0x307]),
    (0x1E59, &[0x72, 0x307]),
    (0x1E5A, &[0x52, 0x323]),
    (0x1E5B, &[0x72, 0x323]),
    (0x1E5C, &[0x1E5A, 0x304]),
    (0x1E5D, &[0x1E5B, 0x304]),
    (0x1E5E, &[0x52, 0x331]),
    (0x1E5F, &[0x72, 0x331]),
    (0x1E60, &[0x53, 0x307]),
    (0x1E61, &[0x73, 0x307]),
    (0x1E62, &[0x53, 0x323]),
    (0x1E63, &[0x73, 0x323]),
    (0x1E64, &[0x15A, 0x307]),
    (0x1E65, &[0x15B, 0x307]),
    (0x1E66, &[0x160, 0x307]),
    (0x1E67, &[0x161, 0x307]),
    (0x1E68, &[0x1E62, 0x307]),
    (0x1E69, &[0x1E63, 0x307]),
    (0x1E6A, &[0x54, 0x307]),
    (0x1E6B, &[0x74, 0x307]),
    (0x1E6C, &[0x54, 0x323]),
    (0x1E6D, &[0x74, 0x323]),
    (0x1E6E, &[0x54, 0x331]),
    (0x1E6F, &[0x74, 0x331]),
    (0x1E70, &[0x54, 0x32D]),
    (0x1E71, &[0x74, 0x32D]),
    (0x1E72, &[0x55, 0x324]),
    (0x1E73, &[0x75, 0x324]),
    (0x1E74, &[0x55, 0x330]),
    (0x1E75, &[0x75, 0x330]),
    (0x1E76, &[0x55, 0x32D]),
    (0x1E77, &[0x75, 0x32D]),
    (0x1E78, &[0x168, 0x301]),
    (0x1E79, &[0x169, 0x301]),
    (0x1E7A, &[0x16A, 0x308]),
    (0x1E7B, &[0x16B, 0x308]),
    (0x1E7C, &[0x56, 0x303]),
    (0x1E7D, &[0x76, 0x303]),
    (0x1E7E, &[0x56, 0x323]),
    (0x1E7F, &[0x76, 0x323]),
    (0x1E80, &[0x57, 0x300]),
    (0x1E81, &[0x77, 0x300]),
    (0x1E82, &[0x57, 0x301]),
    (0x1E83, &[0x77, 0x301]),
    (0x1E84, &[0x57, 0x308]),
    (0x1E85, &[0x77, 0x308]),
    (0x1E86, &[0x57, 0x307]),
    (0x1E87, &[0x77, 0x307]),
    (0x1E88, &[0x57, 0x323]),
    (0x1E89, &[0x77, 0x323]),
    (0x1E8A, &[0x58, 0x307]),
    (0x1E8B, &[0x78, 0x307]),
    (0x1E8C, &[0x58, 0x308]),
    (0x1E8D, &[0x78, 0x308]),
    (0x1E8E, &[0x59, 0x307]),
    (0x1E8F, &[0x79, 0x307]),
    (0x1E90, &[0x5A, 0x302]),
    (0x1E91, &[0x7A, 0x302]),
    (0x1E92, &[0x5A, 0x323]),
    (0x1E93, &[0x7A, 0x323]),
    (0x1E94, &[0x5A, 0x331]),
    (0x1E95, &[0x7A, 0x331]),
    (0x1E96, &[0x68, 0x331]),
    (0x1E97, &[0x74, 0x308]),
    (0x1E98, &[0x77, 0x30A]),
    (0x1E99, &[0x79, 0x30A]),
    (0x1E9B, &[0x17F, 0x307]),
    (0x1EA0, &[0x41, 0x323]),
    (0x1EA1, &[0x61, 0x323]),
    (0x1EA2, &[0x41, 0x309]),
    (0x1EA3, &[0x61, 0x309]),
    (0x1EA4, &[0xC2, 0x301]),
    (0x1EA5, &[0xE2, 0x301]),
    (0x1EA6, &[0xC2, 0x300]),
    (0x1EA7, &[0xE2, 0x300]),
    (0x1EA8, &[0xC2, 0x309]),
    (0x1EA9, &[0xE2, 0x309]),
    (0x1EAA, &[0xC2, 0x303]),
    (0x1EAB, &[0xE2, 0x303]),
    (0x1EAC, &[0x1EA0, 0x302]),
    (0x1EAD, &[0x1EA1, 0x302]),
    (0x1EAE, &[0x102, 0x301]),
    (0x1EAF, &[0x103, 0x301]),
    (0x1EB0, &[0x102, 0x300]),
    (0x1EB1, &[0x103, 0x300]),
    (0x1EB2, &[0x102, 0x309]),
    (0x1EB3, &[0x103, 0x309]),
    (0x1EB4, &[0x102, 0x303]),
    (0x1EB5, &[0x103, 0x303]),
    (0x1EB6, &[0x1EA0, 0x306]),
    (0x1EB7, &[0x1EA1, 0x306]),
    (0x1EB8, &[0x45, 0x323]),
    (0x1EB9, &[0x65, 0x323]),
    (0x1EBA, &[0x45, 0x309]),
    (0x1EBB, &[0x65, 0x309]),
    (0x1EBC, &[0x45, 0x303]),
    (0x1EBD, &[0x65, 0x303]),
    (0x1EBE, &[0xCA, 0x301]),
    (0x1EBF, &[0xEA, 0x301]),
    (0x1EC0, &[0xCA, 0x300]),
    (0x1EC1, &[0xEA, 0x300]),
    (0x1EC2, &[0xCA, 0x309]),
    (0x1EC3, &[0xEA, 0x309]),
    (0x1EC4, &[0xCA, 0x303]),
    (0x1EC5, &[0xEA, 0x303]),
    (0x1EC6, &[0x1EB8, 0x302]),
    (0x1EC7, &[0x1EB9, 0x302]),
    (0x1EC8, &[0x49, 0x309]),
    (0x1EC9, &[0x69, 0x309]),
    (0x1ECA, &[0x49, 0x323]),
    (0x1ECB, &[0x69, 0x323]),
    (0x1ECC, &[0x4F, 0x323]),
    (0x1ECD, &[0x6F, 0x323]),
    (0x1ECE, &[0x4F, 0x309]),
    (0x1ECF, &[0x6F, 0x309]),
    (0x1ED0, &[0xD4, 0x301]),
    (0x1ED1, &[0xF4, 0x301]),
    (0x1ED2, &[0xD4, 0x300]),
    (0x1ED3, &[0xF4, 0x300]),
    (0x1ED4, &[0xD4, 0x309]),
    (0x1ED5, &[0xF4, 0x309]),
    (0x1ED6, &[0xD4, 0x303]),
    (0x1ED7, &[0xF4, 0x303]),
    (0x1ED8, &[0x1ECC, 0x302]),
    (0x1ED9, &[0x1ECD, 0x302]),
    (0x1EDA, &[0x1A0, 0x301]),
    (0x1EDB, &[0x1A1, 0x301]),
    (0x1EDC, &[0x1A0, 0x300]),
    (0x1EDD, &[0x1A1, 0x300]),
    (0x1EDE, &[0x1A0, 0x309]),
    (0x1EDF, &[0x1A1, 0x309]),
    (0x1EE0, &[0x1A0, 0x303]),
    (0x1EE1, &[0x1A1, 0x303]),
    (0x1EE2, &[0x1A0, 0x323]),
    (0x1EE3, &[0x1A1, 0x323]),
    (0x1EE4, &[0x55, 0x323]),
    (0x1EE5, &[0x75, 0x323]),
    (0x1EE6, &[0x55, 0x309]),
    (0x1EE7, &[0x75, 0x309]),
    (0x1EE8, &[0x1AF, 0x301]),
    (0x1EE9, &[0x1B0, 0x301]),
    (0x1EEA, &[0x1AF, 0x300]),
    (0x1EEB, &[0x1B0, 0x300]),
    (0x1EEC, &[0x1AF, 0x309]),
    (0x1EED, &[0x1B0, 0x309]),
    (0x1EEE, &[0x1AF, 0x303]),
    (0x1EEF, &[0x1B0, 0x303]),
    (0x1EF0, &[0x1AF, 0x323]),
    (0x1EF1, &[0x1B0, 0x323]),
    (0x1EF2, &[0x59, 0x300]),
    (0x1EF3, &[0x79, 0x300]),
    (0x1EF4, &[0x59, 0x323]),
    (0x1EF5, &[0x79, 0x323]),
    (0x1EF6, &[0x59, 0x309]),
    (0x1EF7, &[0x79, 0x309]),
    (0x1EF8, &[0x59, 0x303]),
    (0x1EF9, &[0x79, 0x303]),
    (0x1F00, &[0x3B1, 0x313]),
    (0x1F01, &[0x3B1, 0x314]),
    (0x1F02, &[0x1F00, 0x300]),
    (0x1F03, &[0x1F01, 0x300]),
    (0x1F04, &[0x1F00, 0x301]),
    (0x1F05, &[0x1F01, 0x301]),
    (0x1F06, &[0x1F00, 0x342]),
    (0x1F07, &[0x1F01, 0x342]),
    (0x1F08, &[0x391, 0x313]),
    (0x1F09, &[0x391, 0x314]),
    (0x1F0A, &[0x1F08, 0x300]),
    (0x1F0B, &[0x1F09, 0x300]),
    (0x1F0C, &[0x1F08, 0x301]),
    (0x1F0D, &[0x1F09, 0x301]),
    (0x1F0E, &[0x1F08, 0x342]),
    (0x1F0F, &[0x1F09, 0x342]),
    (0x1F10, &[0x3B5, 0x313]),
    (0x1F11, &[0x3B5, 0x314]),
    (0x1F12, &[0x1F10, 0x300]),
    (0x1F13, &[0x1F11, 0x300]),
    (0x1F14, &[0x1F10, 0x301]),
    (0x1F15, &[0x1F11, 0x301]),
    (0x1F18, &[0x395, 0x313]),
    (0x1F19, &[0x395, 0x314]),
    (0x1F1A, &[0x1F18, 0x300]),
    (0x1F1B, &[0x1F19, 0x300]),
    (0x1F1C, &[0x1F18, 0x301]),
    (0x1F1D, &[0x1F19, 0x301]),
    (0x1F20, &[0x3B7, 0x313]),
    (0x1F21, &[0x3B7, 0x314]),
    (0x1F22, &[0x1F20, 0x300]),
    (0x1F23, &[0x1F21, 0x300]),
    (0x1F24, &[0x1F20, 0x301]),
    (0x1F25, &[0x1F21, 0x301]),
    (0x1F26, &[0x1F20, 0x342]),
    (0x1F27, &[0x1F21, 0x342]),
    (0x1F28, &[0x397, 0x313]),
    (0x1F29, &[0x397, 0x314]),
    (0x1F2A, &[0x1F28, 0x300]),
    (0x1F2B, &[0x1F29, 0x300]),
    (0x1F2C, &[0x1F28, 0x301]),
    (0x1F2D, &[0x1F29, 0x301]),
    (0x1F2E, &[0x1F28, 0x342]),
    (0x1F2F, &[0x1F29, 0x342]),
    (0x1F30, &[0x3B9, 0x313]),
    (0x1F31, &[0x3B9, 0x314]),
    (0x1F32, &[0x1F30, 0x300]),
    (0x1F33, &[0x1F31, 0x300]),
    (0x1F34, &[0x1F30, 0x301]),
    (0x1F35, &[0x1F31, 0x301]),
    (0x1F36, &[0x1F30, 0x342]),
    (0x1F37, &[0x1F31, 0x342]),
    (0x1F38, &[0x399, 0x313]),
    (0x1F39, &[0x399, 0x314]),
    (0x1F3A, &[0x1F38, 0x300]),
    (0x1F3B, &[0x1F39, 0x300]),
    (0x1F3C, &[0x1F38, 0x301]),
    (0x1F3D, &[0x1F39, 0x301]),
    (0x1F3E, &[0x1F38, 0x342]),
    (0x1F3F, &[0x1F39, 0x342]),
    (0x1F40, &[0x3BF, 0x313]),
    (0x1F41, &[0x3BF, 0x314]),
    (0x1F42, &[0x1F40, 0x300]),
    (0x1F43, &[0x1F41, 0x300]),
    (0x1F44, &[0x1F40, 0x301]),
    (0x1F45, &[0x1F41, 0x301]),
    (0x1F48, &[0x39F, 0x313]),
    (0x1F49, &[0x39F, 0x314]),
    (0x1F4A, &[0x1F48, 0x300]),
    (0x1F4B, &[0x1F49, 0x300]),
    (0x1F4C, &[0x1F48, 0x301]),
    (0x1F4D, &[0x1F49, 0x301]),
    (0x1F50, &[0x3C5, 0x313]),
    (0x1F51, &[0x3C5, 0x314]),
    (0x1F52, &[0x1F50, 0x300]),
    (0x1F53, &[0x1F51, 0x300]),
    (0x1F54, &[0x1F50, 0x301]),
    (0x1F55, &[0x1F51, 0x301]),
    (0x1F56, &[0x1F50, 0x342]),
    (0x1F57, &[0x1F51, 0x342]),
    (0x1F59, &[0x3A5, 0x314]),
    (0x1F5B, &[0x1F59, 0x300]),
    (0x1F5D, &[0x1F59, 0x301]),
    (0x1F5F, &[0x1F59, 0x342]),
    (0x1F60, &[0x3C9, 0x313]),
    (0x1F61, &[0x3C9, 0x314]),
    (0x1F62, &[0x1F60, 0x300]),
    (0x1F63, &[0x1F61, 0x300]),
    (0x1F64, &[0x1F60, 0x301]),
    (0x1F65, &[0x1F61, 0x301]),
    (0x1F66, &[0x1F60, 0x342]),
    (0x1F67, &[0x1F61, 0x342]),
    (0x1F68, &[0x3A9, 0x313]),
    (0x1F69, &[0x3A9, 0x314]),
    (0x1F6A, &[0x1F68, 0x300]),
    (0x1F6B, &[0x1F69, 0x300]),
    (0x1F6C, &[0x1F68, 0x301]),
    (0x1F6D, &[0x1F69, 0x301]),
    (0x1F6E, &[0x1F68, 0x342]),
    (0x1F6F, &[0x1F69, 0x342]),
    (0x1F70, &[0x3B1, 0x300]),
    (0x1F71, &[0x3AC]),
    (0x1F72, &[0x3B5, 0x300]),
    (0x1F73, &[0x3AD]),
    (0x1F74, &[0x3B7, 0x300]),
    (0x1F75, &[0x3AE]),
    (0x1F76, &[0x3B9, 0x300]),
    (0x1F77, &[0x3AF]),
    (0x1F78, &[0x3BF, 0x300]),
    (0x1F79, &[0x3CC]),
    (0x1F7A, &[0x3C5, 0x300]),
    (0x1F7B, &[0x3CD]),
    (0x1F7C, &[0x3C9, 0x300]),
    (0x1F7D, &[0x3CE]),
    (0x1F80, &[0x1F00, 0x345]),
    (0x1F81, &[0x1F01, 0x345]),
    (0x1F82, &[0x1F02, 0x345]),
    (0x1F83, &[0x1F03, 0x345]),
    (0x1F84, &[0x1F04, 0x345]),
    (0x1F85, &[0x1F05, 0x345]),
    (0x1F86, &[0x1F06, 0x345]),
    (0x1F87, &[0x1F07, 0x345]),
    (0x1F88, &[0x1F08, 0x345]),
    (0x1F89, &[0x1F09, 0x345]),
    (0x1F8A, &[0x1F0A, 0x345]),
    (0x1F8B, &[0x1F0B, 0x345]),
    (0x1F8C, &[0x1F0C, 0x345]),
    (0x1F8D, &[0x1F0D, 0x345]),
    (0x1F8E, &[0x1F0E, 0x345]),
    (0x1F8F, &[0x1F0F, 0x345]),
    (0x1F90, &[0x1F20, 0x345]),
    (0x1F91, &[0x1F21, 0x345]),
    (0x1F92, &[0x1F22, 0x345]),
    (0x1F93, &[0x1F23, 0x345]),
    (0x1F94, &[0x1F24, 0x345]),
    (0x1F95, &[0x1F25, 0x345]),
    (0x1F96, &[0x1F26, 0x345]),
    (0x1F97, &[0x1F27, 0x345]),
    (0x1F98, &[0x1F28, 0x345]),
    (0x1F99, &[0x1F29, 0x345]),
    (0x1F9A, &[0x1F2A, 0x345]),
    (0x1F9B, &[0x1F2B, 0x345]),
    (0x1F9C, &[0x1F2C, 0x345]),
    (0x1F9D, &[0x1F2D, 0x345]),
    (0x1F9E, &[0x1F2E, 0x345]),
    (0x1F9F, &[0x1F2F, 0x345]),
    (0x1FA0, &[0x1F60, 0x345]),
    (0x1FA1, &[0x1F61, 0x345]),
    (0x1FA2, &[0x1F62, 0x345]),
    (0x1FA3, &[0x1F63, 0x345]),
    (0x1FA4, &[0x1F64, 0x345]),
    (0x1FA5, &[0x1F65, 0x345]),
    (0x1FA6, &[0x1F66, 0x345]),
    (0x1FA7, &[0x1F67, 0x345]),
    (0x1FA8, &[0x1F68, 0x345]),
    (0x1FA9, &[0x1F69, 0x345]),
    (0x1FAA, &[0x1F6A, 0x345]),
    (0x1FAB, &[0x1F6B, 0x345]),
    (0x1FAC, &[0x1F6C, 0x345]),
    (0x1FAD, &[0x1F6D, 0x345]),
    (0x1FAE, &[0x1F6E, 0x345]),
    (0x1FAF, &[0x1F6F, 0x345]),
    (0x1FB0, &[0x3B1, 0x306]),
    (0x1FB1, &[0x3B1, 0x304]),
    (0x1FB2, &[0x1F70, 0x345]),
    (0x1FB3, &[0x3B1, 0x345]),
    (0x1FB4, &[0x3AC, 0x345]),
    (0x1FB6, &[0x3B1, 0x342]),
    (0x1FB7, &[0x1FB6, 0x345]),
    (0x1FB8, &[0x391, 0x306]),
    (0x1FB9, &[0x391, 0x304]),
    (0x1FBA, &[0x391, 0x300]),
    (0x1FBB, &[0x386]),
    (0x1FBC, &[0x391, 0x345]),
    (0x1FBE, &[0x3B9]),
    (0x1FC1, &[0xA8, 0x342]),
    (0x1FC2, &[0x1F74, 0x345]),
    (0x1FC3, &[0x3B7, 0x345]),
    (0x1FC4, &[0x3AE, 0x345]),
    (0x1FC6, &[0x3B7, 0x342]),
    (0x1FC7, &[0x1FC6, 0x345]),
    (0x1FC8, &[0x395, 0x300]),
    (0x1FC9, &[0x388]),
    (0x1FCA, &[0x397, 0x300]),
    (0x1FCB, &[0x389]),
    (0x1FCC, &[0x397, 0x345]),
    (0x1FCD, &[0x1FBF, 0x300]),
    (0x1FCE, &[0x1FBF, 0x301]),
    (0x1FCF, &[0x1FBF, 0x342]),
    (0x1FD0, &[0x3B9, 0x306]),
    (0x1FD1, &[0x3B9, 0x304]),
    (0x1FD2, &[0x3CA, 0x300]),
    (0x1FD3, &[0x390]),
    (0x1FD6, &[0x3B9, 0x342]),
    (0x1FD7, &[0x3CA, 0x342]),
    (0x1FD8, &[0x399, 0x306]),
    (0x1FD9, &[0x399, 0x304]),
    (0x1FDA, &[0x399, 0x300]),
    (0x1FDB, &[0x38A]),
    (0x1FDD, &[0x1FFE, 0x300]),
    (0x1FDE, &[0x1FFE, 0x301]),
    (0x1FDF, &[0x1FFE, 0x342]),
    (0x1FE0, &[0x3C5, 0x306]),
    (0x1FE1, &[0x3C5, 0x304]),
    (0x1FE2, &[0x3CB, 0x300]),
    (0x1FE3, &[0x3B0]),
    (0x1FE4, &[0x3C1, 0x313]),
    (0x1FE5, &[0x3C1, 0x314]),
    (0x1FE6, &[0x3C5, 0x342]),
    (0x1FE7, &[0x3CB, 0x342]),
    (0x1FE8, &[0x3A5, 0x306]),
    (0x1FE9, &[0x3A5, 0x304]),
    (0x1FEA, &[0x3A5, 0x300]),
    (0x1FEB, &[0x38E]),
    (0x1FEC, &[0x3A1, 0x314]),
    (0x1FED, &[0xA8, 0x300]),
    (0x1FEE, &[0x385]),
    (0x1FEF, &[0x60]),
    (0x1FF2, &[0x1F7C, 0x345]),
    (0x1FF3, &[0x3C9, 0x345]),
    (0x1FF4, &[0x3CE, 0x345]),
    (0x1FF6, &[0x3C9, 0x342]),
    (0x1FF7, &[0x1FF6, 0x345]),
    (0x1FF8, &[0x39F, 0x300]),
    (0x1FF9, &[0x38C]),
    (0x1FFA, &[0x3A9, 0x300]),
    (0x1FFB, &[0x38F]),
    (0x1FFC, &[0x3A9, 0x345]),
    (0x1FFD, &[0xB4]),
    (0x2000, &[0x2002]),
    (0x2001, &[0x2003]),
    (0x2126, &[0x3A9]),
    (0x212A, &[0x4B]),
    (0x212B, &[0xC5]),
    (0x219A, &[0x2190, 0x338]),
    (0x219B, &[0x2192, 0x338]),
    (0x21AE, &[0x2194, 0x338]),
    (0x21CD, &[0x21D0, 0x338]),
    (0x21CE, &[0x21D4, 0x338]),
    (0x21CF, &[0x21D2, 0x338]),
    (0x2204, &[0x2203, 0x338]),
    (0x2209, &[0x2208, 0x338]),
    (0x220C, &[0x220B, 0x338]),
    (0x2224, &[0x2223, 0x338]),
    (0x2226, &[0x2225, 0x338]),
    (0x2241, &[0x223C, 0x338]),
    (0x2244, &[0x2243, 0x338]),
    (0x2247, &[0x2245, 0x338]),
    (0x2249, &[0x2248, 0x338]),
    (0x2260, &[0x3D, 0x338]),
    (0x2262, &[0x2261, 0x338]),
    (0x226D, &[0x224D, 0x338]),
    (0x226E, &[0x3C, 0x338]),
    (0x226F, &[0x3E, 0x338]),
    (0x2270, &[0x2264, 0x338]),
    (0x2271, &[0x2265, 0x338]),
    (0x2274, &[0x2272, 0x338]),
    (0x2275, &[0x2273, 0x338]),
    (0x2278, &[0x2276, 0x338]),
    (0x2279, &[0x2277, 0x338]),
    (0x2280, &[0x227A, 0x338]),
    (0x2281, &[0x227B, 0x338]),
    (0x2284, &[0x2282, 0x338]),
    (0x2285, &[0x2283, 0x338]),
    (0x2288, &[0x2286, 0x338]),
    (0x2289, &[0x2287, 0x338]),
    (0x22AC, &[0x22A2, 0x338]),
    (0x22AD, &[0x22A8, 0x338]),
    (0x22AE, &[0x22A9, 0x338]),
    (0x22AF, &[0x22AB, 0x338]),
    (0x22E0, &[0x227C, 0x338]),
    (0x22E1, &[0x227D, 0x338]),
    (0x22E2, &[0x2291, 0x338]),
    (0x22E3, &[0x2292, 0x338]),
    (0x22EA, &[0x22B2, 0x338]),
    (0x22EB, &[0x22B3, 0x338]),
    (0x22EC, &[0x22B4, 0x338]),
    (0x22ED, &[0x22B5, 0x338]),
    (0x2329, &[0x3008]),
    (0x232A, &[0x3009]),
    (0x2ADC, &[0x2ADD, 0x338]),
    (0x304C, &[0x304B, 0x3099]),
    (0x304E, &[0x304D, 0x3099]),
    (0x3050, &[0x304F, 0x3099]),
    (0x3052, &[0x3051, 0x3099]),
    (0x3054, &[0x3053, 0x3099]),
    (0x3056, &[0x3055, 0x3099]),
    (0x3058, &[0x3057, 0x3099]),
    (0x305A, &[0x3059, 0x3099]),
    (0x305C, &[0x305B, 0x3099]),
    (0x305E, &[0x305D, 0x3099]),
    (0x3060, &[0x305F, 0x3099]),
    (0x3062, &[0x3061, 0x3099]),
    (0x3065, &[0x3064, 0x3099]),
    (0x3067, &[0x3066, 0x3099]),
    (0x3069, &[0x3068, 0x3099]),
    (0x3070, &[0x306F, 0x3099]),
    (0x3071, &[0x306F, 0x309A]),
    (0x3073, &[0x3072, 0x3099]),
    (0x3074, &[0x3072, 0x309A]),
    (0x3076, &[0x3075, 0x3099]),
    (0x3077, &[0x3075, 0x309A]),
    (0x3079, &[0x3078, 0x3099]),
    (0x307A, &[0x3078, 0x309A]),
    (0x307C, &[0x307B, 0x3099]),
    (0x307D, &[0x307B, 0x309A]),
    (0x3094, &[0x3046, 0x3099]),
    (0x309E, &[0x309D, 0x3099]),
    (0x30AC, &[0x30AB, 0x3099]),
    (0x30AE, &[0x30AD, 0x3099]),
    (0x30B0, &[0x30AF, 0x3099]),
    (0x30B2, &[0x30B1, 0x3099]),
    (0x30B4, &[0x30B3, 0x3099]),
    (0x30B6, &[0x30B5, 0x3099]),
    (0x30B8, &[0x30B7, 0x3099]),
    (0x30BA, &[0x30B9, 0x3099]),
    (0x30BC, &[0x30BB, 0x3099]),
    (0x30BE, &[0x30BD, 0x3099]),
    (0x30C0, &[0x30BF, 0x3099]),
    (0x30C2, &[0x30C1, 0x3099]),
    (0x30C5, &[0x30C4, 0x3099]),
    (0x30C7, &[0x30C6, 0x3099]),
    (0x30C9, &[0x30C8, 0x3099]),
    (0x30D0, &[0x30CF, 0x3099]),
    (0x30D1, &[0x30CF, 0x309A]),
    (0x30D3, &[0x30D2, 0x3099]),
    (0x30D4, &[0x30D2, 0x309A]),
    (0x30D6, &[0x30D5, 0x3099]),
    (0x30D7, &[0x30D5, 0x309A]),
    (0x30D9, &[0x30D8, 0x3099]),
    (0x30DA, &[0x30D8, 0x309A]),
    (0x30DC, &[0x30DB, 0x3099]),
    (0x30DD, &[0x30DB, 0x309A]),
    (0x30F4, &[0x30A6, 0x3099]),
    (0x30F7, &[0x30EF, 0x3099]),
    (0x30F8, &[0x30F0, 0x3099]),
    (0x30F9, &[0x30F1, 0x3099]),
    (0x30FA, &[0x30F2, 0x3099]),
    (0x30FE, &[0x30FD, 0x3099]),
    (0xF900, &[0x8C48]),
    (0xF901, &[0x66F4]),
    (0xF902, &[0x8ECA]),
    (0xF903, &[0x8CC8]),
    (0xF904, &[0x6ED1]),
    (0xF905, &[0x4E32]),
    (0xF906, &[0x53E5]),
    (0xF907, &[0x9F9C]),
    (0xF908, &[0x9F9C]),
    (0xF909, &[0x5951]),
    (0xF90A, &[0x91D1]),
    (0xF90B, &[0x5587]),
    (0xF90C, &[0x5948]),
    (0xF90D, &[0x61F6]),
    (0xF90E, &[0x7669]),
    (0xF90F, &[0x7F85]),
    (0xF910, &[0x863F]),
    (0xF911, &[0x87BA]),
    (0xF912, &[0x88F8]),
    (0xF913, &[0x908F]),
    (0xF914, &[0x6A02]),
    (0xF915, &[0x6D1B]),
    (0xF916, &[0x70D9]),
    (0xF917, &[0x73DE]),
    (0xF918, &[0x843D]),
    (0xF919, &[0x916A]),
    (0xF91A, &[0x99F1]),
    (0xF91B, &[0x4E82]),
    (0xF91C, &[0x5375]),
    (0xF91D, &[0x6B04]),
    (0xF91E, &[0x721B]),
    (0xF91F, &[0x862D]),
    (0xF920, &[0x9E1E]),
    (0xF921, &[0x5D50]),
    (0xF922, &[0x6FEB]),
    (0xF923, &[0x85CD]),
    (0xF924, &[0x8964]),
    (0xF925, &[0x62C9]),
    (0xF926, &[0x81D8]),
    (0xF927, &[0x881F]),
    (0xF928, &[0x5ECA]),
    (0xF929, &[0x6717]),
    (0xF92A, &[0x6D6A]),
    (0xF92B, &[0x72FC]),
    (0xF92C, &[0x90CE]),
    (0xF92D, &[0x4F86]),
    (0xF92E, &[0x51B7]),
    (0xF92F, &[0x52DE]),
    (0xF930, &[0x64C4]),
    (0xF931, &[0x6AD3]),
    (0xF932, &[0x7210]),
    (0xF933, &[0x76E7]),
    (0xF934, &[0x8001]),
    (0xF935, &[0x8606]),
    (0xF936, &[0x865C]),
    (0xF937, &[0x8DEF]),
    (0xF938, &[0x9732]),
    (0xF939, &[0x9B6F]),
    (0xF93A, &[0x9DFA]),
    (0xF93B, &[0x788C]),
    (0xF93C, &[0x797F]),
    (0xF93D, &[0x7DA0]),
    (0xF93E, &[0x83C9]),
    (0xF93F, &[0x9304]),
    (0xF940, &[0x9E7F]),
    (0xF941, &[0x8AD6]),
    (0xF942, &[0x58DF]),
    (0xF943, &[0x5F04]),
    (0xF944, &[0x7C60]),
    (0xF945, &[0x807E]),
    (0xF946, &[0x7262]),
    (0xF947, &[0x78CA]),
    (0xF948, &[0x8CC2]),
    (0xF949, &[0x96F7]),
    (0xF94A, &[0x58D8]),
    (0xF94B, &[0x5C62]),
    (0xF94C, &[0x6A13]),
    (0xF94D, &[0x6DDA]),
    (0xF94E, &[0x6F0F]),
    (0xF94F, &[0x7D2F]),
    (0xF950, &[0x7E37]),
    (0xF951, &[0x964B]),
    (0xF952, &[0x52D2]),
    (0xF953, &[0x808B]),
    (0xF954, &[0x51DC]),
    (0xF955, &[0x51CC]),
    (0xF956, &[0x7A1C]),
    (0xF957, &[0x7DBE]),
    (0xF958, &[0x83F1]),
    (0xF959, &[0x9675]),
    (0xF95A, &[0x8B80]),
    (0xF95B, &[0x62CF]),
    (0xF95C, &[0x6A02]),
    (0xF95D, &[0x8AFE]),
    (0xF95E, &[0x4E39]),
    (0xF95F, &[0x5BE7]),
    (0xF960, &[0x6012]),
    (0xF961, &[0x7387]),
    (0xF962, &[0x7570]),
    (0xF963, &[0x5317]),
    (0xF964, &[0x78FB]),
    (0xF965, &[0x4FBF]),
    (0xF966, &[0x5FA9]),
    (0xF967, &[0x4E0D]),
    (0xF968, &[0x6CCC]),
    (0xF969, &[0x6578]),
    (0xF96A, &[0x7D22]),
    (0xF96B, &[0x53C3]),
    (0xF96C, &[0x585E]),
    (0xF96D, &[0x7701]),
    (0xF96E, &[0x8449]),
    (0xF96F, &[0x8AAA]),
    (0xF970, &[0x6BBA]),
    (0xF971, &[0x8FB0]),
    (0xF972, &[0x6C88]),
    (0xF973, &[0x62FE]),
    (0xF974, &[0x82E5]),
    (0xF975, &[0x63A0]),
    (0xF976, &[0x7565]),
    (0xF977, &[0x4EAE]),
    (0xF978, &[0x5169]),
    (0xF979, &[0x51C9]),
    (0xF97A, &[0x6881]),
    (0xF97B, &[0x7CE7]),
    (0xF97C, &[0x826F]),
    (0xF97D, &[0x8AD2]),
    (0xF97E, &[0x91CF]),
    (0xF97F, &[0x52F5]),
    (0xF980, &[0x5442]),
    (0xF981, &[0x5973]),
    (0xF982, &[0x5EEC]),
    (0xF983, &[0x65C5]),
    (0xF984, &[0x6FFE]),
    (0xF985, &[0x792A]),
    (0xF986, &[0x95AD]),
    (0xF987, &[0x9A6A]),
    (0xF988, &[0x9E97]),
    (0xF989, &[0x9ECE]),
    (0xF98A, &[0x529B]),
    (0xF98B, &[0x66C6]),
    (0xF98C, &[0x6B77]),
    (0xF98D, &[0x8F62]),
    (0xF98E, &[0x5E74]),
    (0xF98F, &[0x6190]),
    (0xF990, &[0x6200]),
    (0xF991, &[0x649A]),
    (0xF992, &[0x6F23]),
    (0xF993, &[0x7149]),
    (0xF994, &[0x7489]),
    (0xF995, &[0x79CA]),
    (0xF996, &[0x7DF4]),
    (0xF997, &[0x806F]),
    (0xF998, &[0x8F26]),
    (0xF999, &[0x84EE]),
    (0xF99A, &[0x9023]),
    (0xF99B, &[0x934A]),
    (0xF99C, &[0x5217]),
    (0xF99D, &[0x52A3]),
    (0xF99E, &[0x54BD]),
    (0xF99F, &[0x70C8]),
    (0xF9A0, &[0x88C2]),
    (0xF9A1, &[0x8AAA]),
    (0xF9A2, &[0x5EC9]),
    (0xF9A3, &[0x5FF5]),
    (0xF9A4, &[0x637B]),
    (0xF9A5, &[0x6BAE]),
    (0xF9A6, &[0x7C3E]),
    (0xF9A7, &[0x7375]),
    (0xF9A8, &[0x4EE4]),
    (0xF9A9, &[0x56F9]),
    (0xF9AA, &[0x5BE7]),
    (0xF9AB, &[0x5DBA]),
    (0xF9AC, &[0x601C]),
    (0xF9AD, &[0x73B2]),
    (0xF9AE, &[0x7469]),
    (0xF9AF, &[0x7F9A]),
    (0xF9B0, &[0x8046]),
    (0xF9B1, &[0x9234]),
    (0xF9B2, &[0x96F6]),
    (0xF9B3, &[0x9748]),
    (0xF9B4, &[0x9818]),
    (0xF9B5, &[0x4F8B]),
    (0xF9B6, &[0x79AE]),
    (0xF9B7, &[0x91B4]),
    (0xF9B8, &[0x96B8]),
    (0xF9B9, &[0x60E1]),
    (0xF9BA, &[0x4E86]),
    (0xF9BB, &[0x50DA]),
    (0xF9BC, &[0x5BEE]),
    (0xF9BD, &[0x5C3F]),
    (0xF9BE, &[0x6599]),
    (0xF9BF, &[0x6A02]),
    (0xF9C0, &[0x71CE]),
    (0xF9C1, &[0x7642]),
    (0xF9C2, &[0x84FC]),
    (0xF9C3, &[0x907C]),
    (0xF9C4, &[0x9F8D]),
    (0xF9C5, &[0x6688]),
    (0xF9C6, &[0x962E]),
    (0xF9C7, &[0x5289]),
    (0xF9C8, &[0x677B]),
    (0xF9C9, &[0x67F3]),
    (0xF9CA, &[0x6D41]),
    (0xF9CB, &[0x6E9C]),
    (0xF9CC, &[0x7409]),
    (0xF9CD, &[0x7559]),
    (0xF9CE, &[0x786B]),
    (0xF9CF, &[0x7D10]),
    (0xF9D0, &[0x985E]),
    (0xF9D1, &[0x516D]),
    (0xF9D2, &[0x622E]),
    (0xF9D3, &[0x9678]),
    (0xF9D4, &[0x502B]),
    (0xF9D5, &[0x5D19]),
    (0xF9D6, &[0x6DEA]),
    (0xF9D7, &[0x8F2A]),
    (0xF9D8, &[0x5F8B]),
    (0xF9D9, &[0x6144]),
    (0xF9DA, &[0x6817]),
    (0xF9DB, &[0x7387]),
    (0xF9DC, &[0x9686]),
    (0xF9DD, &[0x5229]),
    (0xF9DE, &[0x540F]),
    (0xF9DF, &[0x5C65]),
    (0xF9E0, &[0x6613]),
    (0xF9E1, &[0x674E]),
    (0xF9E2, &[0x68A8]),
    (0xF9E3, &[0x6CE5]),
    (0xF9E4, &[0x7406]),
    (0xF9E5, &[0x75E2]),
    (0xF9E6, &[0x7F79]),
    (0xF9E7, &[0x88CF]),
    (0xF9E8, &[0x88E1]),
    (0xF9E9, &[0x91CC]),
    (0xF9EA, &[0x96E2]),
    (0xF9EB, &[0x533F]),
    (0xF9EC, &[0x6EBA]),
    (0xF9ED, &[0x541D]),
    (0xF9EE, &[0x71D0]),
    (0xF9EF, &[0x7498]),
    (0xF9F0, &[0x85FA]),
    (0xF9F1, &[0x96A3]),
    (0xF9F2, &[0x9C57]),
    (0xF9F3, &[0x9E9F]),
    (0xF9F4, &[0x6797]),
    (0xF9F5, &[0x6DCB]),
    (0xF9F6, &[0x81E8]),
    (0xF9F7, &[0x7ACB]),
    (0xF9F8, &[0x7B20]),
    (0xF9F9, &[0x7C92]),
    (0xF9FA, &[0x72C0]),
    (0xF9FB, &[0x7099]),
    (0xF9FC, &[0x8B58]),
    (0xF9FD, &[0x4EC0]),
    (0xF9FE, &[0x8336]),
    (0xF9FF, &[0x523A]),
    (0xFA00, &[0x5207]),
    (0xFA01, &[0x5EA6]),
    (0xFA02, &[0x62D3]),
    (0xFA03, &[0x7CD6]),
    (0xFA04, &[0x5B85]),
    (0xFA05, &[0x6D1E]),
    (0xFA06, &[0x66B4]),
    (0xFA07, &[0x8F3B]),
    (0xFA08, &[0x884C]),
    (0xFA09, &[0x964D]),
    (0xFA0A, &[0x898B]),
    (0xFA0B, &[0x5ED3]),
    (0xFA0C, &[0x5140]),
    (0xFA0D, &[0x55C0]),
    (0xFA10, &[0x585A]),
    (0xFA12, &[0x6674]),
    (0xFA15, &[0x51DE]),
    (0xFA16, &[0x732A]),
    (0xFA17, &[0x76CA]),
    (0xFA18, &[0x793C]),
    (0xFA19, &[0x795E]),
    (0xFA1A, &[0x7965]),
    (0xFA1B, &[0x798F]),
    (0xFA1C, &[0x9756]),
    (0xFA1D, &[0x7CBE]),
    (0xFA1E, &[0x7FBD]),
    (0xFA20, &[0x8612]),
    (0xFA22, &[0x8AF8]),
    (0xFA25, &[0x9038]),
    (0xFA26, &[0x90FD]),
    (0xFA2A, &[0x98EF]),
    (0xFA2B, &[0x98FC]),
    (0xFA2C, &[0x9928]),
    (0xFA2D, &[0x9DB4]),
    (0xFA2E, &[0x90DE]),
    (0xFA2F, &[0x96B7]),
    (0xFA30, &[0x4FAE]),
    (0xFA31, &[0x50E7]),
    (0xFA32, &[0x514D]),
    (0xFA33, &[0x52C9]),
    (0xFA34, &[0x52E4]),
    (0xFA35, &[0x5351]),
    (0xFA36, &[0x559D]),
    (0xFA37, &[0x5606]),
    (0xFA38, &[0x5668]),
    (0xFA39, &[0x5840]),
    (0xFA3A, &[0x58A8]),
    (0xFA3B, &[0x5C64]),
    (0xFA3C, &[0x5C6E]),
    (0xFA3D, &[0x6094]),
    (0xFA3E, &[0x6168]),
    (0xFA3F, &[0x618E]),
    (0xFA40, &[0x61F2]),
    (0xFA41, &[0x654F]),
    (0xFA42, &[0x65E2]),
    (0xFA43, &[0x6691]),
    (0xFA44, &[0x6885]),
    (0xFA45, &[0x6D77]),
    (0xFA46, &[0x6E1A]),
    (0xFA47, &[0x6F22]),
    (0xFA48, &[0x716E]),
    (0xFA49, &[0x722B]),
    (0xFA4A, &[0x7422]),
    (0xFA4B, &[0x7891]),
    (0xFA4C, &[0x793E]),
    (0xFA4D, &[0x7949]),
    (0xFA4E, &[0x7948]),
    (0xFA4F, &[0x7950]),
    (0xFA50, &[0x7956]),
    (0xFA51, &[0x795D]),
    (0xFA52, &[0x798D]),
    (0xFA53, &[0x798E]),
    (0xFA54, &[0x7A40]),
    (0xFA55, &[0x7A81]),
    (0xFA56, &[0x7BC0]),
    (0xFA57, &[0x7DF4]),
    (0xFA58, &[0x7E09]),
    (0xFA59, &[0x7E41]),
    (0xFA5A, &[0x7F72]),
    (0xFA5B, &[0x8005]),
    (0xFA5C, &[0x81ED]),
    (0xFA5D, &[0x8279]),
    (0xFA5E, &[0x8279]),
    (0xFA5F, &[0x8457]),
    (0xFA60, &[0x8910]),
    (0xFA61, &[0x8996]),
    (0xFA62, &[0x8B01]),
    (0xFA63, &[0x8B39]),
    (0xFA64, &[0x8CD3]),
    (0xFA65, &[0x8D08]),
    (0xFA66, &[0x8FB6]),
    (0xFA67, &[0x9038]),
    (0xFA68, &[0x96E3]),
    (0xFA69, &[0x97FF]),
    (0xFA6A, &[0x983B]),
    (0xFA6B, &[0x6075]),
    (0xFA6C, &[0x242EE]),
    (0xFA6D, &[0x8218]),
    (0xFA70, &[0x4E26]),
    (0xFA71, &[0x51B5]),
    (0xFA72, &[0x5168]),
    (0xFA73, &[0x4F80]),
    (0xFA74, &[0x5145]),
    (0xFA75, &[0x5180]),
    (0xFA76, &[0x52C7]),
    (0xFA77, &[0x52FA]),
    (0xFA78, &[0x559D]),
    (0xFA79, &[0x5555]),
    (0xFA7A, &[0x5599]),
    (0xFA7B, &[0x55E2]),
    (0xFA7C, &[0x585A]),
    (0xFA7D, &[0x58B3]),
    (0xFA7E, &[0x5944]),
    (0xFA7F, &[0x5954]),
    (0xFA80, &[0x5A62]),
    (0xFA81, &[0x5B28]),
    (0xFA82, &[0x5ED2]),
    (0xFA83, &[0x5ED9]),
    (0xFA84, &[0x5F69]),
    (0xFA85, &[0x5FAD]),
    (0xFA86, &[0x60D8]),
    (0xFA87, &[0x614E]),
    (0xFA88, &[0x6108]),
    (0xFA89, &[0x618E]),
    (0xFA8A, &[0x6160]),
    (0xFA8B, &[0x61F2]),
    (0xFA8C, &[0x6234]),
    (0xFA8D, &[0x63C4]),
    (0xFA8E, &[0x641C]),
    (0xFA8F, &[0x6452]),
    (0xFA90, &[0x6556]),
    (0xFA91, &[0x6674]),
    (0xFA92, &[0x6717]),
    (0xFA93, &[0x671B]),
    (0xFA94, &[0x6756]),
    (0xFA95, &[0x6B79]),
    (0xFA96, &[0x6BBA]),
    (0xFA97, &[0x6D41]),
    (0xFA98, &[0x6EDB]),
    (0xFA99, &[0x6ECB]),
    (0xFA9A, &[0x6F22]),
    (0xFA9B, &[0x701E]),
    (0xFA9C, &[0x716E]),
    (0xFA9D, &[0x77A7]),
    (0xFA9E, &[0x7235]),
    (0xFA9F, &[0x72AF]),
    (0xFAA0, &[0x732A]),
    (0xFAA1, &[0x7471]),
    (0xFAA2, &[0x7506]),
    (0xFAA3, &[0x753B]),
    (0xFAA4, &[0x761D]),
    (0xFAA5, &[0x761F]),
    (0xFAA6, &[0x76CA]),
    (0xFAA7, &[0x76DB]),
    (0xFAA8, &[0x76F4]),
    (0xFAA9, &[0x774A]),
    (0xFAAA, &[0x7740]),
    (0xFAAB, &[0x78CC]),
    (0xFAAC, &[0x7AB1]),
    (0xFAAD, &[0x7BC0]),
    (0xFAAE, &[0x7C7B]),
    (0xFAAF, &[0x7D5B]),
    (0xFAB0, &[0x7DF4]),
    (0xFAB1, &[0x7F3E]),
    (0xFAB2, &[0x8005]),
    (0xFAB3, &[0x8352]),
    (0xFAB4, &[0x83EF]),
    (0xFAB5, &[0x8779]),
    (0xFAB6, &[0x8941]),
    (0xFAB7, &[0x8986]),
    (0xFAB8, &[0x8996]),
    (0xFAB9, &[0x8ABF]),
    (0xFABA, &[0x8AF8]),
    (0xFABB, &[0x8ACB]),
    (0xFABC, &[0x8B01]),
    (0xFABD, &[0x8AFE]),
    (0xFABE, &[0x8AED]),
    (0xFABF, &[0x8B39]),
    (0xFAC0, &[0x8B8A]),
    (0xFAC1, &[0x8D08]),
    (0xFAC2, &[0x8F38]),
    (0xFAC3, &[0x9072]),
    (0xFAC4, &[0x9199]),
    (0xFAC5, &[0x9276]),
    (0xFAC6, &[0x967C]),
    (0xFAC7, &[0x96E3]),
    (0xFAC8, &[0x9756]),
    (0xFAC9, &[0x97DB]),
    (0xFACA, &[0x97FF]),
    (0xFACB, &[0x980B]),
    (0xFACC, &[0x983B]),
    (0xFACD, &[0x9B12]),
    (0xFACE, &[0x9F9C]),
    (0xFACF, &[0x2284A]),
    (0xFAD0, &[0x22844]),
    (0xFAD1, &[0x233D5]),
    (0xFAD2, &[0x3B9D]),
    (0xFAD3, &[0x4018]),
    (0xFAD4, &[0x4039]),
    (0xFAD5, &[0x25249]),
    (0xFAD6, &[0x25CD0]),
    (0xFAD7, &[0x27ED3]),
    (0xFAD8, &[0x9F43]),
    (0xFAD9, &[0x9F8E]),
    (0xFB1D, &[0x5D9, 0x5B4]),
    (0xFB1F, &[0x5F2, 0x5B7]),
    (0xFB2A, &[0x5E9, 0x5C1]),
    (0xFB2B, &[0x5E9, 0x5C2]),
    (0xFB2C, &[0xFB49, 0x5C1]),
    (0xFB2D, &[0xFB49, 0x5C2]),
    (0xFB2E, &[0x5D0, 0x5B7]),
    (0xFB2F, &[0x5D0, 0x5B8]),
    (0xFB30, &[0x5D0, 0x5BC]),
    (0xFB31, &[0x5D1, 0x5BC]),
    (0xFB32, &[0x5D2, 0x5BC]),
    (0xFB33, &[0x5D3, 0x5BC]),
    (0xFB34, &[0x5D4, 0x5BC]),
    (0xFB35, &[0x5D5, 0x5BC]),
    (0xFB36, &[0x5D6, 0x5BC]),
    (0xFB38, &[0x5D8, 0x5BC]),
    (0xFB39, &[0x5D9, 0x5BC]),
    (0xFB3A, &[0x5DA, 0x5BC]),
    (0xFB3B, &[0x5DB, 0x5BC]),
    (0xFB3C, &[0x5DC, 0x5BC]),
    (0xFB3E, &[0x5DE, 0x5BC]),
    (0xFB40, &[0x5E0, 0x5BC]),
    (0xFB41, &[0x5E1, 0x5BC]),
    (0xFB43, &[0x5E3, 0x5BC]),
    (0xFB44, &[0x5E4, 0x5BC]),
    (0xFB46, &[0x5E6, 0x5BC]),
    (0xFB47, &[0x5E7, 0x5BC]),
    (0xFB48, &[0x5E8, 0x5BC]),
    (0xFB49, &[0x5E9, 0x5BC]),
    (0xFB4A, &[0x5EA, 0x5BC]),
    (0xFB4B, &[0x5D5, 0x5B9]),
    (0xFB4C, &[0x5D1, 0x5BF]),
    (0xFB4D, &[0x5DB, 0x5BF]),
    (0xFB4E, &[0x5E4, 0x5BF]),
    (0x105C9, &[0x105D2, 0x307]),
    (0x105E4, &[0x105DA, 0x307]),
    (0x1109A, &[0x11099, 0x110BA]),
    (0x1109C, &[0x1109B, 0x110BA]),
    (0x110AB, &[0x110A5, 0x110BA]),
    (0x1112E, &[0x11131, 0x11127]),
    (0x1112F, &[0x11132, 0x11127]),
    (0x1134B, &[0x11347, 0x1133E]),
    (0x1134C, &[0x11347, 0x11357]),
    (0x11383, &[0x11382, 0x113C9]),
    (0x11385, &[0x11384, 0x113BB]),
    (0x1138E, &[0x1138B, 0x113C2]),
    (0x11391, &[0x11390, 0x113C9]),
    (0x113C5, &[0x113C2, 0x113C2]),
    (0x113C7, &[0x113C2, 0x113B8]),
    (0x113C8, &[0x113C2, 0x113C9]),
    (0x114BB, &[0x114B9, 0x114BA]),
    (0x114BC, &[0x114B9, 0x114B0]),
    (0x114BE, &[0x114B9, 0x114BD]),
    (0x115BA, &[0x115B8, 0x115AF]),
    (0x115BB, &[0x115B9, 0x115AF]),
    (0x11938, &[0x11935, 0x11930]),
    (0x16121, &[0x1611E, 0x1611E]),
    (0x16122, &[0x1611E, 0x16129]),
    (0x16123, &[0x1611E, 0x1611F]),
    (0x16124, &[0x16129, 0x1611F]),
    (0x16125, &[0x1611E, 0x16120]),
    (0x16126, &[0x16121, 0x1611F]),
    (0x16127, &[0x16122, 0x1611F]),
    (0x16128, &[0x16121, 0x16120]),
    (0x16D68, &[0x16D67, 0x16D67]),
    (0x16D69, &[0x16D63, 0x16D67]),
    (0x16D6A, &[0x16D69, 0x16D67]),
    (0x1D15E, &[0x1D157, 0x1D165]),
    (0x1D15F, &[0x1D158, 0x1D165]),
    (0x1D160, &[0x1D15F, 0x1D16E]),
    (0x1D161, &[0x1D15F, 0x1D16F]),
    (0x1D162, &[0x1D15F, 0x1D170]),
    (0x1D163, &[0x1D15F, 0x1D171]),
    (0x1D164, &[0x1D15F, 0x1D172]),
    (0x1D1BB, &[0x1D1B9, 0x1D165]),
    (0x1D1BC, &[0x1D1BA, 0x1D165]),
    (0x1D1BD, &[0x1D1BB, 0x1D16E]),
    (0x1D1BE, &[0x1D1BC, 0x1D16E]),
    (0x1D1BF, &[0x1D1BB, 0x1D16F]),
    (0x1D1C0, &[0x1D1BC, 0x1D16F]),
    (0x2F800, &[0x4E3D]),
    (0x2F801, &[0x4E38]),
    (0x2F802, &[0x4E41]),
    (0x2F803, &[0x20122]),
    (0x2F804, &[0x4F60]),
    (0x2F805, &[0x4FAE]),
    (0x2F806, &[0x4FBB]),
    (0x2F807, &[0x5002]),
    (0x2F808, &[0x507A]),
    (0x2F809, &[0x5099]),
    (0x2F80A, &[0x50E7]),
    (0x2F80B, &[0x50CF]),
    (0x2F80C, &[0x349E]),
    (0x2F80D, &[0x2063A]),
    (0x2F80E, &[0x514D]),
    (0x2F80F, &[0x5154]),
    (0x2F810, &[0x5164]),
    (0x2F811, &[0x5177]),
    (0x2F812, &[0x2051C]),
    (0x2F813, &[0x34B9]),
    (0x2F814, &[0x5167]),
    (0x2F815, &[0x518D]),
    (0x2F816, &[0x2054B]),
    (0x2F817, &[0x5197]),
    (0x2F818, &[0x51A4]),
    (0x2F819, &[0x4ECC]),
    (0x2F81A, &[0x51AC]),
    (0x2F81B, &[0x51B5]),
    (0x2F81C, &[0x291DF]),
    (0x2F81D, &[0x51F5]),
    (0x2F81E, &[0x5203]),
    (0x2F81F, &[0x34DF]),
    (0x2F820, &[0x523B]),
    (0x2F821, &[0x5246]),
    (0x2F822, &[0x5272]),
    (0x2F823, &[0x5277]),
    (0x2F824, &[0x3515]),
    (0x2F825, &[0x52C7]),
    (0x2F826, &[0x52C9]),
    (0x2F827, &[0x52E4]),
    (0x2F828, &[0x52FA]),
    (0x2F829, &[0x5305]),
    (0x2F82A, &[0x5306]),
    (0x2F82B, &[0x5317]),
    (0x2F82C, &[0x5349]),
    (0x2F82D, &[0x5351]),
    (0x2F82E, &[0x535A]),
    (0x2F82F, &[0x5373]),
    (0x2F830, &[0x537D]),
    (0x2F831, &[0x537F]),
    (0x2F832, &[0x537F]),
    (0x2F833, &[0x537F]),
    (0x2F834, &[0x20A2C]),
    (0x2F835, &[0x7070]),
    (0x2F836, &[0x53CA]),
    (0x2F837, &[0x53DF]),
    (0x2F838, &[0x20B63]),
    (0x2F839, &[0x53EB]),
    (0x2F83A, &[0x53F1]),
    (0x2F83B, &[0x5406]),
    (0x2F83C, &[0x549E]),
    (0x2F83D, &[0x5438]),
    (0x2F83E, &[0x5448]),
    (0x2F83F, &[0x5468]),
    (0x2F840, &[0x54A2]),
    (0x2F841, &[0x54F6]),
    (0x2F842, &[0x5510]),
    (0x2F843, &[0x5553]),
    (0x2F844, &[0x5563]),
    (0x2F845, &[0x5584]),
    (0x2F846, &[0x5584]),
    (0x2F847, &[0x5599]),
    (0x2F848, &[0x55AB]),
    (0x2F849, &[0x55B3]),
    (0x2F84A, &[0x55C2]),
    (0x2F84B, &[0x5716]),
    (0x2F84C, &[0x5606]),
    (0x2F84D, &[0x5717]),
    (0x2F84E, &[0x5651]),
    (0x2F84F, &[0x5674]),
    (0x2F850, &[0x5207]),
    (0x2F851, &[0x58EE]),
    (0x2F852, &[0x57CE]),
    (0x2F853, &[0x57F4]),
    (0x2F854, &[0x580D]),
    (0x2F855, &[0x578B]),
    (0x2F856, &[0x5832]),
    (0x2F857, &[0x5831]),
    (0x2F858, &[0x58AC]),
    (0x2F859, &[0x214E4]),
    (0x2F85A, &[0x58F2]),
    (0x2F85B, &[0x58F7]),
    (0x2F85C, &[0x5906]),
    (0x2F85D, &[0x591A]),
    (0x2F85E, &[0x5922]),
    (0x2F85F, &[0x5962]),
    (0x2F860, &[0x216A8]),
    (0x2F861, &[0x216EA]),
    (0x2F862, &[0x59EC]),
    (0x2F863, &[0x5A1B]),
    (0x2F864, &[0x5A27]),
    (0x2F865, &[0x59D8]),
    (0x2F866, &[0x5A66]),
    (0x2F867, &[0x36EE]),
    (0x2F868, &[0x36FC]),
    (0x2F869, &[0x5B08]),
    (0x2F86A, &[0x5B3E]),
    (0x2F86B, &[0x5B3E]),
    (0x2F86C, &[0x219C8]),
    (0x2F86D, &[0x5BC3]),
    (0x2F86E, &[0x5BD8]),
    (0x2F86F, &[0x5BE7]),
    (0x2F870, &[0x5BF3]),
    (0x2F871, &[0x21B18]),
    (0x2F872, &[0x5BFF]),
    (0x2F873, &[0x5C06]),
    (0x2F874, &[0x5F53]),
    (0x2F875, &[0x5C22]),
    (0x2F876, &[0x3781]),
    (0x2F877, &[0x5C60]),
    (0x2F878, &[0x5C6E]),
    (0x2F879, &[0x5CC0]),
    (0x2F87A, &[0x5C8D]),
    (0x2F87B, &[0x21DE4]),
    (0x2F87C, &[0x5D43]),
    (0x2F87D, &[0x21DE6]),
    (0x2F87E, &[0x5D6E]),
    (0x2F87F, &[0x5D6B]),
    (0x2F880, &[0x5D7C]),
    (0x2F881, &[0x5DE1]),
    (0x2F882, &[0x5DE2]),
    (0x2F883, &[0x382F]),
    (0x2F884, &[0x5DFD]),
    (0x2F885, &[0x5E28]),
    (0x2F886, &[0x5E3D]),
    (0x2F887, &[0x5E69]),
    (0x2F888, &[0x3862]),
    (0x2F889, &[0x22183]),
    (0x2F88A, &[0x387C]),
    (0x2F88B, &[0x5EB0]),
    (0x2F88C, &[0x5EB3]),
    (0x2F88D, &[0x5EB6]),
    (0x2F88E, &[0x5ECA]),
    (0x2F88F, &[0x2A392]),
    (0x2F890, &[0x5EFE]),
    (0x2F891, &[0x22331]),
    (0x2F892, &[0x22331]),
    (0x2F893, &[0x8201]),
    (0x2F894, &[0x5F22]),
    (0x2F895, &[0x5F22]),
    (0x2F896, &[0x38C7]),
    (0x2F897, &[0x232B8]),
    (0x2F898, &[0x261DA]),
    (0x2F899, &[0x5F62]),
    (0x2F89A, &[0x5F6B]),
    (0x2F89B, &[0x38E3]),
    (0x2F89C, &[0x5F9A]),
    (0x2F89D, &[0x5FCD]),
    (0x2F89E, &[0x5FD7]),
    (0x2F89F, &[0x5FF9]),
    (0x2F8A0, &[0x6081]),
    (0x2F8A1, &[0x393A]),
    (0x2F8A2, &[0x391C]),
    (0x2F8A3, &[0x6094]),
    (0x2F8A4, &[0x226D4]),
    (0x2F8A5, &[0x60C7]),
    (0x2F8A6, &[0x6148]),
    (0x2F8A7, &[0x614C]),
    (0x2F8A8, &[0x614E]),
    (0x2F8A9, &[0x614C]),
    (0x2F8AA, &[0x617A]),
    (0x2F8AB, &[0x618E]),
    (0x2F8AC, &[0x61B2]),
    (0x2F8AD, &[0x61A4]),
    (0x2F8AE, &[0x61AF]),
    (0x2F8AF, &[0x61DE]),
    (0x2F8B0, &[0x61F2]),
    (0x2F8B1, &[0x61F6]),
    (0x2F8B2, &[0x6210]),
    (0x2F8B3, &[0x621B]),
    (0x2F8B4, &[0x625D]),
    (0x2F8B5, &[0x62B1]),
    (0x2F8B6, &[0x62D4]),
    (0x2F8B7, &[0x6350]),
    (0x2F8B8, &[0x22B0C]),
    (0x2F8B9, &[0x633D]),
    (0x2F8BA, &[0x62FC]),
    (0x2F8BB, &[0x6368]),
    (0x2F8BC, &[0x6383]),
    (0x2F8BD, &[0x63E4]),
    (0x2F8BE, &[0x22BF1]),
    (0x2F8BF, &[0x6422]),
    (0x2F8C0, &[0x63C5]),
    (0x2F8C1, &[0x63A9]),
    (0x2F8C2, &[0x3A2E]),
    (0x2F8C3, &[0x6469]),
    (0x2F8C4, &[0x647E]),
    (0x2F8C5, &[0x649D]),
    (0x2F8C6, &[0x6477]),
    (0x2F8C7, &[0x3A6C]),
    (0x2F8C8, &[0x654F]),
    (0x2F8C9, &[0x656C]),
    (0x2F8CA, &[0x2300A]),
    (0x2F8CB, &[0x65E3]),
    (0x2F8CC, &[0x66F8]),
    (0x2F8CD, &[0x6649]),
    (0x2F8CE, &[0x3B19]),
    (0x2F8CF, &[0x6691]),
    (0x2F8D0, &[0x3B08]),
    (0x2F8D1, &[0x3AE4]),
    (0x2F8D2, &[0x5192]),
    (0x2F8D3, &[0x5195]),
    (0x2F8D4, &[0x6700]),
    (0x2F8D5, &[0x669C]),
    (0x2F8D6, &[0x80AD]),
    (0x2F8D7, &[0x43D9]),
    (0x2F8D8, &[0x6717]),
    (0x2F8D9, &[0x671B]),
    (0x2F8DA, &[0x6721]),
    (0x2F8DB, &[0x675E]),
    (0x2F8DC, &[0x6753]),
    (0x2F8DD, &[0x233C3]),
    (0x2F8DE, &[0x3B49]),
    (0x2F8DF, &[0x67FA]),
    (0x2F8E0, &[0x6785]),
    (0x2F8E1, &[0x6852]),
    (0x2F8E2, &[0x6885]),
    (0x2F8E3, &[0x2346D]),
    (0x2F8E4, &[0x688E]),
    (0x2F8E5, &[0x681F]),
    (0x2F8E6, &[0x6914]),
    (0x2F8E7, &[0x3B9D]),
    (0x2F8E8, &[0x6942]),
    (0x2F8E9, &[0x69A3]),
    (0x2F8EA, &[0x69EA]),
    (0x2F8EB, &[0x6AA8]),
    (0x2F8EC, &[0x236A3]),
    (0x2F8ED, &[0x6ADB]),
    (0x2F8EE, &[0x3C18]),
    (0x2F8EF, &[0x6B21]),
    (0x2F8F0, &[0x238A7]),
    (0x2F8F1, &[0x6B54]),
    (0x2F8F2, &[0x3C4E]),
    (0x2F8F3, &[0x6B72]),
    (0x2F8F4, &[0x6B9F]),
    (0x2F8F5, &[0x6BBA]),
    (0x2F8F6, &[0x6BBB]),
    (0x2F8F7, &[0x23A8D]),
    (0x2F8F8, &[0x21D0B]),
    (0x2F8F9, &[0x23AFA]),
    (0x2F8FA, &[0x6C4E]),
    (0x2F8FB, &[0x23CBC]),
    (0x2F8FC, &[0x6CBF]),
    (0x2F8FD, &[0x6CCD]),
    (0x2F8FE, &[0x6C67]),
    (0x2F8FF, &[0x6D16]),
    (0x2F900, &[0x6D3E]),
    (0x2F901, &[0x6D77]),
    (0x2F902, &[0x6D41]),
    (0x2F903, &[0x6D69]),
    (0x2F904, &[0x6D78]),
    (0x2F905, &[0x6D85]),
    (0x2F906, &[0x23D1E]),
    (0x2F907, &[0x6D34]),
    (0x2F908, &[0x6E2F]),
    (0x2F909, &[0x6E6E]),
    (0x2F90A, &[0x3D33]),
    (0x2F90B, &[0x6ECB]),
    (0x2F90C, &[0x6EC7]),
    (0x2F90D, &[0x23ED1]),
    (0x2F90E, &[0x6DF9]),
    (0x2F90F, &[0x6F6E]),
    (0x2F910, &[0x23F5E]),
    (0x2F911, &[0x23F8E]),
    (0x2F912, &[0x6FC6]),
    (0x2F913, &[0x7039]),
    (0x2F914, &[0x701E]),
    (0x2F915, &[0x701B]),
    (0x2F916, &[0x3D96]),
    (0x2F917, &[0x704A]),
    (0x2F918, &[0x707D]),
    (0x2F919, &[0x7077]),
    (0x2F91A, &[0x70AD]),
    (0x2F91B, &[0x20525]),
    (0x2F91C, &[0x7145]),
    (0x2F91D, &[0x24263]),
    (0x2F91E, &[0x719C]),
    (0x2F91F, &[0x243AB]),
    (0x2F920, &[0x7228]),
    (0x2F921, &[0x7235]),
    (0x2F922, &[0x7250]),
    (0x2F923, &[0x24608]),
    (0x2F924, &[0x7280]),
    (0x2F925, &[0x7295]),
    (0x2F926, &[0x24735]),
    (0x2F927, &[0x24814]),
    (0x2F928, &[0x737A]),
    (0x2F929, &[0x738B]),
    (0x2F92A, &[0x3EAC]),
    (0x2F92B, &[0x73A5]),
    (0x2F92C, &[0x3EB8]),
    (0x2F92D, &[0x3EB8]),
    (0x2F92E, &[0x7447]),
    (0x2F92F, &[0x745C]),
    (0x2F930, &[0x7471]),
    (0x2F931, &[0x7485]),
    (0x2F932, &[0x74CA]),
    (0x2F933, &[0x3F1B]),
    (0x2F934, &[0x7524]),
    (0x2F935, &[0x24C36]),
    (0x2F936, &[0x753E]),
    (0x2F937, &[0x24C92]),
    (0x2F938, &[0x7570]),
    (0x2F939, &[0x2219F]),
    (0x2F93A, &[0x7610]),
    (0x2F93B, &[0x24FA1]),
    (0x2F93C, &[0x24FB8]),
    (0x2F93D, &[0x25044]),
    (0x2F93E, &[0x3FFC]),
    (0x2F93F, &[0x4008]),
    (0x2F940, &[0x76F4]),
    (0x2F941, &[0x250F3]),
    (0x2F942, &[0x250F2]),
    (0x2F943, &[0x25119]),
    (0x2F944, &[0x25133]),
    (0x2F945, &[0x771E]),
    (0x2F946, &[0x771F]),
    (0x2F947, &[0x771F]),
    (0x2F948, &[0x774A]),
    (0x2F949, &[0x4039]),
    (0x2F94A, &[0x778B]),
    (0x2F94B, &[0x4046]),
    (0x2F94C, &[0x4096]),
    (0x2F94D, &[0x2541D]),
    (0x2F94E, &[0x784E]),
    (0x2F94F, &[0x788C]),
    (0x2F950, &[0x78CC]),
    (0x2F951, &[0x40E3]),
    (0x2F952, &[0x25626]),
    (0x2F953, &[0x7956]),
    (0x2F954, &[0x2569A]),
    (0x2F955, &[0x256C5]),
    (0x2F956, &[0x798F]),
    (0x2F957, &[0x79EB]),
    (0x2F958, &[0x412F]),
    (0x2F959, &[0x7A40]),
    (0x2F95A, &[0x7A4A]),
    (0x2F95B, &[0x7A4F]),
    (0x2F95C, &[0x2597C]),
    (0x2F95D, &[0x25AA7]),
    (0x2F95E, &[0x25AA7]),
    (0x2F95F, &[0x7AEE]),
    (0x2F960, &[0x4202]),
    (0x2F961, &[0x25BAB]),
    (0x2F962, &[0x7BC6]),
    (0x2F963, &[0x7BC9]),
    (0x2F964, &[0x4227]),
    (0x2F965, &[0x25C80]),
    (0x2F966, &[0x7CD2]),
    (0x2F967, &[0x42A0]),
    (0x2F968, &[0x7CE8]),
    (0x2F969, &[0x7CE3]),
    (0x2F96A, &[0x7D00]),
    (0x2F96B, &[0x25F86]),
    (0x2F96C, &[0x7D63]),
    (0x2F96D, &[0x4301]),
    (0x2F96E, &[0x7DC7]),
    (0x2F96F, &[0x7E02]),
    (0x2F970, &[0x7E45]),
    (0x2F971, &[0x4334]),
    (0x2F972, &[0x26228]),
    (0x2F973, &[0x26247]),
    (0x2F974, &[0x4359]),
    (0x2F975, &[0x262D9]),
    (0x2F976, &[0x7F7A]),
    (0x2F977, &[0x2633E]),
    (0x2F978, &[0x7F95]),
    (0x2F979, &[0x7FFA]),
    (0x2F97A, &[0x8005]),
    (0x2F97B, &[0x264DA]),
    (0x2F97C, &[0x26523]),
    (0x2F97D, &[0x8060]),
    (0x2F97E, &[0x265A8]),
    (0x2F97F, &[0x8070]),
    (0x2F980, &[0x2335F]),
    (0x2F981, &[0x43D5]),
    (0x2F982, &[0x80B2]),
    (0x2F983, &[0x8103]),
    (0x2F984, &[0x440B]),
    (0x2F985, &[0x813E]),
    (0x2F986, &[0x5AB5]),
    (0x2F987, &[0x267A7]),
    (0x2F988, &[0x267B5]),
    (0x2F989, &[0x23393]),
    (0x2F98A, &[0x2339C]),
    (0x2F98B, &[0x8201]),
    (0x2F98C, &[0x8204]),
    (0x2F98D, &[0x8F9E]),
    (0x2F98E, &[0x446B]),
    (0x2F98F, &[0x8291]),
    (0x2F990, &[0x828B]),
    (0x2F991, &[0x829D]),
    (0x2F992, &[0x52B3]),
    (0x2F993, &[0x82B1]),
    (0x2F994, &[0x82B3]),
    (0x2F995, &[0x82BD]),
    (0x2F996, &[0x82E6]),
    (0x2F997, &[0x26B3C]),
    (0x2F998, &[0x82E5]),
    (0x2F999, &[0x831D]),
    (0x2F99A, &[0x8363]),
    (0x2F99B, &[0x83AD]),
    (0x2F99C, &[0x8323]),
    (0x2F99D, &[0x83BD]),
    (0x2F99E, &[0x83E7]),
    (0x2F99F, &[0x8457]),
    (0x2F9A0, &[0x8353]),
    (0x2F9A1, &[0x83CA]),
    (0x2F9A2, &[0x83CC]),
    (0x2F9A3, &[0x83DC]),
    (0x2F9A4, &[0x26C36]),
    (0x2F9A5, &[0x26D6B]),
    (0x2F9A6, &[0x26CD5]),
    (0x2F9A7, &[0x452B]),
    (0x2F9A8, &[0x84F1]),
    (0x2F9A9, &[0x84F3]),
    (0x2F9AA, &[0x8516]),
    (0x2F9AB, &[0x273CA]),
    (0x2F9AC, &[0x8564]),
    (0x2F9AD, &[0x26F2C]),
    (0x2F9AE, &[0x455D]),
    (0x2F9AF, &[0x4561]),
    (0x2F9B0, &[0x26FB1]),
    (0x2F9B1, &[0x270D2]),
    (0x2F9B2, &[0x456B]),
    (0x2F9B3, &[0x8650]),
    (0x2F9B4, &[0x865C]),
    (0x2F9B5, &[0x8667]),
    (0x2F9B6, &[0x8669]),
    (0x2F9B7, &[0x86A9]),
    (0x2F9B8, &[0x8688]),
    (0x2F9B9, &[0x870E]),
    (0x2F9BA, &[0x86E2]),
    (0x2F9BB, &[0x8779]),
    (0x2F9BC, &[0x8728]),
    (0x2F9BD, &[0x876B]),
    (0x2F9BE, &[0x8786]),
    (0x2F9BF, &[0x45D7]),
    (0x2F9C0, &[0x87E1]),
    (0x2F9C1, &[0x8801]),
    (0x2F9C2, &[0x45F9]),
    (0x2F9C3, &[0x8860]),
    (0x2F9C4, &[0x8863]),
    (0x2F9C5, &[0x27667]),
    (0x2F9C6, &[0x88D7]),
    (0x2F9C7, &[0x88DE]),
    (0x2F9C8, &[0x4635]),
    (0x2F9C9, &[0x88FA]),
    (0x2F9CA, &[0x34BB]),
    (0x2F9CB, &[0x278AE]),
    (0x2F9CC, &[0x27966]),
    (0x2F9CD, &[0x46BE]),
    (0x2F9CE, &[0x46C7]),
    (0x2F9CF, &[0x8AA0]),
    (0x2F9D0, &[0x8AED]),
    (0x2F9D1, &[0x8B8A]),
    (0x2F9D2, &[0x8C55]),
    (0x2F9D3, &[0x27CA8]),
    (0x2F9D4, &[0x8CAB]),
    (0x2F9D5, &[0x8CC1]),
    (0x2F9D6, &[0x8D1B]),
    (0x2F9D7, &[0x8D77]),
    (0x2F9D8, &[0x27F2F]),
    (0x2F9D9, &[0x20804]),
    (0x2F9DA, &[0x8DCB]),
    (0x2F9DB, &[0x8DBC]),
    (0x2F9DC, &[0x8DF0]),
    (0x2F9DD, &[0x208DE]),
    (0x2F9DE, &[0x8ED4]),
    (0x2F9DF, &[0x8F38]),
    (0x2F9E0, &[0x285D2]),
    (0x2F9E1, &[0x285ED]),
    (0x2F9E2, &[0x9094]),
    (0x2F9E3, &[0x90F1]),
    (0x2F9E4, &[0x9111]),
    (0x2F9E5, &[0x2872E]),
    (0x2F9E6, &[0x911B]),
    (0x2F9E7, &[0x9238]),
    (0x2F9E8, &[0x92D7]),
    (0x2F9E9, &[0x92D8]),
    (0x2F9EA, &[0x927C]),
    (0x2F9EB, &[0x93F9]),
    (0x2F9EC, &[0x9415]),
    (0x2F9ED, &[0x28BFA]),
    (0x2F9EE, &[0x958B]),
    (0x2F9EF, &[0x4995]),
    (0x2F9F0, &[0x95B7]),
    (0x2F9F1, &[0x28D77]),
    (0x2F9F2, &[0x49E6]),
    (0x2F9F3, &[0x96C3]),
    (0x2F9F4, &[0x5DB2]),
    (0x2F9F5, &[0x9723]),
    (0x2F9F6, &[0x29145]),
    (0x2F9F7, &[0x2921A]),
    (0x2F9F8, &[0x4A6E]),
    (0x2F9F9, &[0x4A76]),
    (0x2F9FA, &[0x97E0]),
    (0x2F9FB, &[0x2940A]),
    (0x2F9FC, &[0x4AB2]),
    (0x2F9FD, &[0x29496]),
    (0x2F9FE, &[0x980B]),
    (0x2F9FF, &[0x980B]),
    (0x2FA00, &[0x9829]),
    (0x2FA01, &[0x295B6]),
    (0x2FA02, &[0x98E2]),
    (0x2FA03, &[0x4B33]),
    (0x2FA04, &[0x9929]),
    (0x2FA05, &[0x99A7]),
    (0x2FA06, &[0x99C2]),
    (0x2FA07, &[0x99FE]),
    (0x2FA08, &[0x4BCE]),
    (0x2FA09, &[0x29B30]),
    (0x2FA0A, &[0x9B12]),
    (0x2FA0B, &[0x9C40]),
    (0x2FA0C, &[0x9CFD]),
    (0x2FA0D, &[0x4CCE]),
    (0x2FA0E, &[0x4CED]),
    (0x2FA0F, &[0x9D67]),
    (0x2FA10, &[0x2A0CE]),
    (0x2FA11, &[0x4CF8]),
    (0x2FA12, &[0x2A105]),
    (0x2FA13, &[0x2A20E]),
    (0x2FA14, &[0x2A291]),
    (0x2FA15, &[0x9EBB]),
    (0x2FA16, &[0x4D56]),
    (0x2FA17, &[0x9EF9]),
    (0x2FA18, &[0x9EFE]),
    (0x2FA19, &[0x9F05]),
    (0x2FA1A, &[0x9F0F]),
    (0x2FA1B, &[0x9F16]),
    (0x2FA1C, &[0x9F3B]),
    (0x2FA1D, &[0x2A600]),
];

pub(crate) const CANONICAL_COMPOSITIONS: &[(u32, u32, u32)] = &[
    (0x3C, 0x338, 0x226E),
    (0x3D, 0x338, 0x2260),
    (0x3E, 0x338, 0x226F),
    (0x41, 0x300, 0xC0),
    (0x41, 0x301, 0xC1),
    (0x41, 0x302, 0xC2),
    (0x41, 0x303, 0xC3),
    (0x41, 0x304, 0x100),
    (0x41, 0x306, 0x102),
    (0x41, 0x307, 0x226),
    (0x41, 0x308, 0xC4),
    (0x41, 0x309, 0x1EA2),
    (0x41, 0x30A, 0xC5),
    (0x41, 0x30C, 0x1CD),
    (0x41, 0x30F, 0x200),
    (0x41, 0x311, 0x202),
    (0x41, 0x323, 0x1EA0),
    (0x41, 0x325, 0x1E00),
    (0x41, 0x328, 0x104),
    (0x42, 0x307, 0x1E02),
    (0x42, 0x323, 0x1E04),
    (0x42, 0x331, 0x1E06),
    (0x43, 0x301, 0x106),
    (0x43, 0x302, 0x108),
    (0x43, 0x307, 0x10A),
    (0x43, 0x30C, 0x10C),
    (0x43, 0x327, 0xC7),
    (0x44, 0x307, 0x1E0A),
    (0x44, 0x30C, 0x10E),
    (0x44, 0x323, 0x1E0C),
    (0x44, 0x327, 0x1E10),
    (0x44, 0x32D, 0x1E12),
    (0x44, 0x331, 0x1E0E),
    (0x45, 0x300, 0xC8),
    (0x45, 0x301, 0xC9),
    (0x45, 0x302, 0xCA),
    (0x45, 0x303, 0x1EBC),
    (0x45, 0x304, 0x112),
    (0x45, 0x306, 0x114),
    (0x45, 0x307, 0x116),
    (0x45, 0x308, 0xCB),
    (0x45, 0x309, 0x1EBA),
    (0x45, 0x30C, 0x11A),
    (0x45, 0x30F, 0x204),
    (0x45, 0x311, 0x206),
    (0x45, 0x323, 0x1EB8),
    (0x45, 0x327, 0x228),
    (0x45, 0x328, 0x118),
    (0x45, 0x32D, 0x1E18),
    (0x45, 0x330, 0x1E1A),
    (0x46, 0x307, 0x1E1E),
    (0x47, 0x301, 0x1F4),
    (0x47, 0x302, 0x11C),
    (0x47, 0x304, 0x1E20),
    (0x47, 0x306, 0x11E),
    (0x47, 0x307, 0x120),
    (0x47, 0x30C, 0x1E6),
    (0x47, 0x327, 0x122),
    (0x48, 0x302, 0x124),
    (0x48, 0x307, 0x1E22),
    (0x48, 0x308, 0x1E26),
    (0x48, 0x30C, 0x21E),
    (0x48, 0x323, 0x1E24),
    (0x48, 0x327, 0x1E28),
    (0x48, 0x32E, 0x1E2A),
    (0x49, 0x300, 0xCC),
    (0x49, 0x301, 0xCD),
    (0x49, 0x302, 0xCE),
    (0x49, 0x303, 0x128),
    (0x49, 0x304, 0x12A),
    (0x49, 0x306, 0x12C),
    (0x49, 0x307, 0x130),
    (0x49, 0x308, 0xCF),
    (0x49, 0x309, 0x1EC8),
    (0x49, 0x30C, 0x1CF),
    (0x49, 0x30F, 0x208),
    (0x49, 0x311, 0x20A),
    (0x49, 0x323, 0x1ECA),
    (0x49, 0x328, 0x12E),
    (0x49, 0x330, 0x1E2C),
    (0x4A, 0x302, 0x134),
    (0x4B, 0x301, 0x1E30),
    (0x4B, 0x30C, 0x1E8),
    (0x4B, 0x323, 0x1E32),
    (0x4B, 0x327, 0x136),
    (0x4B, 0x331, 0x1E34),
    (0x4C, 0x301, 0x139),
    (0x4C, 0x30C, 0x13D),
    (0x4C, 0x323, 0x1E36),
    (0x4C, 0x327, 0x13B),
    (0x4C, 0x32D, 0x1E3C),
    (0x4C, 0x331, 0x1E3A),
    (0x4D, 0x301, 0x1E3E),
    (0x4D, 0x307, 0x1E40),
    (0x4D, 0x323, 0x1E42),
    (0x4E, 0x300, 0x1F8),
    (0x4E, 0x301, 0x143),
    (0x4E, 0x303, 0xD1),
    (0x4E, 0x307, 0x1E44),
    (0x4E, 0x30C, 0x147),
    (0x4E, 0x323, 0x1E46),
    (0x4E, 0x327, 0x145),
    (0x4E, 0x32D, 0x1E4A),
    (0x4E, 0x331, 0x1E48),
    (0x4F, 0x300, 0xD2),
    (0x4F, 0x301, 0xD3),
    (0x4F, 0x302, 0xD4),
    (0x4F, 0x303, 0xD5),
    (0x4F, 0x304, 0x14C),
    (0x4F, 0x306, 0x14E),
    (0x4F, 0x307, 0x22E),
    (0x4F, 0x308, 0xD6),
    (0x4F, 0x309, 0x1ECE),
    (0x4F, 0x30B, 0x150),
    (0x4F, 0x30C, 0x1D1),
    (0x4F, 0x30F, 0x20C),
    (0x4F, 0x311, 0x20E),
    (0x4F, 0x31B, 0x1A0),
    (0x4F, 0x323, 0x1ECC),
    (0x4F, 0x328, 0x1EA),
    (0x50, 0x301, 0x1E54),
    (0x50, 0x307, 0x1E56),
    (0x52, 0x301, 0x154),
    (0x52, 0x307, 0x1E58),
    (0x52, 0x30C, 0x158),
    (0x52, 0x30F, 0x210),
    (0x52, 0x311, 0x212),
    (0x52, 0x323, 0x1E5A),
    (0x52, 0x327, 0x156),
    (0x52, 0x331, 0x1E5E),
    (0x53, 0x301, 0x15A),
    (0x53, 0x302, 0x15C),
    (0x53, 0x307, 0x1E60),
    (0x53, 0x30C, 0x160),
    (0x53, 0x323, 0x1E62),
    (0x53, 0x326, 0x218),
    (0x53, 0x327, 0x15E),
    (0x54, 0x307, 0x1E6A),
    (0x54, 0x30C, 0x164),
    (0x54, 0x323, 0x1E6C),
    (0x54, 0x326, 0x21A),
    (0x54, 0x327, 0x162),
    (0x54, 0x32D, 0x1E70),
    (0x54, 0x331, 0x1E6E),
    (0x55, 0x300, 0xD9),
    (0x55, 0x301, 0xDA),
    (0x55, 0x302, 0xDB),
    (0x55, 0x303, 0x168),
    (0x55, 0x304, 0x16A),
    (0x55, 0x306, 0x16C),
    (0x55, 0x308, 0xDC),
    (0x55, 0x309, 0x1EE6),
    (0x55, 0x30A, 0x16E),
    (0x55, 0x30B, 0x170),
    (0x55, 0x30C, 0x1D3),
    (0x55, 0x30F, 0x214),
    (0x55, 0x311, 0x216),
    (0x55, 0x31B, 0x1AF),
    (0x55, 0x323, 0x1EE4),
    (0x55, 0x324, 0x1E72),
    (0x55, 0x328, 0x172),
    (0x55, 0x32D, 0x1E76),
    (0x55, 0x330, 0x1E74),
    (0x56, 0x303, 0x1E7C),
    (0x56, 0x323, 0x1E7E),
    (0x57, 0x300, 0x1E80),
    (0x57, 0x301, 0x1E82),
    (0x57, 0x302, 0x174),
    (0x57, 0x307, 0x1E86),
    (0x57, 0x308, 0x1E84),
    (0x57, 0x323, 0x1E88),
    (0x58, 0x307, 0x1E8A),
    (0x58, 0x308, 0x1E8C),
    (0x59, 0x300, 0x1EF2),
    (0x59, 0x301, 0xDD),
    (0x59, 0x302, 0x176),
    (0x59, 0x303, 0x1EF8),
    (0x59, 0x304, 0x232),
    (0x59, 0x307, 0x1E8E),
    (0x59, 0x308, 0x178),
    (0x59, 0x309, 0x1EF6),
    (0x59, 0x323, 0x1EF4),
    (0x5A, 0x301, 0x179),
    (0x5A, 0x302, 0x1E90),
    (0x5A, 0x307, 0x17B),
    (0x5A, 0x30C, 0x17D),
    (0x5A, 0x323, 0x1E92),
    (0x5A, 0x331, 0x1E94),
    (0x61, 0x300, 0xE0),
    (0x61, 0x301, 0xE1),
    (0x61, 0x302, 0xE2),
    (0x61, 0x303, 0xE3),
    (0x61, 0x304, 0x101),
    (0x61, 0x306, 0x103),
    (0x61, 0x307, 0x227),
    (0x61, 0x308, 0xE4),
    (0x61, 0x309, 0x1EA3),
    (0x61, 0x30A, 0xE5),
    (0x61, 0x30C, 0x1CE),
    (0x61, 0x30F, 0x201),
    (0x61, 0x311, 0x203),
    (0x61, 0x323, 0x1EA1),
    (0x61, 0x325, 0x1E01),
    (0x61, 0x328, 0x105),
    (0x62, 0x307, 0x1E03),
    (0x62, 0x323, 0x1E05),
    (0x62, 0x331, 0x1E07),
    (0x63, 0x301, 0x107),
    (0x63, 0x302, 0x109),
    (0x63, 0x307, 0x10B),
    (0x63, 0x30C, 0x10D),
    (0x63, 0x327, 0xE7),
    (0x64, 0x307, 0x1E0B),
    (0x64, 0x30C, 0x10F),
    (0x64, 0x323, 0x1E0D),
    (0x64, 0x327, 0x1E11),
    (0x64, 0x32D, 0x1E13),
    (0x64, 0x331, 0x1E0F),
    (0x65, 0x300, 0xE8),
    (0x65, 0x301, 0xE9),
    (0x65, 0x302, 0xEA),
    (0x65, 0x303, 0x1EBD),
    (0x65, 0x304, 0x113),
    (0x65, 0x306, 0x115),
    (0x65, 0x307, 0x117),
    (0x65, 0x308, 0xEB),
    (0x65, 0x309, 0x1EBB),
    (0x65, 0x30C, 0x11B),
    (0x65, 0x30F, 0x205),
    (0x65, 0x311, 0x207),
    (0x65, 0x323, 0x1EB9),
    (0x65, 0x327, 0x229),
    (0x65, 0x328, 0x119),
    (0x65, 0x32D, 0x1E19),
    (0x65, 0x330, 0x1E1B),
    (0x66, 0x307, 0x1E1F),
    (0x67, 0x301, 0x1F5),
    (0x67, 0x302, 0x11D),
    (0x67, 0x304, 0x1E21),
    (0x67, 0x306, 0x11F),
    (0x67, 0x307, 0x121),
    (0x67, 0x30C, 0x1E7),
    (0x67, 0x327, 0x123),
    (0x68, 0x302, 0x125),
    (0x68, 0x307, 0x1E23),
    (0x68, 0x308, 0x1E27),
    (0x68, 0x30C, 0x21F),
    (0x68, 0x323, 0x1E25),
    (0x68, 0x327, 0x1E29),
    (0x68, 0x32E, 0x1E2B),
    (0x68, 0x331, 0x1E96),
    (0x69, 0x300, 0xEC),
    (0x69, 0x301, 0xED),
    (0x69, 0x302, 0xEE),
    (0x69, 0x303, 0x129),
    (0x69, 0x304, 0x12B),
    (0x69, 0x306, 0x12D),
    (0x69, 0x308, 0xEF),
    (0x69, 0x309, 0x1EC9),
    (0x69, 0x30C, 0x1D0),
    (0x69, 0x30F, 0x209),
    (0x69, 0x311, 0x20B),
    (0x69, 0x323, 0x1ECB),
    (0x69, 0x328, 0x12F),
    (0x69, 0x330, 0x1E2D),
    (0x6A, 0x302, 0x135),
    (0x6A, 0x30C, 0x1F0),
    (0x6B, 0x301, 0x1E31),
    (0x6B, 0x30C, 0x1E9),
    (0x6B, 0x323, 0x1E33),
    (0x6B, 0x327, 0x137),
    (0x6B, 0x331, 0x1E35),
    (0x6C, 0x301, 0x13A),
    (0x6C, 0x30C, 0x13E),
    (0x6C, 0x323, 0x1E37),
    (0x6C, 0x327, 0x13C),
    (0x6C, 0x32D, 0x1E3D),
    (0x6C, 0x331, 0x1E3B),
    (0x6D, 0x301, 0x1E3F),
    (0x6D, 0x307, 0x1E41),
    (0x6D, 0x323, 0x1E43),
    (0x6E, 0x300, 0x1F9),
    (0x6E, 0x301, 0x144),
    (0x6E, 0x303, 0xF1),
    (0x6E, 0x307, 0x1E45),
    (0x6E, 0x30C, 0x148),
    (0x6E, 0x323, 0x1E47),
    (0x6E, 0x327, 0x146),
    (0x6E, 0x32D, 0x1E4B),
    (0x6E, 0x331, 0x1E49),
    (0x6F, 0x300, 0xF2),
    (0x6F, 0x301, 0xF3),
    (0x6F, 0x302, 0xF4),
    (0x6F, 0x303, 0xF5),
    (0x6F, 0x304, 0x14D),
    (0x6F, 0x306, 0x14F),
    (0x6F, 0x307, 0x22F),
    (0x6F, 0x308, 0xF6),
    (0x6F, 0x309, 0x1ECF),
    (0x6F, 0x30B, 0x151),
    (0x6F, 0x30C, 0x1D2),
    (0x6F, 0x30F, 0x20D),
    (0x6F, 0x311, 0x20F),
    (0x6F, 0x31B, 0x1A1),
    (0x6F, 0x323, 0x1ECD),
    (0x6F, 0x328, 0x1EB),
    (0x70, 0x301, 0x1E55),
    (0x70, 0x307, 0x1E57),
    (0x72, 0x301, 0x155),
    (0x72, 0x307, 0x1E59),
    (0x72, 0x30C, 0x159),
    (0x72, 0x30F, 0x211),
    (0x72, 0x311, 0x213),
    (0x72, 0x323, 0x1E5B),
    (0x72, 0x327, 0x157),
    (0x72, 0x331, 0x1E5F),
    (0x73, 0x301, 0x15B),
    (0x73, 0x302, 0x15D),
    (0x73, 0x307, 0x1E61),
    (0x73, 0x30C, 0x161),
    (0x73, 0x323, 0x1E63),
    (0x73, 0x326, 0x219),
    (0x73, 0x327, 0x15F),
    (0x74, 0x307, 0x1E6B),
    (0x74, 0x308, 0x1E97),
    (0x74, 0x30C, 0x165),
    (0x74, 0x323, 0x1E6D),
    (0x74, 0x326, 0x21B),
    (0x74, 0x327, 0x163),
    (0x74, 0x32D, 0x1E71),
    (0x74, 0x331, 0x1E6F),
    (0x75, 0x300, 0xF9),
    (0x75, 0x301, 0xFA),
    (0x75, 0x302, 0xFB),
    (0x75, 0x303, 0x169),
    (0x75, 0x304, 0x16B),
    (0x75, 0x306, 0x16D),
    (0x75, 0x308, 0xFC),
    (0x75, 0x309, 0x1EE7),
    (0x75, 0x30A, 0x16F),
    (0x75, 0x30B, 0x171),
    (0x75, 0x30C, 0x1D4),
    (0x75, 0x30F, 0x215),
    (0x75, 0x311, 0x217),
    (0x75, 0x31B, 0x1B0),
    (0x75, 0x323, 0x1EE5),
    (0x75, 0x324, 0x1E73),
    (0x75, 0x328, 0x173),
    (0x75, 0x32D, 0x1E77),
    (0x75, 0x330, 0x1E75),
    (0x76, 0x303, 0x1E7D),
    (0x76, 0x323, 0x1E7F),
    (0x77, 0x300, 0x1E81),
    (0x77, 0x301, 0x1E83),
    (0x77, 0x302, 0x175),
    (0x77, 0x307, 0x1E87),
    (0x77, 0x308, 0x1E85),
    (0x77, 0x30A, 0x1E98),
    (0x77, 0x323, 0x1E89),
    (0x78, 0x307, 0x1E8B),
    (0x78, 0x308, 0x1E8D),
    (0x79, 0x300, 0x1EF3),
    (0x79, 0x301, 0xFD),
    (0x79, 0x302, 0x177),
    (0x79, 0x303, 0x1EF9),
    (0x79, 0x304, 0x233),
    (0x79, 0x307, 0x1E8F),
    (0x79, 0x308, 0xFF),
    (0x79, 0x309, 0x1EF7),
    (0x79, 0x30A, 0x1E99),
    (0x79, 0x323, 0x1EF5),
    (0x7A, 0x301, 0x17A),
    (0x7A, 0x302, 0x1E91),
    (0x7A, 0x307, 0x17C),
    (0x7A, 0x30C, 0x17E),
    (0x7A, 0x323, 0x1E93),
    (0x7A, 0x331, 0x1E95),
    (0xA8, 0x300, 0x1FED),
    (0xA8, 0x301, 0x385),
    (0xA8, 0x342, 0x1FC1),
    (0xC2, 0x300, 0x1EA6),
    (0xC2, 0x301, 0x1EA4),
    (0xC2, 0x303, 0x1EAA),
    (0xC2, 0x309, 0x1EA8),
    (0xC4, 0x304, 0x1DE),
    (0xC5, 0x301, 0x1FA),
    (0xC6, 0x301, 0x1FC),
    (0xC6, 0x304, 0x1E2),
    (0xC7, 0x301, 0x1E08),
    (0xCA, 0x300, 0x1EC0),
    (0xCA, 0x301, 0x1EBE),
    (0xCA, 0x303, 0x1EC4),
    (0xCA, 0x309, 0x1EC2),
    (0xCF, 0x301, 0x1E2E),
    (0xD4, 0x300, 0x1ED2),
    (0xD4, 0x301, 0x1ED0),
    (0xD4, 0x303, 0x1ED6),
    (0xD4, 0x309, 0x1ED4),
    (0xD5, 0x301, 0x1E4C),
    (0xD5, 0x304, 0x22C),
    (0xD5, 0x308, 0x1E4E),
    (0xD6, 0x304, 0x22A),
    (0xD8, 0x301, 0x1FE),
    (0xDC, 0x300, 0x1DB),
    (0xDC, 0x301, 0x1D7),
    (0xDC, 0x304, 0x1D5),
    (0xDC, 0x30C, 0x1D9),
    (0xE2, 0x300, 0x1EA7),
    (0xE2, 0x301, 0x1EA5),
    (0xE2, 0x303, 0x1EAB),
    (0xE2, 0x309, 0x1EA9),
    (0xE4, 0x304, 0x1DF),
    (0xE5, 0x301, 0x1FB),
    (0xE6, 0x301, 0x1FD),
    (0xE6, 0x304, 0x1E3),
    (0xE7, 0x301, 0x1E09),
    (0xEA, 0x300, 0x1EC1),
    (0xEA, 0x301, 0x1EBF),
    (0xEA, 0x303, 0x1EC5),
    (0xEA, 0x309, 0x1EC3),
    (0xEF, 0x301, 0x1E2F),
    (0xF4, 0x300, 0x1ED3),
    (0xF4, 0x301, 0x1ED1),
    (0xF4, 0x303, 0x1ED7),
    (0xF4, 0x309, 0x1ED5),
    (0xF5, 0x301, 0x1E4D),
    (0xF5, 0x304, 0x22D),
    (0xF5, 0x308, 0x1E4F),
    (0xF6, 0x304, 0x22B),
    (0xF8, 0x301, 0x1FF),
    (0xFC, 0x300, 0x1DC),
    (0xFC, 0x301, 0x1D8),
    (0xFC, 0x304, 0x1D6),
    (0xFC, 0x30C, 0x1DA),
    (0x102, 0x300, 0x1EB0),
    (0x102, 0x301, 0x1EAE),
    (0x102, 0x303, 0x1EB4),
    (0x102, 0x309, 0x1EB2),
    (0x103, 0x300, 0x1EB1),
    (0x103, 0x301, 0x1EAF),
    (0x103, 0x303, 0x1EB5),
    (0x103, 0x309, 0x1EB3),
    (0x112, 0x300, 0x1E14),
    (0x112, 0x301, 0x1E16),
    (0x113, 0x300, 0x1E15),
    (0x113, 0x301, 0x1E17),
    (0x14C, 0x300, 0x1E50),
    (0x14C, 0x301, 0x1E52),
    (0x14D, 0x300, 0x1E51),
    (0x14D, 0x301, 0x1E53),
    (0x15A, 0x307, 0x1E64),
    (0x15B, 0x307, 0x1E65),
    (0x160, 0x307, 0x1E66),
    (0x161, 0x307, 0x1E67),
    (0x168, 0x301, 0x1E78),
    (0x169, 0x301, 0x1E79),
    (0x16A, 0x308, 0x1E7A),
    (0x16B, 0x308, 0x1E7B),
    (0x17F, 0x307, 0x1E9B),
    (0x1A0, 0x300, 0x1EDC),
    (0x1A0, 0x301, 0x1EDA),
    (0x1A0, 0x303, 0x1EE0),
    (0x1A0, 0x309, 0x1EDE),
    (0x1A0, 0x323, 0x1EE2),
    (0x1A1, 0x300, 0x1EDD),
    (0x1A1, 0x301, 0x1EDB),
    (0x1A1, 0x303, 0x1EE1),
    (0x1A1, 0x309, 0x1EDF),
    (0x1A1, 0x323, 0x1EE3),
    (0x1AF, 0x300, 0x1EEA),
    (0x1AF, 0x301, 0x1EE8),
    (0x1AF, 0x303, 0x1EEE),
    (0x1AF, 0x309, 0x1EEC),
    (0x1AF, 0x323, 0x1EF0),
    (0x1B0, 0x300, 0x1EEB),
    (0x1B0, 0x301, 0x1EE9),
    (0x1B0, 0x303, 0x1EEF),
    (0x1B0, 0x309, 0x1EED),
    (0x1B0, 0x323, 0x1EF1),
    (0x1B7, 0x30C, 0x1EE),
    (0x1EA, 0x304, 0x1EC),
    (0x1EB, 0x304, 0x1ED),
    (0x226, 0x304, 0x1E0),
    (0x227, 0x304, 0x1E1),
    (0x228, 0x306, 0x1E1C),
    (0x229, 0x306, 0x1E1D),
    (0x22E, 0x304, 0x230),
    (0x22F, 0x304, 0x231),
    (0x292, 0x30C, 0x1EF),
    (0x391, 0x300, 0x1FBA),
    (0x391, 0x301, 0x386),
    (0x391, 0x304, 0x1FB9),
    (0x391, 0x306, 0x1FB8),
    (0x391, 0x313, 0x1F08),
    (0x391, 0x314, 0x1F09),
    (0x391, 0x345, 0x1FBC),
    (0x395, 0x300, 0x1FC8),
    (0x395, 0x301, 0x388),
    (0x395, 0x313, 0x1F18),
    (0x395, 0x314, 0x1F19),
    (0x397, 0x300, 0x1FCA),
    (0x397, 0x301, 0x389),
    (0x397, 0x313, 0x1F28),
    (0x397, 0x314, 0x1F29),
    (0x397, 0x345, 0x1FCC),
    (0x399, 0x300, 0x1FDA),
    (0x399, 0x301, 0x38A),
    (0x399, 0x304, 0x1FD9),
    (0x399, 0x306, 0x1FD8),
    (0x399, 0x308, 0x3AA),
    (0x399, 0x313, 0x1F38),
    (0x399, 0x314, 0x1F39),
    (0x39F, 0x300, 0x1FF8),
    (0x39F, 0x301, 0x38C),
    (0x39F, 0x313, 0x1F48),
    (0x39F, 0x314, 0x1F49),
    (0x3A1, 0x314, 0x1FEC),
    (0x3A5, 0x300, 0x1FEA),
    (0x3A5, 0x301, 0x38E),
    (0x3A5, 0x304, 0x1FE9),
    (0x3A5, 0x306, 0x1FE8),
    (0x3A5, 0x308, 0x3AB),
    (0x3A5, 0x314, 0x1F59),
    (0x3A9, 0x300, 0x1FFA),
    (0x3A9, 0x301, 0x38F),
    (0x3A9, 0x313, 0x1F68),
    (0x3A9, 0x314, 0x1F69),
    (0x3A9, 0x345, 0x1FFC),
    (0x3AC, 0x345, 0x1FB4),
    (0x3AE, 0x345, 0x1FC4),
    (0x3B1, 0x300, 0x1F70),
    (0x3B1, 0x301, 0x3AC),
    (0x3B1, 0x304, 0x1FB1),
    (0x3B1, 0x306, 0x1FB0),
    (0x3B1, 0x313, 0x1F00),
    (0x3B1, 0x314, 0x1F01),
    (0x3B1, 0x342, 0x1FB6),
    (0x3B1, 0x345, 0x1FB3),
    (0x3B5, 0x300, 0x1F72),
    (0x3B5, 0x301, 0x3AD),
    (0x3B5, 0x313, 0x1F10),
    (0x3B5, 0x314, 0x1F11),
    (0x3B7, 0x300, 0x1F74),
    (0x3B7, 0x301, 0x3AE),
    (0x3B7, 0x313, 0x1F20),
    (0x3B7, 0x314, 0x1F21),
    (0x3B7, 0x342, 0x1FC6),
    (0x3B7, 0x345, 0x1FC3),
    (0x3B9, 0x300, 0x1F76),
    (0x3B9, 0x301, 0x3AF),
    (0x3B9, 0x304, 0x1FD1),
    (0x3B9, 0x306, 0x1FD0),
    (0x3B9, 0x308, 0x3CA),
    (0x3B9, 0x313, 0x1F30),
    (0x3B9, 0x314, 0x1F31),
    (0x3B9, 0x342, 0x1FD6),
    (0x3BF, 0x300, 0x1F78),
    (0x3BF, 0x301, 0x3CC),
    (0x3BF, 0x313, 0x1F40),
    (0x3BF, 0x314, 0x1F41),
    (0x3C1, 0x313, 0x1FE4),
    (0x3C1, 0x314, 0x1FE5),
    (0x3C5, 0x300, 0x1F7A),
    (0x3C5, 0x301, 0x3CD),
    (0x3C5, 0x304, 0x1FE1),
    (0x3C5, 0x306, 0x1FE0),
    (0x3C5, 0x308, 0x3CB),
    (0x3C5, 0x313, 0x1F50),
    (0x3C5, 0x314, 0x1F51),
    (0x3C5, 0x342, 0x1FE6),
    (0x3C9, 0x300, 0x1F7C),
    (0x3C9, 0x301, 0x3CE),
    (0x3C9, 0x313, 0x1F60),
    (0x3C9, 0x314, 0x1F61),
    (0x3C9, 0x342, 0x1FF6),
    (0x3C9, 0x345, 0x1FF3),
    (0x3CA, 0x300, 0x1FD2),
    (0x3CA, 0x301, 0x390),
    (0x3CA, 0x342, 0x1FD7),
    (0x3CB, 0x300, 0x1FE2),
    (0x3CB, 0x301, 0x3B0),
    (0x3CB, 0x342, 0x1FE7),
    (0x3CE, 0x345, 0x1FF4),
    (0x3D2, 0x301, 0x3D3),
    (0x3D2, 0x308, 0x3D4),
    (0x406, 0x308, 0x407),
    (0x410, 0x306, 0x4D0),
    (0x410, 0x308, 0x4D2),
    (0x413, 0x301, 0x403),
    (0x415, 0x300, 0x400),
    (0x415, 0x306, 0x4D6),
    (0x415, 0x308, 0x401),
    (0x416, 0x306, 0x4C1),
    (0x416, 0x308, 0x4DC),
    (0x417, 0x308, 0x4DE),
    (0x418, 0x300, 0x40D),
    (0x418, 0x304, 0x4E2),
    (0x418, 0x306, 0x419),
    (0x418, 0x308, 0x4E4),
    (0x41A, 0x301, 0x40C),
    (0x41E, 0x308, 0x4E6),
    (0x423, 0x304, 0x4EE),
    (0x423, 0x306, 0x40E),
    (0x423, 0x308, 0x4F0),
    (0x423, 0x30B, 0x4F2),
    (0x427, 0x308, 0x4F4),
    (0x42B, 0x308, 0x4F8),
    (0x42D, 0x308, 0x4EC),
    (0x430, 0x306, 0x4D1),
    (0x430, 0x308, 0x4D3),
    (0x433, 0x301, 0x453),
    (0x435, 0x300, 0x450),
    (0x435, 0x306, 0x4D7),
    (0x435, 0x308, 0x451),
    (0x436, 0x306, 0x4C2),
    (0x436, 0x308, 0x4DD),
    (0x437, 0x308, 0x4DF),
    (0x438, 0x300, 0x45D),
    (0x438, 0x304, 0x4E3),
    (0x438, 0x306, 0x439),
    (0x438, 0x308, 0x4E5),
    (0x43A, 0x301, 0x45C),
    (0x43E, 0x308, 0x4E7),
    (0x443, 0x304, 0x4EF),
    (0x443, 0x306, 0x45E),
    (0x443, 0x308, 0x4F1),
    (0x443, 0x30B, 0x4F3),
    (0x447, 0x308, 0x4F5),
    (0x44B, 0x308, 0x4F9),
    (0x44D, 0x308, 0x4ED),
    (0x456, 0x308, 0x457),
    (0x474, 0x30F, 0x476),
    (0x475, 0x30F, 0x477),
    (0x4D8, 0x308, 0x4DA),
    (0x4D9, 0x308, 0x4DB),
    (0x4E8, 0x308, 0x4EA),
    (0x4E9, 0x308, 0x4EB),
    (0x627, 0x653, 0x622),
    (0x627, 0x654, 0x623),
    (0x627, 0x655, 0x625),
    (0x648, 0x654, 0x624),
    (0x64A, 0x654, 0x626),
    (0x6C1, 0x654, 0x6C2),
    (0x6D2, 0x654, 0x6D3),
    (0x6D5, 0x654, 0x6C0),
    (0x928, 0x93C, 0x929),
    (0x930, 0x93C, 0x931),
    (0x933, 0x93C, 0x934),
    (0x9C7, 0x9BE, 0x9CB),
    (0x9C7, 0x9D7, 0x9CC),
    (0xB47, 0xB3E, 0xB4B),
    (0xB47, 0xB56, 0xB48),
    (0xB47, 0xB57, 0xB4C),
    (0xB92, 0xBD7, 0xB94),
    (0xBC6, 0xBBE, 0xBCA),
    (0xBC6, 0xBD7, 0xBCC),
    (0xBC7, 0xBBE, 0xBCB),
    (0xC46, 0xC56, 0xC48),
    (0xCBF, 0xCD5, 0xCC0),
    (0xCC6, 0xCC2, 0xCCA),
    (0xCC6, 0xCD5, 0xCC7),
    (0xCC6, 0xCD6, 0xCC8),
    (0xCCA, 0xCD5, 0xCCB),
    (0xD46, 0xD3E, 0xD4A),
    (0xD46, 0xD57, 0xD4C),
    (0xD47, 0xD3E, 0xD4B),
    (0xDD9, 0xDCA, 0xDDA),
    (0xDD9, 0xDCF, 0xDDC),
    (0xDD9, 0xDDF, 0xDDE),
    (0xDDC, 0xDCA, 0xDDD),
    (0x1025, 0x102E, 0x1026),
    (0x1B05, 0x1B35, 0x1B06),
    (0x1B07, 0x1B35, 0x1B08),
    (0x1B09, 0x1B35, 0x1B0A),
    (0x1B0B, 0x1B35, 0x1B0C),
    (0x1B0D, 0x1B35, 0x1B0E),
    (0x1B11, 0x1B35, 0x1B12),
    (0x1B3A, 0x1B35, 0x1B3B),
    (0x1B3C, 0x1B35, 0x1B3D),
    (0x1B3E, 0x1B35, 0x1B40),
    (0x1B3F, 0x1B35, 0x1B41),
    (0x1B42, 0x1B35, 0x1B43),
    (0x1E36, 0x304, 0x1E38),
    (0x1E37, 0x304, 0x1E39),
    (0x1E5A, 0x304, 0x1E5C),
    (0x1E5B, 0x304, 0x1E5D),
    (0x1E62, 0x307, 0x1E68),
    (0x1E63, 0x307, 0x1E69),
    (0x1EA0, 0x302, 0x1EAC),
    (0x1EA0, 0x306, 0x1EB6),
    (0x1EA1, 0x302, 0x1EAD),
    (0x1EA1, 0x306, 0x1EB7),
    (0x1EB8, 0x302, 0x1EC6),
    (0x1EB9, 0x302, 0x1EC7),
    (0x1ECC, 0x302, 0x1ED8),
    (0x1ECD, 0x302, 0x1ED9),
    (0x1F00, 0x300, 0x1F02),
    (0x1F00, 0x301, 0x1F04),
    (0x1F00, 0x342, 0x1F06),
    (0x1F00, 0x345, 0x1F80),
    (0x1F01, 0x300, 0x1F03),
    (0x1F01, 0x301, 0x1F05),
    (0x1F01, 0x342, 0x1F07),
    (0x1F01, 0x345, 0x1F81),
    (0x1F02, 0x345, 0x1F82),
    (0x1F03, 0x345, 0x1F83),
    (0x1F04, 0x345, 0x1F84),
    (0x1F05, 0x345, 0x1F85),
    (0x1F06, 0x345, 0x1F86),
    (0x1F07, 0x345, 0x1F87),
    (0x1F08, 0x300, 0x1F0A),
    (0x1F08, 0x301, 0x1F0C),
    (0x1F08, 0x342, 0x1F0E),
    (0x1F08, 0x345, 0x1F88),
    (0x1F09, 0x300, 0x1F0B),
    (0x1F09, 0x301, 0x1F0D),
    (0x1F09, 0x342, 0x1F0F),
    (0x1F09, 0x345, 0x1F89),
    (0x1F0A, 0x345, 0x1F8A),
    (0x1F0B, 0x345, 0x1F8B),
    (0x1F0C, 0x345, 0x1F8C),
    (0x1F0D, 0x345, 0x1F8D),
    (0x1F0E, 0x345, 0x1F8E),
    (0x1F0F, 0x345, 0x1F8F),
    (0x1F10, 0x300, 0x1F12),
    (0x1F10, 0x301, 0x1F14),
    (0x1F11, 0x300, 0x1F13),
    (0x1F11, 0x301, 0x1F15),
    (0x1F18, 0x300, 0x1F1A),
    (0x1F18, 0x301, 0x1F1C),
    (0x1F19, 0x300, 0x1F1B),
    (0x1F19, 0x301, 0x1F1D),
    (0x1F20, 0x300, 0x1F22),
    (0x1F20, 0x301, 0x1F24),
    (0x1F20, 0x342, 0x1F26),
    (0x1F20, 0x345, 0x1F90),
    (0x1F21, 0x300, 0x1F23),
    (0x1F21, 0x301, 0x1F25),
    (0x1F21, 0x342, 0x1F27),
    (0x1F21, 0x345, 0x1F91),
    (0x1F22, 0x345, 0x1F92),
    (0x1F23, 0x345, 0x1F93),
    (0x1F24, 0x345, 0x1F94),
    (0x1F25, 0x345, 0x1F95),
    (0x1F26, 0x345, 0x1F96),
    (0x1F27, 0x345, 0x1F97),
    (0x1F28, 0x300, 0x1F2A),
    (0x1F28, 0x301, 0x1F2C),
    (0x1F28, 0x342, 0x1F2E),
    (0x1F28, 0x345, 0x1F98),
    (0x1F29, 0x300, 0x1F2B),
    (0x1F29, 0x301, 0x1F2D),
    (0x1F29, 0x342, 0x1F2F),
    (0x1F29, 0x345, 0x1F99),
    (0x1F2A, 0x345, 0x1F9A),
    (0x1F2B, 0x345, 0x1F9B),
    (0x1F2C, 0x345, 0x1F9C),
    (0x1F2D, 0x345, 0x1F9D),
    (0x1F2E, 0x345, 0x1F9E),
    (0x1F2F, 0x345, 0x1F9F),
    (0x1F30, 0x300, 0x1F32),
    (0x1F30, 0x301, 0x1F34),
    (0x1F30, 0x342, 0x1F36),
    (0x1F31, 0x300, 0x1F33),
    (0x1F31, 0x301, 0x1F35),
    (0x1F31, 0x342, 0x1F37),
    (0x1F38, 0x300, 0x1F3A),
    (0x1F38, 0x301, 0x1F3C),
    (0x1F38, 0x342, 0x1F3E),
    (0x1F39, 0x300, 0x1F3B),
    (0x1F39, 0x301, 0x1F3D),
    (0x1F39, 0x342, 0x1F3F),
    (0x1F40, 0x300, 0x1F42),
    (0x1F40, 0x301, 0x1F44),
    (0x1F41, 0x300, 0x1F43),
    (0x1F41, 0x301, 0x1F45),
    (0x1F48, 0x300, 0x1F4A),
    (0x1F48, 0x301, 0x1F4C),
    (0x1F49, 0x300, 0x1F4B),
    (0x1F49, 0x301, 0x1F4D),
    (0x1F50, 0x300, 0x1F52),
    (0x1F50, 0x301, 0x1F54),
    (0x1F50, 0x342, 0x1F56),
    (0x1F51, 0x300, 0x1F53),
    (0x1F51, 0x301, 0x1F55),
    (0x1F51, 0x342, 0x1F57),
    (0x1F59, 0x300, 0x1F5B),
    (0x1F59, 0x301, 0x1F5D),
    (0x1F59, 0x342, 0x1F5F),
    (0x1F60, 0x300, 0x1F62),
    (0x1F60, 0x301, 0x1F64),
    (0x1F60, 0x342, 0x1F66),
    (0x1F60, 0x345, 0x1FA0),
    (0x1F61, 0x300, 0x1F63),
    (0x1F61, 0x301, 0x1F65),
    (0x1F61, 0x342, 0x1F67),
    (0x1F61, 0x345, 0x1FA1),
    (0x1F62, 0x345, 0x1FA2),
    (0x1F63, 0x345, 0x1FA3),
    (0x1F64, 0x345, 0x1FA4),
    (0x1F65, 0x345, 0x1FA5),
    (0x1F66, 0x345, 0x1FA6),
    (0x1F67, 0x345, 0x1FA7),
    (0x1F68, 0x300, 0x1F6A),
    (0x1F68, 0x301, 0x1F6C),
    (0x1F68, 0x342, 0x1F6E),
    (0x1F68, 0x345, 0x1FA8),
    (0x1F69, 0x300, 0x1F6B),
    (0x1F69, 0x301, 0x1F6D),
    (0x1F69, 0x342, 0x1F6F),
    (0x1F69, 0x345, 0x1FA9),
    (0x1F6A, 0x345, 0x1FAA),
    (0x1F6B, 0x345, 0x1FAB),
    (0x1F6C, 0x345, 0x1FAC),
    (0x1F6D, 0x345, 0x1FAD),
    (0x1F6E, 0x345, 0x1FAE),
    (0x1F6F, 0x345, 0x1FAF),
    (0x1F70, 0x345, 0x1FB2),
    (0x1F74, 0x345, 0x1FC2),
    (0x1F7C, 0x345, 0x1FF2),
    (0x1FB6, 0x345, 0x1FB7),
    (0x1FBF, 0x300, 0x1FCD),
    (0x1FBF, 0x301, 0x1FCE),
    (0x1FBF, 0x342, 0x1FCF),
    (0x1FC6, 0x345, 0x1FC7),
    (0x1FF6, 0x345, 0x1FF7),
    (0x1FFE, 0x300, 0x1FDD),
    (0x1FFE, 0x301, 0x1FDE),
    (0x1FFE, 0x342, 0x1FDF),
    (0x2190, 0x338, 0x219A),
    (0x2192, 0x338, 0x219B),
    (0x2194, 0x338, 0x21AE),
    (0x21D0, 0x338, 0x21CD),
    (0x21D2, 0x338, 0x21CF),
    (0x21D4, 0x338, 0x21CE),
    (0x2203, 0x338, 0x2204),
    (0x2208, 0x338, 0x2209),
    (0x220B, 0x338, 0x220C),
    (0x2223, 0x338, 0x2224),
    (0x2225, 0x338, 0x2226),
    (0x223C, 0x338, 0x2241),
    (0x2243, 0x338, 0x2244),
    (0x2245, 0x338, 0x2247),
    (0x2248, 0x338, 0x2249),
    (0x224D, 0x338, 0x226D),
    (0x2261, 0x338, 0x2262),
    (0x2264, 0x338, 0x2270),
    (0x2265, 0x338, 0x2271),
    (0x2272, 0x338, 0x2274),
    (0x2273, 0x338, 0x2275),
    (0x2276, 0x338, 0x2278),
    (0x2277, 0x338, 0x2279),
    (0x227A, 0x338, 0x2280),
    (0x227B, 0x338, 0x2281),
    (0x227C, 0x338, 0x22E0),
    (0x227D, 0x338, 0x22E1),
    (0x2282, 0x338, 0x2284),
    (0x2283, 0x338, 0x2285),
    (0x2286, 0x338, 0x2288),
    (0x2287, 0x338, 0x2289),
    (0x2291, 0x338, 0x22E2),
    (0x2292, 0x338, 0x22E3),
    (0x22A2, 0x338, 0x22AC),
    (0x22A8, 0x338, 0x22AD),
    (0x22A9, 0x338, 0x22AE),
    (0x22AB, 0x338, 0x22AF),
    (0x22B2, 0x338, 0x22EA),
    (0x22B3, 0x338, 0x22EB),
    (0x22B4, 0x338, 0x22EC),
    (0x22B5, 0x338, 0x22ED),
    (0x3046, 0x3099, 0x3094),
    (0x304B, 0x3099, 0x304C),
    (0x304D, 0x3099, 0x304E),
    (0x304F, 0x3099, 0x3050),
    (0x3051, 0x3099, 0x3052),
    (0x3053, 0x3099, 0x3054),
    (0x3055, 0x3099, 0x3056),
    (0x3057, 0x3099, 0x3058),
    (0x3059, 0x3099, 0x305A),
    (0x305B, 0x3099, 0x305C),
    (0x305D, 0x3099, 0x305E),
    (0x305F, 0x3099, 0x3060),
    (0x3061, 0x3099, 0x3062),
    (0x3064, 0x3099, 0x3065),
    (0x3066, 0x3099, 0x3067),
    (0x3068, 0x3099, 0x3069),
    (0x306F, 0x3099, 0x3070),
    (0x306F, 0x309A, 0x3071),
    (0x3072, 0x3099, 0x3073),
    (0x3072, 0x309A, 0x3074),
    (0x3075, 0x3099, 0x3076),
    (0x3075, 0x309A, 0x3077),
    (0x3078, 0x3099, 0x3079),
    (0x3078, 0x309A, 0x307A),
    (0x307B, 0x3099, 0x307C),
    (0x307B, 0x309A, 0x307D),
    (0x309D, 0x3099, 0x309E),
    (0x30A6, 0x3099, 0x30F4),
    (0x30AB, 0x3099, 0x30AC),
    (0x30AD, 0x3099, 0x30AE),
    (0x30AF, 0x3099, 0x30B0),
    (0x30B1, 0x3099, 0x30B2),
    (0x30B3, 0x3099, 0x30B4),
    (0x30B5, 0x3099, 0x30B6),
    (0x30B7, 0x3099, 0x30B8),
    (0x30B9, 0x3099, 0x30BA),
    (0x30BB, 0x3099, 0x30BC),
    (0x30BD, 0x3099, 0x30BE),
    (0x30BF, 0x3099, 0x30C0),
    (0x30C1, 0x3099, 0x30C2),
    (0x30C4, 0x3099, 0x30C5),
    (0x30C6, 0x3099, 0x30C7),
    (0x30C8, 0x3099, 0x30C9),
    (0x30CF, 0x3099, 0x30D0),
    (0x30CF, 0x309A, 0x30D1),
    (0x30D2, 0x3099, 0x30D3),
    (0x30D2, 0x309A, 0x30D4),
    (0x30D5, 0x3099, 0x30D6),
    (0x30D5, 0x309A, 0x30D7),
    (0x30D8, 0x3099, 0x30D9),
    (0x30D8, 0x309A, 0x30DA),
    (0x30DB, 0x3099, 0x30DC),
    (0x30DB, 0x309A, 0x30DD),
    (0x30EF, 0x3099, 0x30F7),
    (0x30F0, 0x3099, 0x30F8),
    (0x30F1, 0x3099, 0x30F9),
    (0x30F2, 0x3099, 0x30FA),
    (0x30FD, 0x3099, 0x30FE),
    (0x105D2, 0x307, 0x105C9),
    (0x105DA, 0x307, 0x105E4),
    (0x11099, 0x110BA, 0x1109A),
    (0x1109B, 0x110BA, 0x1109C),
    (0x110A5, 0x110BA, 0x110AB),
    (0x11131, 0x11127, 0x1112E),
    (0x11132, 0x11127, 0x1112F),
    (0x11347, 0x1133E, 0x1134B),
    (0x11347, 0x11357, 0x1134C),
    (0x11382, 0x113C9, 0x11383),
    (0x11384, 0x113BB, 0x11385),
    (0x1138B, 0x113C2, 0x1138E),
    (0x11390, 0x113C9, 0x11391),
    (0x113C2, 0x113B8, 0x113C7),
    (0x113C2, 0x113C2, 0x113C5),
    (0x113C2, 0x113C9, 0x113C8),
    (0x114B9, 0x114B0, 0x114BC),
    (0x114B9, 0x114BA, 0x114BB),
    (0x114B9, 0x114BD, 0x114BE),
    (0x115B8, 0x115AF, 0x115BA),
    (0x115B9, 0x115AF, 0x115BB),
    (0x11935, 0x11930, 0x11938),
    (0x1611E, 0x1611E, 0x16121),
    (0x1611E, 0x1611F, 0x16123),
    (0x1611E, 0x16120, 0x16125),
    (0x1611E, 0x16129, 0x16122),
    (0x16121, 0x1611F, 0x16126),
    (0x16121, 0x16120, 0x16128),
    (0x16122, 0x1611F, 0x16127),
    (0x16129, 0x1611F, 0x16124),
    (0x16D63, 0x16D67, 0x16D69),
    (0x16D67, 0x16D67, 0x16D68),
    (0x16D69, 0x16D67, 0x16D6A),
];

pub(crate) const FULL_LOWERCASE: &[(u32, &[u32])] = &[
    (0x41, &[0x61]),
    (0x42, &[0x62]),
    (0x43, &[0x63]),
    (0x44, &[0x64]),
    (0x45, &[0x65]),
    (0x46, &[0x66]),
    (0x47, &[0x67]),
    (0x48, &[0x68]),
    (0x49, &[0x69]),
    (0x4A, &[0x6A]),
    (0x4B, &[0x6B]),
    (0x4C, &[0x6C]),
    (0x4D, &[0x6D]),
    (0x4E, &[0x6E]),
    (0x4F, &[0x6F]),
    (0x50, &[0x70]),
    (0x51, &[0x71]),
    (0x52, &[0x72]),
    (0x53, &[0x73]),
    (0x54, &[0x74]),
    (0x55, &[0x75]),
    (0x56, &[0x76]),
    (0x57, &[0x77]),
    (0x58, &[0x78]),
    (0x59, &[0x79]),
    (0x5A, &[0x7A]),
    (0xC0, &[0xE0]),
    (0xC1, &[0xE1]),
    (0xC2, &[0xE2]),
    (0xC3, &[0xE3]),
    (0xC4, &[0xE4]),
    (0xC5, &[0xE5]),
    (0xC6, &[0xE6]),
    (0xC7, &[0xE7]),
    (0xC8, &[0xE8]),
    (0xC9, &[0xE9]),
    (0xCA, &[0xEA]),
    (0xCB, &[0xEB]),
    (0xCC, &[0xEC]),
    (0xCD, &[0xED]),
    (0xCE, &[0xEE]),
    (0xCF, &[0xEF]),
    (0xD0, &[0xF0]),
    (0xD1, &[0xF1]),
    (0xD2, &[0xF2]),
    (0xD3, &[0xF3]),
    (0xD4, &[0xF4]),
    (0xD5, &[0xF5]),
    (0xD6, &[0xF6]),
    (0xD8, &[0xF8]),
    (0xD9, &[0xF9]),
    (0xDA, &[0xFA]),
    (0xDB, &[0xFB]),
    (0xDC, &[0xFC]),
    (0xDD, &[0xFD]),
    (0xDE, &[0xFE]),
    (0x100, &[0x101]),
    (0x102, &[0x103]),
    (0x104, &[0x105]),
    (0x106, &[0x107]),
    (0x108, &[0x109]),
    (0x10A, &[0x10B]),
    (0x10C, &[0x10D]),
    (0x10E, &[0x10F]),
    (0x110, &[0x111]),
    (0x112, &[0x113]),
    (0x114, &[0x115]),
    (0x116, &[0x117]),
    (0x118, &[0x119]),
    (0x11A, &[0x11B]),
    (0x11C, &[0x11D]),
    (0x11E, &[0x11F]),
    (0x120, &[0x121]),
    (0x122, &[0x123]),
    (0x124, &[0x125]),
    (0x126, &[0x127]),
    (0x128, &[0x129]),
    (0x12A, &[0x12B]),
    (0x12C, &[0x12D]),
    (0x12E, &[0x12F]),
    (0x130, &[0x69, 0x307]),
    (0x132, &[0x133]),
    (0x134, &[0x135]),
    (0x136, &[0x137]),
    (0x139, &[0x13A]),
    (0x13B, &[0x13C]),
    (0x13D, &[0x13E]),
    (0x13F, &[0x140]),
    (0x141, &[0x142]),
    (0x143, &[0x144]),
    (0x145, &[0x146]),
    (0x147, &[0x148]),
    (0x14A, &[0x14B]),
    (0x14C, &[0x14D]),
    (0x14E, &[0x14F]),
    (0x150, &[0x151]),
    (0x152, &[0x153]),
    (0x154, &[0x155]),
    (0x156, &[0x157]),
    (0x158, &[0x159]),
    (0x15A, &[0x15B]),
    (0x15C, &[0x15D]),
    (0x15E, &[0x15F]),
    (0x160, &[0x161]),
    (0x162, &[0x163]),
    (0x164, &[0x165]),
    (0x166, &[0x167]),
    (0x168, &[0x169]),
    (0x16A, &[0x16B]),
    (0x16C, &[0x16D]),
    (0x16E, &[0x16F]),
    (0x170, &[0x171]),
    (0x172, &[0x173]),
    (0x174, &[0x175]),
    (0x176, &[0x177]),
    (0x178, &[0xFF]),
    (0x179, &[0x17A]),
    (0x17B, &[0x17C]),
    (0x17D, &[0x17E]),
    (0x181, &[0x253]),
    (0x182, &[0x183]),
    (0x184, &[0x185]),
    (0x186, &[0x254]),
    (0x187, &[0x188]),
    (0x189, &[0x256]),
    (0x18A, &[0x257]),
    (0x18B, &[0x18C]),
    (0x18E, &[0x1DD]),
    (0x18F, &[0x259]),
    (0x190, &[0x25B]),
    (0x191, &[0x192]),
    (0x193, &[0x260]),
    (0x194, &[0x263]),
    (0x196, &[0x269]),
    (0x197, &[0x268]),
    (0x198, &[0x199]),
    (0x19C, &[0x26F]),
    (0x19D, &[0x272]),
    (0x19F, &[0x275]),
    (0x1A0, &[0x1A1]),
    (0x1A2, &[0x1A3]),
    (0x1A4, &[0x1A5]),
    (0x1A6, &[0x280]),
    (0x1A7, &[0x1A8]),
    (0x1A9, &[0x283]),
    (0x1AC, &[0x1AD]),
    (0x1AE, &[0x288]),
    (0x1AF, &[0x1B0]),
    (0x1B1, &[0x28A]),
    (0x1B2, &[0x28B]),
    (0x1B3, &[0x1B4]),
    (0x1B5, &[0x1B6]),
    (0x1B7, &[0x292]),
    (0x1B8, &[0x1B9]),
    (0x1BC, &[0x1BD]),
    (0x1C4, &[0x1C6]),
    (0x1C5, &[0x1C6]),
    (0x1C7, &[0x1C9]),
    (0x1C8, &[0x1C9]),
    (0x1CA, &[0x1CC]),
    (0x1CB, &[0x1CC]),
    (0x1CD, &[0x1CE]),
    (0x1CF, &[0x1D0]),
    (0x1D1, &[0x1D2]),
    (0x1D3, &[0x1D4]),
    (0x1D5, &[0x1D6]),
    (0x1D7, &[0x1D8]),
    (0x1D9, &[0x1DA]),
    (0x1DB, &[0x1DC]),
    (0x1DE, &[0x1DF]),
    (0x1E0, &[0x1E1]),
    (0x1E2, &[0x1E3]),
    (0x1E4, &[0x1E5]),
    (0x1E6, &[0x1E7]),
    (0x1E8, &[0x1E9]),
    (0x1EA, &[0x1EB]),
    (0x1EC, &[0x1ED]),
    (0x1EE, &[0x1EF]),
    (0x1F1, &[0x1F3]),
    (0x1F2, &[0x1F3]),
    (0x1F4, &[0x1F5]),
    (0x1F6, &[0x195]),
    (0x1F7, &[0x1BF]),
    (0x1F8, &[0x1F9]),
    (0x1FA, &[0x1FB]),
    (0x1FC, &[0x1FD]),
    (0x1FE, &[0x1FF]),
    (0x200, &[0x201]),
    (0x202, &[0x203]),
    (0x204, &[0x205]),
    (0x206, &[0x207]),
    (0x208, &[0x209]),
    (0x20A, &[0x20B]),
    (0x20C, &[0x20D]),
    (0x20E, &[0x20F]),
    (0x210, &[0x211]),
    (0x212, &[0x213]),
    (0x214, &[0x215]),
    (0x216, &[0x217]),
    (0x218, &[0x219]),
    (0x21A, &[0x21B]),
    (0x21C, &[0x21D]),
    (0x21E, &[0x21F]),
    (0x220, &[0x19E]),
    (0x222, &[0x223]),
    (0x224, &[0x225]),
    (0x226, &[0x227]),
    (0x228, &[0x229]),
    (0x22A, &[0x22B]),
    (0x22C, &[0x22D]),
    (0x22E, &[0x22F]),
    (0x230, &[0x231]),
    (0x232, &[0x233]),
    (0x23A, &[0x2C65]),
    (0x23B, &[0x23C]),
    (0x23D, &[0x19A]),
    (0x23E, &[0x2C66]),
    (0x241, &[0x242]),
    (0x243, &[0x180]),
    (0x244, &[0x289]),
    (0x245, &[0x28C]),
    (0x246, &[0x247]),
    (0x248, &[0x249]),
    (0x24A, &[0x24B]),
    (0x24C, &[0x24D]),
    (0x24E, &[0x24F]),
    (0x370, &[0x371]),
    (0x372, &[0x373]),
    (0x376, &[0x377]),
    (0x37F, &[0x3F3]),
    (0x386, &[0x3AC]),
    (0x388, &[0x3AD]),
    (0x389, &[0x3AE]),
    (0x38A, &[0x3AF]),
    (0x38C, &[0x3CC]),
    (0x38E, &[0x3CD]),
    (0x38F, &[0x3CE]),
    (0x391, &[0x3B1]),
    (0x392, &[0x3B2]),
    (0x393, &[0x3B3]),
    (0x394, &[0x3B4]),
    (0x395, &[0x3B5]),
    (0x396, &[0x3B6]),
    (0x397, &[0x3B7]),
    (0x398, &[0x3B8]),
    (0x399, &[0x3B9]),
    (0x39A, &[0x3BA]),
    (0x39B, &[0x3BB]),
    (0x39C, &[0x3BC]),
    (0x39D, &[0x3BD]),
    (0x39E, &[0x3BE]),
    (0x39F, &[0x3BF]),
    (0x3A0, &[0x3C0]),
    (0x3A1, &[0x3C1]),
    (0x3A3, &[0x3C3]),
    (0x3A4, &[0x3C4]),
    (0x3A5, &[0x3C5]),
    (0x3A6, &[0x3C6]),
    (0x3A7, &[0x3C7]),
    (0x3A8, &[0x3C8]),
    (0x3A9, &[0x3C9]),
    (0x3AA, &[0x3CA]),
    (0x3AB, &[0x3CB]),
    (0x3CF, &[0x3D7]),
    (0x3D8, &[0x3D9]),
    (0x3DA, &[0x3DB]),
    (0x3DC, &[0x3DD]),
    (0x3DE, &[0x3DF]),
    (0x3E0, &[0x3E1]),
    (0x3E2, &[0x3E3]),
    (0x3E4, &[0x3E5]),
    (0x3E6, &[0x3E7]),
    (0x3E8, &[0x3E9]),
    (0x3EA, &[0x3EB]),
    (0x3EC, &[0x3ED]),
    (0x3EE, &[0x3EF]),
    (0x3F4, &[0x3B8]),
    (0x3F7, &[0x3F8]),
    (0x3F9, &[0x3F2]),
    (0x3FA, &[0x3FB]),
    (0x3FD, &[0x37B]),
    (0x3FE, &[0x37C]),
    (0x3FF, &[0x37D]),
    (0x400, &[0x450]),
    (0x401, &[0x451]),
    (0x402, &[0x452]),
    (0x403, &[0x453]),
    (0x404, &[0x454]),
    (0x405, &[0x455]),
    (0x406, &[0x456]),
    (0x407, &[0x457]),
    (0x408, &[0x458]),
    (0x409, &[0x459]),
    (0x40A, &[0x45A]),
    (0x40B, &[0x45B]),
    (0x40C, &[0x45C]),
    (0x40D, &[0x45D]),
    (0x40E, &[0x45E]),
    (0x40F, &[0x45F]),
    (0x410, &[0x430]),
    (0x411, &[0x431]),
    (0x412, &[0x432]),
    (0x413, &[0x433]),
    (0x414, &[0x434]),
    (0x415, &[0x435]),
    (0x416, &[0x436]),
    (0x417, &[0x437]),
    (0x418, &[0x438]),
    (0x419, &[0x439]),
    (0x41A, &[0x43A]),
    (0x41B, &[0x43B]),
    (0x41C, &[0x43C]),
    (0x41D, &[0x43D]),
    (0x41E, &[0x43E]),
    (0x41F, &[0x43F]),
    (0x420, &[0x440]),
    (0x421, &[0x441]),
    (0x422, &[0x442]),
    (0x423, &[0x443]),
    (0x424, &[0x444]),
    (0x425, &[0x445]),
    (0x426, &[0x446]),
    (0x427, &[0x447]),
    (0x428, &[0x448]),
    (0x429, &[0x449]),
    (0x42A, &[0x44A]),
    (0x42B, &[0x44B]),
    (0x42C, &[0x44C]),
    (0x42D, &[0x44D]),
    (0x42E, &[0x44E]),
    (0x42F, &[0x44F]),
    (0x460, &[0x461]),
    (0x462, &[0x463]),
    (0x464, &[0x465]),
    (0x466, &[0x467]),
    (0x468, &[0x469]),
    (0x46A, &[0x46B]),
    (0x46C, &[0x46D]),
    (0x46E, &[0x46F]),
    (0x470, &[0x471]),
    (0x472, &[0x473]),
    (0x474, &[0x475]),
    (0x476, &[0x477]),
    (0x478, &[0x479]),
    (0x47A, &[0x47B]),
    (0x47C, &[0x47D]),
    (0x47E, &[0x47F]),
    (0x480, &[0x481]),
    (0x48A, &[0x48B]),
    (0x48C, &[0x48D]),
    (0x48E, &[0x48F]),
    (0x490, &[0x491]),
    (0x492, &[0x493]),
    (0x494, &[0x495]),
    (0x496, &[0x497]),
    (0x498, &[0x499]),
    (0x49A, &[0x49B]),
    (0x49C, &[0x49D]),
    (0x49E, &[0x49F]),
    (0x4A0, &[0x4A1]),
    (0x4A2, &[0x4A3]),
    (0x4A4, &[0x4A5]),
    (0x4A6, &[0x4A7]),
    (0x4A8, &[0x4A9]),
    (0x4AA, &[0x4AB]),
    (0x4AC, &[0x4AD]),
    (0x4AE, &[0x4AF]),
    (0x4B0, &[0x4B1]),
    (0x4B2, &[0x4B3]),
    (0x4B4, &[0x4B5]),
    (0x4B6, &[0x4B7]),
    (0x4B8, &[0x4B9]),
    (0x4BA, &[0x4BB]),
    (0x4BC, &[0x4BD]),
    (0x4BE, &[0x4BF]),
    (0x4C0, &[0x4CF]),
    (0x4C1, &[0x4C2]),
    (0x4C3, &[0x4C4]),
    (0x4C5, &[0x4C6]),
    (0x4C7, &[0x4C8]),
    (0x4C9, &[0x4CA]),
    (0x4CB, &[0x4CC]),
    (0x4CD, &[0x4CE]),
    (0x4D0, &[0x4D1]),
    (0x4D2, &[0x4D3]),
    (0x4D4, &[0x4D5]),
    (0x4D6, &[0x4D7]),
    (0x4D8, &[0x4D9]),
    (0x4DA, &[0x4DB]),
    (0x4DC, &[0x4DD]),
    (0x4DE, &[0x4DF]),
    (0x4E0, &[0x4E1]),
    (0x4E2, &[0x4E3]),
    (0x4E4, &[0x4E5]),
    (0x4E6, &[0x4E7]),
    (0x4E8, &[0x4E9]),
    (0x4EA, &[0x4EB]),
    (0x4EC, &[0x4ED]),
    (0x4EE, &[0x4EF]),
    (0x4F0, &[0x4F1]),
    (0x4F2, &[0x4F3]),
    (0x4F4, &[0x4F5]),
    (0x4F6, &[0x4F7]),
    (0x4F8, &[0x4F9]),
    (0x4FA, &[0x4FB]),
    (0x4FC, &[0x4FD]),
    (0x4FE, &[0x4FF]),
    (0x500, &[0x501]),
    (0x502, &[0x503]),
    (0x504, &[0x505]),
    (0x506, &[0x507]),
    (0x508, &[0x509]),
    (0x50A, &[0x50B]),
    (0x50C, &[0x50D]),
    (0x50E, &[0x50F]),
    (0x510, &[0x511]),
    (0x512, &[0x513]),
    (0x514, &[0x515]),
    (0x516, &[0x517]),
    (0x518, &[0x519]),
    (0x51A, &[0x51B]),
    (0x51C, &[0x51D]),
    (0x51E, &[0x51F]),
    (0x520, &[0x521]),
    (0x522, &[0x523]),
    (0x524, &[0x525]),
    (0x526, &[0x527]),
    (0x528, &[0x529]),
    (0x52A, &[0x52B]),
    (0x52C, &[0x52D]),
    (0x52E, &[0x52F]),
    (0x531, &[0x561]),
    (0x532, &[0x562]),
    (0x533, &[0x563]),
    (0x534, &[0x564]),
    (0x535, &[0x565]),
    (0x536, &[0x566]),
    (0x537, &[0x567]),
    (0x538, &[0x568]),
    (0x539, &[0x569]),
    (0x53A, &[0x56A]),
    (0x53B, &[0x56B]),
    (0x53C, &[0x56C]),
    (0x53D, &[0x56D]),
    (0x53E, &[0x56E]),
    (0x53F, &[0x56F]),
    (0x540, &[0x570]),
    (0x541, &[0x571]),
    (0x542, &[0x572]),
    (0x543, &[0x573]),
    (0x544, &[0x574]),
    (0x545, &[0x575]),
    (0x546, &[0x576]),
    (0x547, &[0x577]),
    (0x548, &[0x578]),
    (0x549, &[0x579]),
    (0x54A, &[0x57A]),
    (0x54B, &[0x57B]),
    (0x54C, &[0x57C]),
    (0x54D, &[0x57D]),
    (0x54E, &[0x57E]),
    (0x54F, &[0x57F]),
    (0x550, &[0x580]),
    (0x551, &[0x581]),
    (0x552, &[0x582]),
    (0x553, &[0x583]),
    (0x554, &[0x584]),
    (0x555, &[0x585]),
    (0x556, &[0x586]),
    (0x10A0, &[0x2D00]),
    (0x10A1, &[0x2D01]),
    (0x10A2, &[0x2D02]),
    (0x10A3, &[0x2D03]),
    (0x10A4, &[0x2D04]),
    (0x10A5, &[0x2D05]),
    (0x10A6, &[0x2D06]),
    (0x10A7, &[0x2D07]),
    (0x10A8, &[0x2D08]),
    (0x10A9, &[0x2D09]),
    (0x10AA, &[0x2D0A]),
    (0x10AB, &[0x2D0B]),
    (0x10AC, &[0x2D0C]),
    (0x10AD, &[0x2D0D]),
    (0x10AE, &[0x2D0E]),
    (0x10AF, &[0x2D0F]),
    (0x10B0, &[0x2D10]),
    (0x10B1, &[0x2D11]),
    (0x10B2, &[0x2D12]),
    (0x10B3, &[0x2D13]),
    (0x10B4, &[0x2D14]),
    (0x10B5, &[0x2D15]),
    (0x10B6, &[0x2D16]),
    (0x10B7, &[0x2D17]),
    (0x10B8, &[0x2D18]),
    (0x10B9, &[0x2D19]),
    (0x10BA, &[0x2D1A]),
    (0x10BB, &[0x2D1B]),
    (0x10BC, &[0x2D1C]),
    (0x10BD, &[0x2D1D]),
    (0x10BE, &[0x2D1E]),
    (0x10BF, &[0x2D1F]),
    (0x10C0, &[0x2D20]),
    (0x10C1, &[0x2D21]),
    (0x10C2, &[0x2D22]),
    (0x10C3, &[0x2D23]),
    (0x10C4, &[0x2D24]),
    (0x10C5, &[0x2D25]),
    (0x10C7, &[0x2D27]),
    (0x10CD, &[0x2D2D]),
    (0x13A0, &[0xAB70]),
    (0x13A1, &[0xAB71]),
    (0x13A2, &[0xAB72]),
    (0x13A3, &[0xAB73]),
    (0x13A4, &[0xAB74]),
    (0x13A5, &[0xAB75]),
    (0x13A6, &[0xAB76]),
    (0x13A7, &[0xAB77]),
    (0x13A8, &[0xAB78]),
    (0x13A9, &[0xAB79]),
    (0x13AA, &[0xAB7A]),
    (0x13AB, &[0xAB7B]),
    (0x13AC, &[0xAB7C]),
    (0x13AD, &[0xAB7D]),
    (0x13AE, &[0xAB7E]),
    (0x13AF, &[0xAB7F]),
    (0x13B0, &[0xAB80]),
    (0x13B1, &[0xAB81]),
    (0x13B2, &[0xAB82]),
    (0x13B3, &[0xAB83]),
    (0x13B4, &[0xAB84]),
    (0x13B5, &[0xAB85]),
    (0x13B6, &[0xAB86]),
    (0x13B7, &[0xAB87]),
    (0x13B8, &[0xAB88]),
    (0x13B9, &[0xAB89]),
    (0x13BA, &[0xAB8A]),
    (0x13BB, &[0xAB8B]),
    (0x13BC, &[0xAB8C]),
    (0x13BD, &[0xAB8D]),
    (0x13BE, &[0xAB8E]),
    (0x13BF, &[0xAB8F]),
    (0x13C0, &[0xAB90]),
    (0x13C1, &[0xAB91]),
    (0x13C2, &[0xAB92]),
    (0x13C3, &[0xAB93]),
    (0x13C4, &[0xAB94]),
    (0x13C5, &[0xAB95]),
    (0x13C6, &[0xAB96]),
    (0x13C7, &[0xAB97]),
    (0x13C8, &[0xAB98]),
    (0x13C9, &[0xAB99]),
    (0x13CA, &[0xAB9A]),
    (0x13CB, &[0xAB9B]),
    (0x13CC, &[0xAB9C]),
    (0x13CD, &[0xAB9D]),
    (0x13CE, &[0xAB9E]),
    (0x13CF, &[0xAB9F]),
    (0x13D0, &[0xABA0]),
    (0x13D1, &[0xABA1]),
    (0x13D2, &[0xABA2]),
    (0x13D3, &[0xABA3]),
    (0x13D4, &[0xABA4]),
    (0x13D5, &[0xABA5]),
    (0x13D6, &[0xABA6]),
    (0x13D7, &[0xABA7]),
    (0x13D8, &[0xABA8]),
    (0x13D9, &[0xABA9]),
    (0x13DA, &[0xABAA]),
    (0x13DB, &[0xABAB]),
    (0x13DC, &[0xABAC]),
    (0x13DD, &[0xABAD]),
    (0x13DE, &[0xABAE]),
    (0x13DF, &[0xABAF]),
    (0x13E0, &[0xABB0]),
    (0x13E1, &[0xABB1]),
    (0x13E2, &[0xABB2]),
    (0x13E3, &[0xABB3]),
    (0x13E4, &[0xABB4]),
    (0x13E5, &[0xABB5]),
    (0x13E6, &[0xABB6]),
    (0x13E7, &[0xABB7]),
    (0x13E8, &[0xABB8]),
    (0x13E9, &[0xABB9]),
    (0x13EA, &[0xABBA]),
    (0x13EB, &[0xABBB]),
    (0x13EC, &[0xABBC]),
    (0x13ED, &[0xABBD]),
    (0x13EE, &[0xABBE]),
    (0x13EF, &[0xABBF]),
    (0x13F0, &[0x13F8]),
    (0x13F1, &[0x13F9]),
    (0x13F2, &[0x13FA]),
    (0x13F3, &[0x13FB]),
    (0x13F4, &[0x13FC]),
    (0x13F5, &[0x13FD]),
    (0x1C89, &[0x1C8A]),
    (0x1C90, &[0x10D0]),
    (0x1C91, &[0x10D1]),
    (0x1C92, &[0x10D2]),
    (0x1C93, &[0x10D3]),
    (0x1C94, &[0x10D4]),
    (0x1C95, &[0x10D5]),
    (0x1C96, &[0x10D6]),
    (0x1C97, &[0x10D7]),
    (0x1C98, &[0x10D8]),
    (0x1C99, &[0x10D9]),
    (0x1C9A, &[0x10DA]),
    (0x1C9B, &[0x10DB]),
    (0x1C9C, &[0x10DC]),
    (0x1C9D, &[0x10DD]),
    (0x1C9E, &[0x10DE]),
    (0x1C9F, &[0x10DF]),
    (0x1CA0, &[0x10E0]),
    (0x1CA1, &[0x10E1]),
    (0x1CA2, &[0x10E2]),
    (0x1CA3, &[0x10E3]),
    (0x1CA4, &[0x10E4]),
    (0x1CA5, &[0x10E5]),
    (0x1CA6, &[0x10E6]),
    (0x1CA7, &[0x10E7]),
    (0x1CA8, &[0x10E8]),
    (0x1CA9, &[0x10E9]),
    (0x1CAA, &[0x10EA]),
    (0x1CAB, &[0x10EB]),
    (0x1CAC, &[0x10EC]),
    (0x1CAD, &[0x10ED]),
    (0x1CAE, &[0x10EE]),
    (0x1CAF, &[0x10EF]),
    (0x1CB0, &[0x10F0]),
    (0x1CB1, &[0x10F1]),
    (0x1CB2, &[0x10F2]),
    (0x1CB3, &[0x10F3]),
    (0x1CB4, &[0x10F4]),
    (0x1CB5, &[0x10F5]),
    (0x1CB6, &[0x10F6]),
    (0x1CB7, &[0x10F7]),
    (0x1CB8, &[0x10F8]),
    (0x1CB9, &[0x10F9]),
    (0x1CBA, &[0x10FA]),
    (0x1CBD, &[0x10FD]),
    (0x1CBE, &[0x10FE]),
    (0x1CBF, &[0x10FF]),
    (0x1E00, &[0x1E01]),
    (0x1E02, &[0x1E03]),
    (0x1E04, &[0x1E05]),
    (0x1E06, &[0x1E07]),
    (0x1E08, &[0x1E09]),
    (0x1E0A, &[0x1E0B]),
    (0x1E0C, &[0x1E0D]),
    (0x1E0E, &[0x1E0F]),
    (0x1E10, &[0x1E11]),
    (0x1E12, &[0x1E13]),
    (0x1E14, &[0x1E15]),
    (0x1E16, &[0x1E17]),
    (0x1E18, &[0x1E19]),
    (0x1E1A, &[0x1E1B]),
    (0x1E1C, &[0x1E1D]),
    (0x1E1E, &[0x1E1F]),
    (0x1E20, &[0x1E21]),
    (0x1E22, &[0x1E23]),
    (0x1E24, &[0x1E25]),
    (0x1E26, &[0x1E27]),
    (0x1E28, &[0x1E29]),
    (0x1E2A, &[0x1E2B]),
    (0x1E2C, &[0x1E2D]),
    (0x1E2E, &[0x1E2F]),
    (0x1E30, &[0x1E31]),
    (0x1E32, &[0x1E33]),
    (0x1E34, &[0x1E35]),
    (0x1E36, &[0x1E37]),
    (0x1E38, &[0x1E39]),
    (0x1E3A, &[0x1E3B]),
    (0x1E3C, &[0x1E3D]),
    (0x1E3E, &[0x1E3F]),
    (0x1E40, &[0x1E41]),
    (0x1E42, &[0x1E43]),
    (0x1E44, &[0x1E45]),
    (0x1E46, &[0x1E47]),
    (0x1E48, &[0x1E49]),
    (0x1E4A, &[0x1E4B]),
    (0x1E4C, &[0x1E4D]),
    (0x1E4E, &[0x1E4F]),
    (0x1E50, &[0x1E51]),
    (0x1E52, &[0x1E53]),
    (0x1E54, &[0x1E55]),
    (0x1E56, &[0x1E57]),
    (0x1E58, &[0x1E59]),
    (0x1E5A, &[0x1E5B]),
    (0x1E5C, &[0x1E5D]),
    (0x1E5E, &[0x1E5F]),
    (0x1E60, &[0x1E61]),
    (0x1E62, &[0x1E63]),
    (0x1E64, &[0x1E65]),
    (0x1E66, &[0x1E67]),
    (0x1E68, &[0x1E69]),
    (0x1E6A, &[0x1E6B]),
    (0x1E6C, &[0x1E6D]),
    (0x1E6E, &[0x1E6F]),
    (0x1E70, &[0x1E71]),
    (0x1E72, &[0x1E73]),
    (0x1E74, &[0x1E75]),
    (0x1E76, &[0x1E77]),
    (0x1E78, &[0x1E79]),
    (0x1E7A, &[0x1E7B]),
    (0x1E7C, &[0x1E7D]),
    (0x1E7E, &[0x1E7F]),
    (0x1E80, &[0x1E81]),
    (0x1E82, &[0x1E83]),
    (0x1E84, &[0x1E85]),
    (0x1E86, &[0x1E87]),
    (0x1E88, &[0x1E89]),
    (0x1E8A, &[0x1E8B]),
    (0x1E8C, &[0x1E8D]),
    (0x1E8E, &[0x1E8F]),
    (0x1E90, &[0x1E91]),
    (0x1E92, &[0x1E93]),
    (0x1E94, &[0x1E95]),
    (0x1E9E, &[0xDF]),
    (0x1EA0, &[0x1EA1]),
    (0x1EA2, &[0x1EA3]),
    (0x1EA4, &[0x1EA5]),
    (0x1EA6, &[0x1EA7]),
    (0x1EA8, &[0x1EA9]),
    (0x1EAA, &[0x1EAB]),
    (0x1EAC, &[0x1EAD]),
    (0x1EAE, &[0x1EAF]),
    (0x1EB0, &[0x1EB1]),
    (0x1EB2, &[0x1EB3]),
    (0x1EB4, &[0x1EB5]),
    (0x1EB6, &[0x1EB7]),
    (0x1EB8, &[0x1EB9]),
    (0x1EBA, &[0x1EBB]),
    (0x1EBC, &[0x1EBD]),
    (0x1EBE, &[0x1EBF]),
    (0x1EC0, &[0x1EC1]),
    (0x1EC2, &[0x1EC3]),
    (0x1EC4, &[0x1EC5]),
    (0x1EC6, &[0x1EC7]),
    (0x1EC8, &[0x1EC9]),
    (0x1ECA, &[0x1ECB]),
    (0x1ECC, &[0x1ECD]),
    (0x1ECE, &[0x1ECF]),
    (0x1ED0, &[0x1ED1]),
    (0x1ED2, &[0x1ED3]),
    (0x1ED4, &[0x1ED5]),
    (0x1ED6, &[0x1ED7]),
    (0x1ED8, &[0x1ED9]),
    (0x1EDA, &[0x1EDB]),
    (0x1EDC, &[0x1EDD]),
    (0x1EDE, &[0x1EDF]),
    (0x1EE0, &[0x1EE1]),
    (0x1EE2, &[0x1EE3]),
    (0x1EE4, &[0x1EE5]),
    (0x1EE6, &[0x1EE7]),
    (0x1EE8, &[0x1EE9]),
    (0x1EEA, &[0x1EEB]),
    (0x1EEC, &[0x1EED]),
    (0x1EEE, &[0x1EEF]),
    (0x1EF0, &[0x1EF1]),
    (0x1EF2, &[0x1EF3]),
    (0x1EF4, &[0x1EF5]),
    (0x1EF6, &[0x1EF7]),
    (0x1EF8, &[0x1EF9]),
    (0x1EFA, &[0x1EFB]),
    (0x1EFC, &[0x1EFD]),
    (0x1EFE, &[0x1EFF]),
    (0x1F08, &[0x1F00]),
    (0x1F09, &[0x1F01]),
    (0x1F0A, &[0x1F02]),
    (0x1F0B, &[0x1F03]),
    (0x1F0C, &[0x1F04]),
    (0x1F0D, &[0x1F05]),
    (0x1F0E, &[0x1F06]),
    (0x1F0F, &[0x1F07]),
    (0x1F18, &[0x1F10]),
    (0x1F19, &[0x1F11]),
    (0x1F1A, &[0x1F12]),
    (0x1F1B, &[0x1F13]),
    (0x1F1C, &[0x1F14]),
    (0x1F1D, &[0x1F15]),
    (0x1F28, &[0x1F20]),
    (0x1F29, &[0x1F21]),
    (0x1F2A, &[0x1F22]),
    (0x1F2B, &[0x1F23]),
    (0x1F2C, &[0x1F24]),
    (0x1F2D, &[0x1F25]),
    (0x1F2E, &[0x1F26]),
    (0x1F2F, &[0x1F27]),
    (0x1F38, &[0x1F30]),
    (0x1F39, &[0x1F31]),
    (0x1F3A, &[0x1F32]),
    (0x1F3B, &[0x1F33]),
    (0x1F3C, &[0x1F34]),
    (0x1F3D, &[0x1F35]),
    (0x1F3E, &[0x1F36]),
    (0x1F3F, &[0x1F37]),
    (0x1F48, &[0x1F40]),
    (0x1F49, &[0x1F41]),
    (0x1F4A, &[0x1F42]),
    (0x1F4B, &[0x1F43]),
    (0x1F4C, &[0x1F44]),
    (0x1F4D, &[0x1F45]),
    (0x1F59, &[0x1F51]),
    (0x1F5B, &[0x1F53]),
    (0x1F5D, &[0x1F55]),
    (0x1F5F, &[0x1F57]),
    (0x1F68, &[0x1F60]),
    (0x1F69, &[0x1F61]),
    (0x1F6A, &[0x1F62]),
    (0x1F6B, &[0x1F63]),
    (0x1F6C, &[0x1F64]),
    (0x1F6D, &[0x1F65]),
    (0x1F6E, &[0x1F66]),
    (0x1F6F, &[0x1F67]),
    (0x1F88, &[0x1F80]),
    (0x1F89, &[0x1F81]),
    (0x1F8A, &[0x1F82]),
    (0x1F8B, &[0x1F83]),
    (0x1F8C, &[0x1F84]),
    (0x1F8D, &[0x1F85]),
    (0x1F8E, &[0x1F86]),
    (0x1F8F, &[0x1F87]),
    (0x1F98, &[0x1F90]),
    (0x1F99, &[0x1F91]),
    (0x1F9A, &[0x1F92]),
    (0x1F9B, &[0x1F93]),
    (0x1F9C, &[0x1F94]),
    (0x1F9D, &[0x1F95]),
    (0x1F9E, &[0x1F96]),
    (0x1F9F, &[0x1F97]),
    (0x1FA8, &[0x1FA0]),
    (0x1FA9, &[0x1FA1]),
    (0x1FAA, &[0x1FA2]),
    (0x1FAB, &[0x1FA3]),
    (0x1FAC, &[0x1FA4]),
    (0x1FAD, &[0x1FA5]),
    (0x1FAE, &[0x1FA6]),
    (0x1FAF, &[0x1FA7]),
    (0x1FB8, &[0x1FB0]),
    (0x1FB9, &[0x1FB1]),
    (0x1FBA, &[0x1F70]),
    (0x1FBB, &[0x1F71]),
    (0x1FBC, &[0x1FB3]),
    (0x1FC8, &[0x1F72]),
    (0x1FC9, &[0x1F73]),
    (0x1FCA, &[0x1F74]),
    (0x1FCB, &[0x1F75]),
    (0x1FCC, &[0x1FC3]),
    (0x1FD8, &[0x1FD0]),
    (0x1FD9, &[0x1FD1]),
    (0x1FDA, &[0x1F76]),
    (0x1FDB, &[0x1F77]),
    (0x1FE8, &[0x1FE0]),
    (0x1FE9, &[0x1FE1]),
    (0x1FEA, &[0x1F7A]),
    (0x1FEB, &[0x1F7B]),
    (0x1FEC, &[0x1FE5]),
    (0x1FF8, &[0x1F78]),
    (0x1FF9, &[0x1F79]),
    (0x1FFA, &[0x1F7C]),
    (0x1FFB, &[0x1F7D]),
    (0x1FFC, &[0x1FF3]),
    (0x2126, &[0x3C9]),
    (0x212A, &[0x6B]),
    (0x212B, &[0xE5]),
    (0x2132, &[0x214E]),
    (0x2160, &[0x2170]),
    (0x2161, &[0x2171]),
    (0x2162, &[0x2172]),
    (0x2163, &[0x2173]),
    (0x2164, &[0x2174]),
    (0x2165, &[0x2175]),
    (0x2166, &[0x2176]),
    (0x2167, &[0x2177]),
    (0x2168, &[0x2178]),
    (0x2169, &[0x2179]),
    (0x216A, &[0x217A]),
    (0x216B, &[0x217B]),
    (0x216C, &[0x217C]),
    (0x216D, &[0x217D]),
    (0x216E, &[0x217E]),
    (0x216F, &[0x217F]),
    (0x2183, &[0x2184]),
    (0x24B6, &[0x24D0]),
    (0x24B7, &[0x24D1]),
    (0x24B8, &[0x24D2]),
    (0x24B9, &[0x24D3]),
    (0x24BA, &[0x24D4]),
    (0x24BB, &[0x24D5]),
    (0x24BC, &[0x24D6]),
    (0x24BD, &[0x24D7]),
    (0x24BE, &[0x24D8]),
    (0x24BF, &[0x24D9]),
    (0x24C0, &[0x24DA]),
    (0x24C1, &[0x24DB]),
    (0x24C2, &[0x24DC]),
    (0x24C3, &[0x24DD]),
    (0x24C4, &[0x24DE]),
    (0x24C5, &[0x24DF]),
    (0x24C6, &[0x24E0]),
    (0x24C7, &[0x24E1]),
    (0x24C8, &[0x24E2]),
    (0x24C9, &[0x24E3]),
    (0x24CA, &[0x24E4]),
    (0x24CB, &[0x24E5]),
    (0x24CC, &[0x24E6]),
    (0x24CD, &[0x24E7]),
    (0x24CE, &[0x24E8]),
    (0x24CF, &[0x24E9]),
    (0x2C00, &[0x2C30]),
    (0x2C01, &[0x2C31]),
    (0x2C02, &[0x2C32]),
    (0x2C03, &[0x2C33]),
    (0x2C04, &[0x2C34]),
    (0x2C05, &[0x2C35]),
    (0x2C06, &[0x2C36]),
    (0x2C07, &[0x2C37]),
    (0x2C08, &[0x2C38]),
    (0x2C09, &[0x2C39]),
    (0x2C0A, &[0x2C3A]),
    (0x2C0B, &[0x2C3B]),
    (0x2C0C, &[0x2C3C]),
    (0x2C0D, &[0x2C3D]),
    (0x2C0E, &[0x2C3E]),
    (0x2C0F, &[0x2C3F]),
    (0x2C10, &[0x2C40]),
    (0x2C11, &[0x2C41]),
    (0x2C12, &[0x2C42]),
    (0x2C13, &[0x2C43]),
    (0x2C14, &[0x2C44]),
    (0x2C15, &[0x2C45]),
    (0x2C16, &[0x2C46]),
    (0x2C17, &[0x2C47]),
    (0x2C18, &[0x2C48]),
    (0x2C19, &[0x2C49]),
    (0x2C1A, &[0x2C4A]),
    (0x2C1B, &[0x2C4B]),
    (0x2C1C, &[0x2C4C]),
    (0x2C1D, &[0x2C4D]),
    (0x2C1E, &[0x2C4E]),
    (0x2C1F, &[0x2C4F]),
    (0x2C20, &[0x2C50]),
    (0x2C21, &[0x2C51]),
    (0x2C22, &[0x2C52]),
    (0x2C23, &[0x2C53]),
    (0x2C24, &[0x2C54]),
    (0x2C25, &[0x2C55]),
    (0x2C26, &[0x2C56]),
    (0x2C27, &[0x2C57]),
    (0x2C28, &[0x2C58]),
    (0x2C29, &[0x2C59]),
    (0x2C2A, &[0x2C5A]),
    (0x2C2B, &[0x2C5B]),
    (0x2C2C, &[0x2C5C]),
    (0x2C2D, &[0x2C5D]),
    (0x2C2E, &[0x2C5E]),
    (0x2C2F, &[0x2C5F]),
    (0x2C60, &[0x2C61]),
    (0x2C62, &[0x26B]),
    (0x2C63, &[0x1D7D]),
    (0x2C64, &[0x27D]),
    (0x2C67, &[0x2C68]),
    (0x2C69, &[0x2C6A]),
    (0x2C6B, &[0x2C6C]),
    (0x2C6D, &[0x251]),
    (0x2C6E, &[0x271]),
    (0x2C6F, &[0x250]),
    (0x2C70, &[0x252]),
    (0x2C72, &[0x2C73]),
    (0x2C75, &[0x2C76]),
    (0x2C7E, &[0x23F]),
    (0x2C7F, &[0x240]),
    (0x2C80, &[0x2C81]),
    (0x2C82, &[0x2C83]),
    (0x2C84, &[0x2C85]),
    (0x2C86, &[0x2C87]),
    (0x2C88, &[0x2C89]),
    (0x2C8A, &[0x2C8B]),
    (0x2C8C, &[0x2C8D]),
    (0x2C8E, &[0x2C8F]),
    (0x2C90, &[0x2C91]),
    (0x2C92, &[0x2C93]),
    (0x2C94, &[0x2C95]),
    (0x2C96, &[0x2C97]),
    (0x2C98, &[0x2C99]),
    (0x2C9A, &[0x2C9B]),
    (0x2C9C, &[0x2C9D]),
    (0x2C9E, &[0x2C9F]),
    (0x2CA0, &[0x2CA1]),
    (0x2CA2, &[0x2CA3]),
    (0x2CA4, &[0x2CA5]),
    (0x2CA6, &[0x2CA7]),
    (0x2CA8, &[0x2CA9]),
    (0x2CAA, &[0x2CAB]),
    (0x2CAC, &[0x2CAD]),
    (0x2CAE, &[0x2CAF]),
    (0x2CB0, &[0x2CB1]),
    (0x2CB2, &[0x2CB3]),
    (0x2CB4, &[0x2CB5]),
    (0x2CB6, &[0x2CB7]),
    (0x2CB8, &[0x2CB9]),
    (0x2CBA, &[0x2CBB]),
    (0x2CBC, &[0x2CBD]),
    (0x2CBE, &[0x2CBF]),
    (0x2CC0, &[0x2CC1]),
    (0x2CC2, &[0x2CC3]),
    (0x2CC4, &[0x2CC5]),
    (0x2CC6, &[0x2CC7]),
    (0x2CC8, &[0x2CC9]),
    (0x2CCA, &[0x2CCB]),
    (0x2CCC, &[0x2CCD]),
    (0x2CCE, &[0x2CCF]),
    (0x2CD0, &[0x2CD1]),
    (0x2CD2, &[0x2CD3]),
    (0x2CD4, &[0x2CD5]),
    (0x2CD6, &[0x2CD7]),
    (0x2CD8, &[0x2CD9]),
    (0x2CDA, &[0x2CDB]),
    (0x2CDC, &[0x2CDD]),
    (0x2CDE, &[0x2CDF]),
    (0x2CE0, &[0x2CE1]),
    (0x2CE2, &[0x2CE3]),
    (0x2CEB, &[0x2CEC]),
    (0x2CED, &[0x2CEE]),
    (0x2CF2, &[0x2CF3]),
    (0xA640, &[0xA641]),
    (0xA642, &[0xA643]),
    (0xA644, &[0xA645]),
    (0xA646, &[0xA647]),
    (0xA648, &[0xA649]),
    (0xA64A, &[0xA64B]),
    (0xA64C, &[0xA64D]),
    (0xA64E, &[0xA64F]),
    (0xA650, &[0xA651]),
    (0xA652, &[0xA653]),
    (0xA654, &[0xA655]),
    (0xA656, &[0xA657]),
    (0xA658, &[0xA659]),
    (0xA65A, &[0xA65B]),
    (0xA65C, &[0xA65D]),
    (0xA65E, &[0xA65F]),
    (0xA660, &[0xA661]),
    (0xA662, &[0xA663]),
    (0xA664, &[0xA665]),
    (0xA666, &[0xA667]),
    (0xA668, &[0xA669]),
    (0xA66A, &[0xA66B]),
    (0xA66C, &[0xA66D]),
    (0xA680, &[0xA681]),
    (0xA682, &[0xA683]),
    (0xA684, &[0xA685]),
    (0xA686, &[0xA687]),
    (0xA688, &[0xA689]),
    (0xA68A, &[0xA68B]),
    (0xA68C, &[0xA68D]),
    (0xA68E, &[0xA68F]),
    (0xA690, &[0xA691]),
    (0xA692, &[0xA693]),
    (0xA694, &[0xA695]),
    (0xA696, &[0xA697]),
    (0xA698, &[0xA699]),
    (0xA69A, &[0xA69B]),
    (0xA722, &[0xA723]),
    (0xA724, &[0xA725]),
    (0xA726, &[0xA727]),
    (0xA728, &[0xA729]),
    (0xA72A, &[0xA72B]),
    (0xA72C, &[0xA72D]),
    (0xA72E, &[0xA72F]),
    (0xA732, &[0xA733]),
    (0xA734, &[0xA735]),
    (0xA736, &[0xA737]),
    (0xA738, &[0xA739]),
    (0xA73A, &[0xA73B]),
    (0xA73C, &[0xA73D]),
    (0xA73E, &[0xA73F]),
    (0xA740, &[0xA741]),
    (0xA742, &[0xA743]),
    (0xA744, &[0xA745]),
    (0xA746, &[0xA747]),
    (0xA748, &[0xA749]),
    (0xA74A, &[0xA74B]),
    (0xA74C, &[0xA74D]),
    (0xA74E, &[0xA74F]),
    (0xA750, &[0xA751]),
    (0xA752, &[0xA753]),
    (0xA754, &[0xA755]),
    (0xA756, &[0xA757]),
    (0xA758, &[0xA759]),
    (0xA75A, &[0xA75B]),
    (0xA75C, &[0xA75D]),
    (0xA75E, &[0xA75F]),
    (0xA760, &[0xA761]),
    (0xA762, &[0xA763]),
    (0xA764, &[0xA765]),
    (0xA766, &[0xA767]),
    (0xA768, &[0xA769]),
    (0xA76A, &[0xA76B]),
    (0xA76C, &[0xA76D]),
    (0xA76E, &[0xA76F]),
    (0xA779, &[0xA77A]),
    (0xA77B, &[0xA77C]),
    (0xA77D, &[0x1D79]),
    (0xA77E, &[0xA77F]),
    (0xA780, &[0xA781]),
    (0xA782, &[0xA783]),
    (0xA784, &[0xA785]),
    (0xA786, &[0xA787]),
    (0xA78B, &[0xA78C]),
    (0xA78D, &[0x265]),
    (0xA790, &[0xA791]),
    (0xA792, &[0xA793]),
    (0xA796, &[0xA797]),
    (0xA798, &[0xA799]),
    (0xA79A, &[0xA79B]),
    (0xA79C, &[0xA79D]),
    (0xA79E, &[0xA79F]),
    (0xA7A0, &[0xA7A1]),
    (0xA7A2, &[0xA7A3]),
    (0xA7A4, &[0xA7A5]),
    (0xA7A6, &[0xA7A7]),
    (0xA7A8, &[0xA7A9]),
    (0xA7AA, &[0x266]),
    (0xA7AB, &[0x25C]),
    (0xA7AC, &[0x261]),
    (0xA7AD, &[0x26C]),
    (0xA7AE, &[0x26A]),
    (0xA7B0, &[0x29E]),
    (0xA7B1, &[0x287]),
    (0xA7B2, &[0x29D]),
    (0xA7B3, &[0xAB53]),
    (0xA7B4, &[0xA7B5]),
    (0xA7B6, &[0xA7B7]),
    (0xA7B8, &[0xA7B9]),
    (0xA7BA, &[0xA7BB]),
    (0xA7BC, &[0xA7BD]),
    (0xA7BE, &[0xA7BF]),
    (0xA7C0, &[0xA7C1]),
    (0xA7C2, &[0xA7C3]),
    (0xA7C4, &[0xA794]),
    (0xA7C5, &[0x282]),
    (0xA7C6, &[0x1D8E]),
    (0xA7C7, &[0xA7C8]),
    (0xA7C9, &[0xA7CA]),
    (0xA7CB, &[0x264]),
    (0xA7CC, &[0xA7CD]),
    (0xA7D0, &[0xA7D1]),
    (0xA7D6, &[0xA7D7]),
    (0xA7D8, &[0xA7D9]),
    (0xA7DA, &[0xA7DB]),
    (0xA7DC, &[0x19B]),
    (0xA7F5, &[0xA7F6]),
    (0xFF21, &[0xFF41]),
    (0xFF22, &[0xFF42]),
    (0xFF23, &[0xFF43]),
    (0xFF24, &[0xFF44]),
    (0xFF25, &[0xFF45]),
    (0xFF26, &[0xFF46]),
    (0xFF27, &[0xFF47]),
    (0xFF28, &[0xFF48]),
    (0xFF29, &[0xFF49]),
    (0xFF2A, &[0xFF4A]),
    (0xFF2B, &[0xFF4B]),
    (0xFF2C, &[0xFF4C]),
    (0xFF2D, &[0xFF4D]),
    (0xFF2E, &[0xFF4E]),
    (0xFF2F, &[0xFF4F]),
    (0xFF30, &[0xFF50]),
    (0xFF31, &[0xFF51]),
    (0xFF32, &[0xFF52]),
    (0xFF33, &[0xFF53]),
    (0xFF34, &[0xFF54]),
    (0xFF35, &[0xFF55]),
    (0xFF36, &[0xFF56]),
    (0xFF37, &[0xFF57]),
    (0xFF38, &[0xFF58]),
    (0xFF39, &[0xFF59]),
    (0xFF3A, &[0xFF5A]),
    (0x10400, &[0x10428]),
    (0x10401, &[0x10429]),
    (0x10402, &[0x1042A]),
    (0x10403, &[0x1042B]),
    (0x10404, &[0x1042C]),
    (0x10405, &[0x1042D]),
    (0x10406, &[0x1042E]),
    (0x10407, &[0x1042F]),
    (0x10408, &[0x10430]),
    (0x10409, &[0x10431]),
    (0x1040A, &[0x10432]),
    (0x1040B, &[0x10433]),
    (0x1040C, &[0x10434]),
    (0x1040D, &[0x10435]),
    (0x1040E, &[0x10436]),
    (0x1040F, &[0x10437]),
    (0x10410, &[0x10438]),
    (0x10411, &[0x10439]),
    (0x10412, &[0x1043A]),
    (0x10413, &[0x1043B]),
    (0x10414, &[0x1043C]),
    (0x10415, &[0x1043D]),
    (0x10416, &[0x1043E]),
    (0x10417, &[0x1043F]),
    (0x10418, &[0x10440]),
    (0x10419, &[0x10441]),
    (0x1041A, &[0x10442]),
    (0x1041B, &[0x10443]),
    (0x1041C, &[0x10444]),
    (0x1041D, &[0x10445]),
    (0x1041E, &[0x10446]),
    (0x1041F, &[0x10447]),
    (0x10420, &[0x10448]),
    (0x10421, &[0x10449]),
    (0x10422, &[0x1044A]),
    (0x10423, &[0x1044B]),
    (0x10424, &[0x1044C]),
    (0x10425, &[0x1044D]),
    (0x10426, &[0x1044E]),
    (0x10427, &[0x1044F]),
    (0x104B0, &[0x104D8]),
    (0x104B1, &[0x104D9]),
    (0x104B2, &[0x104DA]),
    (0x104B3, &[0x104DB]),
    (0x104B4, &[0x104DC]),
    (0x104B5, &[0x104DD]),
    (0x104B6, &[0x104DE]),
    (0x104B7, &[0x104DF]),
    (0x104B8, &[0x104E0]),
    (0x104B9, &[0x104E1]),
    (0x104BA, &[0x104E2]),
    (0x104BB, &[0x104E3]),
    (0x104BC, &[0x104E4]),
    (0x104BD, &[0x104E5]),
    (0x104BE, &[0x104E6]),
    (0x104BF, &[0x104E7]),
    (0x104C0, &[0x104E8]),
    (0x104C1, &[0x104E9]),
    (0x104C2, &[0x104EA]),
    (0x104C3, &[0x104EB]),
    (0x104C4, &[0x104EC]),
    (0x104C5, &[0x104ED]),
    (0x104C6, &[0x104EE]),
    (0x104C7, &[0x104EF]),
    (0x104C8, &[0x104F0]),
    (0x104C9, &[0x104F1]),
    (0x104CA, &[0x104F2]),
    (0x104CB, &[0x104F3]),
    (0x104CC, &[0x104F4]),
    (0x104CD, &[0x104F5]),
    (0x104CE, &[0x104F6]),
    (0x104CF, &[0x104F7]),
    (0x104D0, &[0x104F8]),
    (0x104D1, &[0x104F9]),
    (0x104D2, &[0x104FA]),
    (0x104D3, &[0x104FB]),
    (0x10570, &[0x10597]),
    (0x10571, &[0x10598]),
    (0x10572, &[0x10599]),
    (0x10573, &[0x1059A]),
    (0x10574, &[0x1059B]),
    (0x10575, &[0x1059C]),
    (0x10576, &[0x1059D]),
    (0x10577, &[0x1059E]),
    (0x10578, &[0x1059F]),
    (0x10579, &[0x105A0]),
    (0x1057A, &[0x105A1]),
    (0x1057C, &[0x105A3]),
    (0x1057D, &[0x105A4]),
    (0x1057E, &[0x105A5]),
    (0x1057F, &[0x105A6]),
    (0x10580, &[0x105A7]),
    (0x10581, &[0x105A8]),
    (0x10582, &[0x105A9]),
    (0x10583, &[0x105AA]),
    (0x10584, &[0x105AB]),
    (0x10585, &[0x105AC]),
    (0x10586, &[0x105AD]),
    (0x10587, &[0x105AE]),
    (0x10588, &[0x105AF]),
    (0x10589, &[0x105B0]),
    (0x1058A, &[0x105B1]),
    (0x1058C, &[0x105B3]),
    (0x1058D, &[0x105B4]),
    (0x1058E, &[0x105B5]),
    (0x1058F, &[0x105B6]),
    (0x10590, &[0x105B7]),
    (0x10591, &[0x105B8]),
    (0x10592, &[0x105B9]),
    (0x10594, &[0x105BB]),
    (0x10595, &[0x105BC]),
    (0x10C80, &[0x10CC0]),
    (0x10C81, &[0x10CC1]),
    (0x10C82, &[0x10CC2]),
    (0x10C83, &[0x10CC3]),
    (0x10C84, &[0x10CC4]),
    (0x10C85, &[0x10CC5]),
    (0x10C86, &[0x10CC6]),
    (0x10C87, &[0x10CC7]),
    (0x10C88, &[0x10CC8]),
    (0x10C89, &[0x10CC9]),
    (0x10C8A, &[0x10CCA]),
    (0x10C8B, &[0x10CCB]),
    (0x10C8C, &[0x10CCC]),
    (0x10C8D, &[0x10CCD]),
    (0x10C8E, &[0x10CCE]),
    (0x10C8F, &[0x10CCF]),
    (0x10C90, &[0x10CD0]),
    (0x10C91, &[0x10CD1]),
    (0x10C92, &[0x10CD2]),
    (0x10C93, &[0x10CD3]),
    (0x10C94, &[0x10CD4]),
    (0x10C95, &[0x10CD5]),
    (0x10C96, &[0x10CD6]),
    (0x10C97, &[0x10CD7]),
    (0x10C98, &[0x10CD8]),
    (0x10C99, &[0x10CD9]),
    (0x10C9A, &[0x10CDA]),
    (0x10C9B, &[0x10CDB]),
    (0x10C9C, &[0x10CDC]),
    (0x10C9D, &[0x10CDD]),
    (0x10C9E, &[0x10CDE]),
    (0x10C9F, &[0x10CDF]),
    (0x10CA0, &[0x10CE0]),
    (0x10CA1, &[0x10CE1]),
    (0x10CA2, &[0x10CE2]),
    (0x10CA3, &[0x10CE3]),
    (0x10CA4, &[0x10CE4]),
    (0x10CA5, &[0x10CE5]),
    (0x10CA6, &[0x10CE6]),
    (0x10CA7, &[0x10CE7]),
    (0x10CA8, &[0x10CE8]),
    (0x10CA9, &[0x10CE9]),
    (0x10CAA, &[0x10CEA]),
    (0x10CAB, &[0x10CEB]),
    (0x10CAC, &[0x10CEC]),
    (0x10CAD, &[0x10CED]),
    (0x10CAE, &[0x10CEE]),
    (0x10CAF, &[0x10CEF]),
    (0x10CB0, &[0x10CF0]),
    (0x10CB1, &[0x10CF1]),
    (0x10CB2, &[0x10CF2]),
    (0x10D50, &[0x10D70]),
    (0x10D51, &[0x10D71]),
    (0x10D52, &[0x10D72]),
    (0x10D53, &[0x10D73]),
    (0x10D54, &[0x10D74]),
    (0x10D55, &[0x10D75]),
    (0x10D56, &[0x10D76]),
    (0x10D57, &[0x10D77]),
    (0x10D58, &[0x10D78]),
    (0x10D59, &[0x10D79]),
    (0x10D5A, &[0x10D7A]),
    (0x10D5B, &[0x10D7B]),
    (0x10D5C, &[0x10D7C]),
    (0x10D5D, &[0x10D7D]),
    (0x10D5E, &[0x10D7E]),
    (0x10D5F, &[0x10D7F]),
    (0x10D60, &[0x10D80]),
    (0x10D61, &[0x10D81]),
    (0x10D62, &[0x10D82]),
    (0x10D63, &[0x10D83]),
    (0x10D64, &[0x10D84]),
    (0x10D65, &[0x10D85]),
    (0x118A0, &[0x118C0]),
    (0x118A1, &[0x118C1]),
    (0x118A2, &[0x118C2]),
    (0x118A3, &[0x118C3]),
    (0x118A4, &[0x118C4]),
    (0x118A5, &[0x118C5]),
    (0x118A6, &[0x118C6]),
    (0x118A7, &[0x118C7]),
    (0x118A8, &[0x118C8]),
    (0x118A9, &[0x118C9]),
    (0x118AA, &[0x118CA]),
    (0x118AB, &[0x118CB]),
    (0x118AC, &[0x118CC]),
    (0x118AD, &[0x118CD]),
    (0x118AE, &[0x118CE]),
    (0x118AF, &[0x118CF]),
    (0x118B0, &[0x118D0]),
    (0x118B1, &[0x118D1]),
    (0x118B2, &[0x118D2]),
    (0x118B3, &[0x118D3]),
    (0x118B4, &[0x118D4]),
    (0x118B5, &[0x118D5]),
    (0x118B6, &[0x118D6]),
    (0x118B7, &[0x118D7]),
    (0x118B8, &[0x118D8]),
    (0x118B9, &[0x118D9]),
    (0x118BA, &[0x118DA]),
    (0x118BB, &[0x118DB]),
    (0x118BC, &[0x118DC]),
    (0x118BD, &[0x118DD]),
    (0x118BE, &[0x118DE]),
    (0x118BF, &[0x118DF]),
    (0x16E40, &[0x16E60]),
    (0x16E41, &[0x16E61]),
    (0x16E42, &[0x16E62]),
    (0x16E43, &[0x16E63]),
    (0x16E44, &[0x16E64]),
    (0x16E45, &[0x16E65]),
    (0x16E46, &[0x16E66]),
    (0x16E47, &[0x16E67]),
    (0x16E48, &[0x16E68]),
    (0x16E49, &[0x16E69]),
    (0x16E4A, &[0x16E6A]),
    (0x16E4B, &[0x16E6B]),
    (0x16E4C, &[0x16E6C]),
    (0x16E4D, &[0x16E6D]),
    (0x16E4E, &[0x16E6E]),
    (0x16E4F, &[0x16E6F]),
    (0x16E50, &[0x16E70]),
    (0x16E51, &[0x16E71]),
    (0x16E52, &[0x16E72]),
    (0x16E53, &[0x16E73]),
    (0x16E54, &[0x16E74]),
    (0x16E55, &[0x16E75]),
    (0x16E56, &[0x16E76]),
    (0x16E57, &[0x16E77]),
    (0x16E58, &[0x16E78]),
    (0x16E59, &[0x16E79]),
    (0x16E5A, &[0x16E7A]),
    (0x16E5B, &[0x16E7B]),
    (0x16E5C, &[0x16E7C]),
    (0x16E5D, &[0x16E7D]),
    (0x16E5E, &[0x16E7E]),
    (0x16E5F, &[0x16E7F]),
    (0x1E900, &[0x1E922]),
    (0x1E901, &[0x1E923]),
    (0x1E902, &[0x1E924]),
    (0x1E903, &[0x1E925]),
    (0x1E904, &[0x1E926]),
    (0x1E905, &[0x1E927]),
    (0x1E906, &[0x1E928]),
    (0x1E907, &[0x1E929]),
    (0x1E908, &[0x1E92A]),
    (0x1E909, &[0x1E92B]),
    (0x1E90A, &[0x1E92C]),
    (0x1E90B, &[0x1E92D]),
    (0x1E90C, &[0x1E92E]),
    (0x1E90D, &[0x1E92F]),
    (0x1E90E, &[0x1E930]),
    (0x1E90F, &[0x1E931]),
    (0x1E910, &[0x1E932]),
    (0x1E911, &[0x1E933]),
    (0x1E912, &[0x1E934]),
    (0x1E913, &[0x1E935]),
    (0x1E914, &[0x1E936]),
    (0x1E915, &[0x1E937]),
    (0x1E916, &[0x1E938]),
    (0x1E917, &[0x1E939]),
    (0x1E918, &[0x1E93A]),
    (0x1E919, &[0x1E93B]),
    (0x1E91A, &[0x1E93C]),
    (0x1E91B, &[0x1E93D]),
    (0x1E91C, &[0x1E93E]),
    (0x1E91D, &[0x1E93F]),
    (0x1E91E, &[0x1E940]),
    (0x1E91F, &[0x1E941]),
    (0x1E920, &[0x1E942]),
    (0x1E921, &[0x1E943]),
];

pub(crate) const FULL_UPPERCASE: &[(u32, &[u32])] = &[
    (0x61, &[0x41]),
    (0x62, &[0x42]),
    (0x63, &[0x43]),
    (0x64, &[0x44]),
    (0x65, &[0x45]),
    (0x66, &[0x46]),
    (0x67, &[0x47]),
    (0x68, &[0x48]),
    (0x69, &[0x49]),
    (0x6A, &[0x4A]),
    (0x6B, &[0x4B]),
    (0x6C, &[0x4C]),
    (0x6D, &[0x4D]),
    (0x6E, &[0x4E]),
    (0x6F, &[0x4F]),
    (0x70, &[0x50]),
    (0x71, &[0x51]),
    (0x72, &[0x52]),
    (0x73, &[0x53]),
    (0x74, &[0x54]),
    (0x75, &[0x55]),
    (0x76, &[0x56]),
    (0x77, &[0x57]),
    (0x78, &[0x58]),
    (0x79, &[0x59]),
    (0x7A, &[0x5A]),
    (0xB5, &[0x39C]),
    (0xDF, &[0x53, 0x53]),
    (0xE0, &[0xC0]),
    (0xE1, &[0xC1]),
    (0xE2, &[0xC2]),
    (0xE3, &[0xC3]),
    (0xE4, &[0xC4]),
    (0xE5, &[0xC5]),
    (0xE6, &[0xC6]),
    (0xE7, &[0xC7]),
    (0xE8, &[0xC8]),
    (0xE9, &[0xC9]),
    (0xEA, &[0xCA]),
    (0xEB, &[0xCB]),
    (0xEC, &[0xCC]),
    (0xED, &[0xCD]),
    (0xEE, &[0xCE]),
    (0xEF, &[0xCF]),
    (0xF0, &[0xD0]),
    (0xF1, &[0xD1]),
    (0xF2, &[0xD2]),
    (0xF3, &[0xD3]),
    (0xF4, &[0xD4]),
    (0xF5, &[0xD5]),
    (0xF6, &[0xD6]),
    (0xF8, &[0xD8]),
    (0xF9, &[0xD9]),
    (0xFA, &[0xDA]),
    (0xFB, &[0xDB]),
    (0xFC, &[0xDC]),
    (0xFD, &[0xDD]),
    (0xFE, &[0xDE]),
    (0xFF, &[0x178]),
    (0x101, &[0x100]),
    (0x103, &[0x102]),
    (0x105, &[0x104]),
    (0x107, &[0x106]),
    (0x109, &[0x108]),
    (0x10B, &[0x10A]),
    (0x10D, &[0x10C]),
    (0x10F, &[0x10E]),
    (0x111, &[0x110]),
    (0x113, &[0x112]),
    (0x115, &[0x114]),
    (0x117, &[0x116]),
    (0x119, &[0x118]),
    (0x11B, &[0x11A]),
    (0x11D, &[0x11C]),
    (0x11F, &[0x11E]),
    (0x121, &[0x120]),
    (0x123, &[0x122]),
    (0x125, &[0x124]),
    (0x127, &[0x126]),
    (0x129, &[0x128]),
    (0x12B, &[0x12A]),
    (0x12D, &[0x12C]),
    (0x12F, &[0x12E]),
    (0x131, &[0x49]),
    (0x133, &[0x132]),
    (0x135, &[0x134]),
    (0x137, &[0x136]),
    (0x13A, &[0x139]),
    (0x13C, &[0x13B]),
    (0x13E, &[0x13D]),
    (0x140, &[0x13F]),
    (0x142, &[0x141]),
    (0x144, &[0x143]),
    (0x146, &[0x145]),
    (0x148, &[0x147]),
    (0x149, &[0x2BC, 0x4E]),
    (0x14B, &[0x14A]),
    (0x14D, &[0x14C]),
    (0x14F, &[0x14E]),
    (0x151, &[0x150]),
    (0x153, &[0x152]),
    (0x155, &[0x154]),
    (0x157, &[0x156]),
    (0x159, &[0x158]),
    (0x15B, &[0x15A]),
    (0x15D, &[0x15C]),
    (0x15F, &[0x15E]),
    (0x161, &[0x160]),
    (0x163, &[0x162]),
    (0x165, &[0x164]),
    (0x167, &[0x166]),
    (0x169, &[0x168]),
    (0x16B, &[0x16A]),
    (0x16D, &[0x16C]),
    (0x16F, &[0x16E]),
    (0x171, &[0x170]),
    (0x173, &[0x172]),
    (0x175, &[0x174]),
    (0x177, &[0x176]),
    (0x17A, &[0x179]),
    (0x17C, &[0x17B]),
    (0x17E, &[0x17D]),
    (0x17F, &[0x53]),
    (0x180, &[0x243]),
    (0x183, &[0x182]),
    (0x185, &[0x184]),
    (0x188, &[0x187]),
    (0x18C, &[0x18B]),
    (0x192, &[0x191]),
    (0x195, &[0x1F6]),
    (0x199, &[0x198]),
    (0x19A, &[0x23D]),
    (0x19B, &[0xA7DC]),
    (0x19E, &[0x220]),
    (0x1A1, &[0x1A0]),
    (0x1A3, &[0x1A2]),
    (0x1A5, &[0x1A4]),
    (0x1A8, &[0x1A7]),
    (0x1AD, &[0x1AC]),
    (0x1B0, &[0x1AF]),
    (0x1B4, &[0x1B3]),
    (0x1B6, &[0x1B5]),
    (0x1B9, &[0x1B8]),
    (0x1BD, &[0x1BC]),
    (0x1BF, &[0x1F7]),
    (0x1C5, &[0x1C4]),
    (0x1C6, &[0x1C4]),
    (0x1C8, &[0x1C7]),
    (0x1C9, &[0x1C7]),
    (0x1CB, &[0x1CA]),
    (0x1CC, &[0x1CA]),
    (0x1CE, &[0x1CD]),
    (0x1D0, &[0x1CF]),
    (0x1D2, &[0x1D1]),
    (0x1D4, &[0x1D3]),
    (0x1D6, &[0x1D5]),
    (0x1D8, &[0x1D7]),
    (0x1DA, &[0x1D9]),
    (0x1DC, &[0x1DB]),
    (0x1DD, &[0x18E]),
    (0x1DF, &[0x1DE]),
    (0x1E1, &[0x1E0]),
    (0x1E3, &[0x1E2]),
    (0x1E5, &[0x1E4]),
    (0x1E7, &[0x1E6]),
    (0x1E9, &[0x1E8]),
    (0x1EB, &[0x1EA]),
    (0x1ED, &[0x1EC]),
    (0x1EF, &[0x1EE]),
    (0x1F0, &[0x4A, 0x30C]),
    (0x1F2, &[0x1F1]),
    (0x1F3, &[0x1F1]),
    (0x1F5, &[0x1F4]),
    (0x1F9, &[0x1F8]),
    (0x1FB, &[0x1FA]),
    (0x1FD, &[0x1FC]),
    (0x1FF, &[0x1FE]),
    (0x201, &[0x200]),
    (0x203, &[0x202]),
    (0x205, &[0x204]),
    (0x207, &[0x206]),
    (0x209, &[0x208]),
    (0x20B, &[0x20A]),
    (0x20D, &[0x20C]),
    (0x20F, &[0x20E]),
    (0x211, &[0x210]),
    (0x213, &[0x212]),
    (0x215, &[0x214]),
    (0x217, &[0x216]),
    (0x219, &[0x218]),
    (0x21B, &[0x21A]),
    (0x21D, &[0x21C]),
    (0x21F, &[0x21E]),
    (0x223, &[0x222]),
    (0x225, &[0x224]),
    (0x227, &[0x226]),
    (0x229, &[0x228]),
    (0x22B, &[0x22A]),
    (0x22D, &[0x22C]),
    (0x22F, &[0x22E]),
    (0x231, &[0x230]),
    (0x233, &[0x232]),
    (0x23C, &[0x23B]),
    (0x23F, &[0x2C7E]),
    (0x240, &[0x2C7F]),
    (0x242, &[0x241]),
    (0x247, &[0x246]),
    (0x249, &[0x248]),
    (0x24B, &[0x24A]),
    (0x24D, &[0x24C]),
    (0x24F, &[0x24E]),
    (0x250, &[0x2C6F]),
    (0x251, &[0x2C6D]),
    (0x252, &[0x2C70]),
    (0x253, &[0x181]),
    (0x254, &[0x186]),
    (0x256, &[0x189]),
    (0x257, &[0x18A]),
    (0x259, &[0x18F]),
    (0x25B, &[0x190]),
    (0x25C, &[0xA7AB]),
    (0x260, &[0x193]),
    (0x261, &[0xA7AC]),
    (0x263, &[0x194]),
    (0x264, &[0xA7CB]),
    (0x265, &[0xA78D]),
    (0x266, &[0xA7AA]),
    (0x268, &[0x197]),
    (0x269, &[0x196]),
    (0x26A, &[0xA7AE]),
    (0x26B, &[0x2C62]),
    (0x26C, &[0xA7AD]),
    (0x26F, &[0x19C]),
    (0x271, &[0x2C6E]),
    (0x272, &[0x19D]),
    (0x275, &[0x19F]),
    (0x27D, &[0x2C64]),
    (0x280, &[0x1A6]),
    (0x282, &[0xA7C5]),
    (0x283, &[0x1A9]),
    (0x287, &[0xA7B1]),
    (0x288, &[0x1AE]),
    (0x289, &[0x244]),
    (0x28A, &[0x1B1]),
    (0x28B, &[0x1B2]),
    (0x28C, &[0x245]),
    (0x292, &[0x1B7]),
    (0x29D, &[0xA7B2]),
    (0x29E, &[0xA7B0]),
    (0x345, &[0x399]),
    (0x371, &[0x370]),
    (0x373, &[0x372]),
    (0x377, &[0x376]),
    (0x37B, &[0x3FD]),
    (0x37C, &[0x3FE]),
    (0x37D, &[0x3FF]),
    (0x390, &[0x399, 0x308, 0x301]),
    (0x3AC, &[0x386]),
    (0x3AD, &[0x388]),
    (0x3AE, &[0x389]),
    (0x3AF, &[0x38A]),
    (0x3B0, &[0x3A5, 0x308, 0x301]),
    (0x3B1, &[0x391]),
    (0x3B2, &[0x392]),
    (0x3B3, &[0x393]),
    (0x3B4, &[0x394]),
    (0x3B5, &[0x395]),
    (0x3B6, &[0x396]),
    (0x3B7, &[0x397]),
    (0x3B8, &[0x398]),
    (0x3B9, &[0x399]),
    (0x3BA, &[0x39A]),
    (0x3BB, &[0x39B]),
    (0x3BC, &[0x39C]),
    (0x3BD, &[0x39D]),
    (0x3BE, &[0x39E]),
    (0x3BF, &[0x39F]),
    (0x3C0, &[0x3A0]),
    (0x3C1, &[0x3A1]),
    (0x3C2, &[0x3A3]),
    (0x3C3, &[0x3A3]),
    (0x3C4, &[0x3A4]),
    (0x3C5, &[0x3A5]),
    (0x3C6, &[0x3A6]),
    (0x3C7, &[0x3A7]),
    (0x3C8, &[0x3A8]),
    (0x3C9, &[0x3A9]),
    (0x3CA, &[0x3AA]),
    (0x3CB, &[0x3AB]),
    (0x3CC, &[0x38C]),
    (0x3CD, &[0x38E]),
    (0x3CE, &[0x38F]),
    (0x3D0, &[0x392]),
    (0x3D1, &[0x398]),
    (0x3D5, &[0x3A6]),
    (0x3D6, &[0x3A0]),
    (0x3D7, &[0x3CF]),
    (0x3D9, &[0x3D8]),
    (0x3DB, &[0x3DA]),
    (0x3DD, &[0x3DC]),
    (0x3DF, &[0x3DE]),
    (0x3E1, &[0x3E0]),
    (0x3E3, &[0x3E2]),
    (0x3E5, &[0x3E4]),
    (0x3E7, &[0x3E6]),
    (0x3E9, &[0x3E8]),
    (0x3EB, &[0x3EA]),
    (0x3ED, &[0x3EC]),
    (0x3EF, &[0x3EE]),
    (0x3F0, &[0x39A]),
    (0x3F1, &[0x3A1]),
    (0x3F2, &[0x3F9]),
    (0x3F3, &[0x37F]),
    (0x3F5, &[0x395]),
    (0x3F8, &[0x3F7]),
    (0x3FB, &[0x3FA]),
    (0x430, &[0x410]),
    (0x431, &[0x411]),
    (0x432, &[0x412]),
    (0x433, &[0x413]),
    (0x434, &[0x414]),
    (0x435, &[0x415]),
    (0x436, &[0x416]),
    (0x437, &[0x417]),
    (0x438, &[0x418]),
    (0x439, &[0x419]),
    (0x43A, &[0x41A]),
    (0x43B, &[0x41B]),
    (0x43C, &[0x41C]),
    (0x43D, &[0x41D]),
    (0x43E, &[0x41E]),
    (0x43F, &[0x41F]),
    (0x440, &[0x420]),
    (0x441, &[0x421]),
    (0x442, &[0x422]),
    (0x443, &[0x423]),
    (0x444, &[0x424]),
    (0x445, &[0x425]),
    (0x446, &[0x426]),
    (0x447, &[0x427]),
    (0x448, &[0x428]),
    (0x449, &[0x429]),
    (0x44A, &[0x42A]),
    (0x44B, &[0x42B]),
    (0x44C, &[0x42C]),
    (0x44D, &[0x42D]),
    (0x44E, &[0x42E]),
    (0x44F, &[0x42F]),
    (0x450, &[0x400]),
    (0x451, &[0x401]),
    (0x452, &[0x402]),
    (0x453, &[0x403]),
    (0x454, &[0x404]),
    (0x455, &[0x405]),
    (0x456, &[0x406]),
    (0x457, &[0x407]),
    (0x458, &[0x408]),
    (0x459, &[0x409]),
    (0x45A, &[0x40A]),
    (0x45B, &[0x40B]),
    (0x45C, &[0x40C]),
    (0x45D, &[0x40D]),
    (0x45E, &[0x40E]),
    (0x45F, &[0x40F]),
    (0x461, &[0x460]),
    (0x463, &[0x462]),
    (0x465, &[0x464]),
    (0x467, &[0x466]),
    (0x469, &[0x468]),
    (0x46B, &[0x46A]),
    (0x46D, &[0x46C]),
    (0x46F, &[0x46E]),
    (0x471, &[0x470]),
    (0x473, &[0x472]),
    (0x475, &[0x474]),
    (0x477, &[0x476]),
    (0x479, &[0x478]),
    (0x47B, &[0x47A]),
    (0x47D, &[0x47C]),
    (0x47F, &[0x47E]),
    (0x481, &[0x480]),
    (0x48B, &[0x48A]),
    (0x48D, &[0x48C]),
    (0x48F, &[0x48E]),
    (0x491, &[0x490]),
    (0x493, &[0x492]),
    (0x495, &[0x494]),
    (0x497, &[0x496]),
    (0x499, &[0x498]),
    (0x49B, &[0x49A]),
    (0x49D, &[0x49C]),
    (0x49F, &[0x49E]),
    (0x4A1, &[0x4A0]),
    (0x4A3, &[0x4A2]),
    (0x4A5, &[0x4A4]),
    (0x4A7, &[0x4A6]),
    (0x4A9, &[0x4A8]),
    (0x4AB, &[0x4AA]),
    (0x4AD, &[0x4AC]),
    (0x4AF, &[0x4AE]),
    (0x4B1, &[0x4B0]),
    (0x4B3, &[0x4B2]),
    (0x4B5, &[0x4B4]),
    (0x4B7, &[0x4B6]),
    (0x4B9, &[0x4B8]),
    (0x4BB, &[0x4BA]),
    (0x4BD, &[0x4BC]),
    (0x4BF, &[0x4BE]),
    (0x4C2, &[0x4C1]),
    (0x4C4, &[0x4C3]),
    (0x4C6, &[0x4C5]),
    (0x4C8, &[0x4C7]),
    (0x4CA, &[0x4C9]),
    (0x4CC, &[0x4CB]),
    (0x4CE, &[0x4CD]),
    (0x4CF, &[0x4C0]),
    (0x4D1, &[0x4D0]),
    (0x4D3, &[0x4D2]),
    (0x4D5, &[0x4D4]),
    (0x4D7, &[0x4D6]),
    (0x4D9, &[0x4D8]),
    (0x4DB, &[0x4DA]),
    (0x4DD, &[0x4DC]),
    (0x4DF, &[0x4DE]),
    (0x4E1, &[0x4E0]),
    (0x4E3, &[0x4E2]),
    (0x4E5, &[0x4E4]),
    (0x4E7, &[0x4E6]),
    (0x4E9, &[0x4E8]),
    (0x4EB, &[0x4EA]),
    (0x4ED, &[0x4EC]),
    (0x4EF, &[0x4EE]),
    (0x4F1, &[0x4F0]),
    (0x4F3, &[0x4F2]),
    (0x4F5, &[0x4F4]),
    (0x4F7, &[0x4F6]),
    (0x4F9, &[0x4F8]),
    (0x4FB, &[0x4FA]),
    (0x4FD, &[0x4FC]),
    (0x4FF, &[0x4FE]),
    (0x501, &[0x500]),
    (0x503, &[0x502]),
    (0x505, &[0x504]),
    (0x507, &[0x506]),
    (0x509, &[0x508]),
    (0x50B, &[0x50A]),
    (0x50D, &[0x50C]),
    (0x50F, &[0x50E]),
    (0x511, &[0x510]),
    (0x513, &[0x512]),
    (0x515, &[0x514]),
    (0x517, &[0x516]),
    (0x519, &[0x518]),
    (0x51B, &[0x51A]),
    (0x51D, &[0x51C]),
    (0x51F, &[0x51E]),
    (0x521, &[0x520]),
    (0x523, &[0x522]),
    (0x525, &[0x524]),
    (0x527, &[0x526]),
    (0x529, &[0x528]),
    (0x52B, &[0x52A]),
    (0x52D, &[0x52C]),
    (0x52F, &[0x52E]),
    (0x561, &[0x531]),
    (0x562, &[0x532]),
    (0x563, &[0x533]),
    (0x564, &[0x534]),
    (0x565, &[0x535]),
    (0x566, &[0x536]),
    (0x567, &[0x537]),
    (0x568, &[0x538]),
    (0x569, &[0x539]),
    (0x56A, &[0x53A]),
    (0x56B, &[0x53B]),
    (0x56C, &[0x53C]),
    (0x56D, &[0x53D]),
    (0x56E, &[0x53E]),
    (0x56F, &[0x53F]),
    (0x570, &[0x540]),
    (0x571, &[0x541]),
    (0x572, &[0x542]),
    (0x573, &[0x543]),
    (0x574, &[0x544]),
    (0x575, &[0x545]),
    (0x576, &[0x546]),
    (0x577, &[0x547]),
    (0x578, &[0x548]),
    (0x579, &[0x549]),
    (0x57A, &[0x54A]),
    (0x57B, &[0x54B]),
    (0x57C, &[0x54C]),
    (0x57D, &[0x54D]),
    (0x57E, &[0x54E]),
    (0x57F, &[0x54F]),
    (0x580, &[0x550]),
    (0x581, &[0x551]),
    (0x582, &[0x552]),
    (0x583, &[0x553]),
    (0x584, &[0x554]),
    (0x585, &[0x555]),
    (0x586, &[0x556]),
    (0x587, &[0x535, 0x552]),
    (0x10D0, &[0x1C90]),
    (0x10D1, &[0x1C91]),
    (0x10D2, &[0x1C92]),
    (0x10D3, &[0x1C93]),
    (0x10D4, &[0x1C94]),
    (0x10D5, &[0x1C95]),
    (0x10D6, &[0x1C96]),
    (0x10D7, &[0x1C97]),
    (0x10D8, &[0x1C98]),
    (0x10D9, &[0x1C99]),
    (0x10DA, &[0x1C9A]),
    (0x10DB, &[0x1C9B]),
    (0x10DC, &[0x1C9C]),
    (0x10DD, &[0x1C9D]),
    (0x10DE, &[0x1C9E]),
    (0x10DF, &[0x1C9F]),
    (0x10E0, &[0x1CA0]),
    (0x10E1, &[0x1CA1]),
    (0x10E2, &[0x1CA2]),
    (0x10E3, &[0x1CA3]),
    (0x10E4, &[0x1CA4]),
    (0x10E5, &[0x1CA5]),
    (0x10E6, &[0x1CA6]),
    (0x10E7, &[0x1CA7]),
    (0x10E8, &[0x1CA8]),
    (0x10E9, &[0x1CA9]),
    (0x10EA, &[0x1CAA]),
    (0x10EB, &[0x1CAB]),
    (0x10EC, &[0x1CAC]),
    (0x10ED, &[0x1CAD]),
    (0x10EE, &[0x1CAE]),
    (0x10EF, &[0x1CAF]),
    (0x10F0, &[0x1CB0]),
    (0x10F1, &[0x1CB1]),
    (0x10F2, &[0x1CB2]),
    (0x10F3, &[0x1CB3]),
    (0x10F4, &[0x1CB4]),
    (0x10F5, &[0x1CB5]),
    (0x10F6, &[0x1CB6]),
    (0x10F7, &[0x1CB7]),
    (0x10F8, &[0x1CB8]),
    (0x10F9, &[0x1CB9]),
    (0x10FA, &[0x1CBA]),
    (0x10FD, &[0x1CBD]),
    (0x10FE, &[0x1CBE]),
    (0x10FF, &[0x1CBF]),
    (0x13F8, &[0x13F0]),
    (0x13F9, &[0x13F1]),
    (0x13FA, &[0x13F2]),
    (0x13FB, &[0x13F3]),
    (0x13FC, &[0x13F4]),
    (0x13FD, &[0x13F5]),
    (0x1C80, &[0x412]),
    (0x1C81, &[0x414]),
    (0x1C82, &[0x41E]),
    (0x1C83, &[0x421]),
    (0x1C84, &[0x422]),
    (0x1C85, &[0x422]),
    (0x1C86, &[0x42A]),
    (0x1C87, &[0x462]),
    (0x1C88, &[0xA64A]),
    (0x1C8A, &[0x1C89]),
    (0x1D79, &[0xA77D]),
    (0x1D7D, &[0x2C63]),
    (0x1D8E, &[0xA7C6]),
    (0x1E01, &[0x1E00]),
    (0x1E03, &[0x1E02]),
    (0x1E05, &[0x1E04]),
    (0x1E07, &[0x1E06]),
    (0x1E09, &[0x1E08]),
    (0x1E0B, &[0x1E0A]),
    (0x1E0D, &[0x1E0C]),
    (0x1E0F, &[0x1E0E]),
    (0x1E11, &[0x1E10]),
    (0x1E13, &[0x1E12]),
    (0x1E15, &[0x1E14]),
    (0x1E17, &[0x1E16]),
    (0x1E19, &[0x1E18]),
    (0x1E1B, &[0x1E1A]),
    (0x1E1D, &[0x1E1C]),
    (0x1E1F, &[0x1E1E]),
    (0x1E21, &[0x1E20]),
    (0x1E23, &[0x1E22]),
    (0x1E25, &[0x1E24]),
    (0x1E27, &[0x1E26]),
    (0x1E29, &[0x1E28]),
    (0x1E2B, &[0x1E2A]),
    (0x1E2D, &[0x1E2C]),
    (0x1E2F, &[0x1E2E]),
    (0x1E31, &[0x1E30]),
    (0x1E33, &[0x1E32]),
    (0x1E35, &[0x1E34]),
    (0x1E37, &[0x1E36]),
    (0x1E39, &[0x1E38]),
    (0x1E3B, &[0x1E3A]),
    (0x1E3D, &[0x1E3C]),
    (0x1E3F, &[0x1E3E]),
    (0x1E41, &[0x1E40]),
    (0x1E43, &[0x1E42]),
    (0x1E45, &[0x1E44]),
    (0x1E47, &[0x1E46]),
    (0x1E49, &[0x1E48]),
    (0x1E4B, &[0x1E4A]),
    (0x1E4D, &[0x1E4C]),
    (0x1E4F, &[0x1E4E]),
    (0x1E51, &[0x1E50]),
    (0x1E53, &[0x1E52]),
    (0x1E55, &[0x1E54]),
    (0x1E57, &[0x1E56]),
    (0x1E59, &[0x1E58]),
    (0x1E5B, &[0x1E5A]),
    (0x1E5D, &[0x1E5C]),
    (0x1E5F, &[0x1E5E]),
    (0x1E61, &[0x1E60]),
    (0x1E63, &[0x1E62]),
    (0x1E65, &[0x1E64]),
    (0x1E67, &[0x1E66]),
    (0x1E69, &[0x1E68]),
    (0x1E6B, &[0x1E6A]),
    (0x1E6D, &[0x1E6C]),
    (0x1E6F, &[0x1E6E]),
    (0x1E71, &[0x1E70]),
    (0x1E73, &[0x1E72]),
    (0x1E75, &[0x1E74]),
    (0x1E77, &[0x1E76]),
    (0x1E79, &[0x1E78]),
    (0x1E7B, &[0x1E7A]),
    (0x1E7D, &[0x1E7C]),
    (0x1E7F, &[0x1E7E]),
    (0x1E81, &[0x1E80]),
    (0x1E83, &[0x1E82]),
    (0x1E85, &[0x1E84]),
    (0x1E87, &[0x1E86]),
    (0x1E89, &[0x1E88]),
    (0x1E8B, &[0x1E8A]),
    (0x1E8D, &[0x1E8C]),
    (0x1E8F, &[0x1E8E]),
    (0x1E91, &[0x1E90]),
    (0x1E93, &[0x1E92]),
    (0x1E95, &[0x1E94]),
    (0x1E96, &[0x48, 0x331]),
    (0x1E97, &[0x54, 0x308]),
    (0x1E98, &[0x57, 0x30A]),
    (0x1E99, &[0x59, 0x30A]),
    (0x1E9A, &[0x41, 0x2BE]),
    (0x1E9B, &[0x1E60]),
    (0x1EA1, &[0x1EA0]),
    (0x1EA3, &[0x1EA2]),
    (0x1EA5, &[0x1EA4]),
    (0x1EA7, &[0x1EA6]),
    (0x1EA9, &[0x1EA8]),
    (0x1EAB, &[0x1EAA]),
    (0x1EAD, &[0x1EAC]),
    (0x1EAF, &[0x1EAE]),
    (0x1EB1, &[0x1EB0]),
    (0x1EB3, &[0x1EB2]),
    (0x1EB5, &[0x1EB4]),
    (0x1EB7, &[0x1EB6]),
    (0x1EB9, &[0x1EB8]),
    (0x1EBB, &[0x1EBA]),
    (0x1EBD, &[0x1EBC]),
    (0x1EBF, &[0x1EBE]),
    (0x1EC1, &[0x1EC0]),
    (0x1EC3, &[0x1EC2]),
    (0x1EC5, &[0x1EC4]),
    (0x1EC7, &[0x1EC6]),
    (0x1EC9, &[0x1EC8]),
    (0x1ECB, &[0x1ECA]),
    (0x1ECD, &[0x1ECC]),
    (0x1ECF, &[0x1ECE]),
    (0x1ED1, &[0x1ED0]),
    (0x1ED3, &[0x1ED2]),
    (0x1ED5, &[0x1ED4]),
    (0x1ED7, &[0x1ED6]),
    (0x1ED9, &[0x1ED8]),
    (0x1EDB, &[0x1EDA]),
    (0x1EDD, &[0x1EDC]),
    (0x1EDF, &[0x1EDE]),
    (0x1EE1, &[0x1EE0]),
    (0x1EE3, &[0x1EE2]),
    (0x1EE5, &[0x1EE4]),
    (0x1EE7, &[0x1EE6]),
    (0x1EE9, &[0x1EE8]),
    (0x1EEB, &[0x1EEA]),
    (0x1EED, &[0x1EEC]),
    (0x1EEF, &[0x1EEE]),
    (0x1EF1, &[0x1EF0]),
    (0x1EF3, &[0x1EF2]),
    (0x1EF5, &[0x1EF4]),
    (0x1EF7, &[0x1EF6]),
    (0x1EF9, &[0x1EF8]),
    (0x1EFB, &[0x1EFA]),
    (0x1EFD, &[0x1EFC]),
    (0x1EFF, &[0x1EFE]),
    (0x1F00, &[0x1F08]),
    (0x1F01, &[0x1F09]),
    (0x1F02, &[0x1F0A]),
    (0x1F03, &[0x1F0B]),
    (0x1F04, &[0x1F0C]),
    (0x1F05, &[0x1F0D]),
    (0x1F06, &[0x1F0E]),
    (0x1F07, &[0x1F0F]),
    (0x1F10, &[0x1F18]),
    (0x1F11, &[0x1F19]),
    (0x1F12, &[0x1F1A]),
    (0x1F13, &[0x1F1B]),
    (0x1F14, &[0x1F1C]),
    (0x1F15, &[0x1F1D]),
    (0x1F20, &[0x1F28]),
    (0x1F21, &[0x1F29]),
    (0x1F22, &[0x1F2A]),
    (0x1F23, &[0x1F2B]),
    (0x1F24, &[0x1F2C]),
    (0x1F25, &[0x1F2D]),
    (0x1F26, &[0x1F2E]),
    (0x1F27, &[0x1F2F]),
    (0x1F30, &[0x1F38]),
    (0x1F31, &[0x1F39]),
    (0x1F32, &[0x1F3A]),
    (0x1F33, &[0x1F3B]),
    (0x1F34, &[0x1F3C]),
    (0x1F35, &[0x1F3D]),
    (0x1F36, &[0x1F3E]),
    (0x1F37, &[0x1F3F]),
    (0x1F40, &[0x1F48]),
    (0x1F41, &[0x1F49]),
    (0x1F42, &[0x1F4A]),
    (0x1F43, &[0x1F4B]),
    (0x1F44, &[0x1F4C]),
    (0x1F45, &[0x1F4D]),
    (0x1F50, &[0x3A5, 0x313]),
    (0x1F51, &[0x1F59]),
    (0x1F52, &[0x3A5, 0x313, 0x300]),
    (0x1F53, &[0x1F5B]),
    (0x1F54, &[0x3A5, 0x313, 0x301]),
    (0x1F55, &[0x1F5D]),
    (0x1F56, &[0x3A5, 0x313, 0x342]),
    (0x1F57, &[0x1F5F]),
    (0x1F60, &[0x1F68]),
    (0x1F61, &[0x1F69]),
    (0x1F62, &[0x1F6A]),
    (0x1F63, &[0x1F6B]),
    (0x1F64, &[0x1F6C]),
    (0x1F65, &[0x1F6D]),
    (0x1F66, &[0x1F6E]),
    (0x1F67, &[0x1F6F]),
    (0x1F70, &[0x1FBA]),
    (0x1F71, &[0x1FBB]),
    (0x1F72, &[0x1FC8]),
    (0x1F73, &[0x1FC9]),
    (0x1F74, &[0x1FCA]),
    (0x1F75, &[0x1FCB]),
    (0x1F76, &[0x1FDA]),
    (0x1F77, &[0x1FDB]),
    (0x1F78, &[0x1FF8]),
    (0x1F79, &[0x1FF9]),
    (0x1F7A, &[0x1FEA]),
    (0x1F7B, &[0x1FEB]),
    (0x1F7C, &[0x1FFA]),
    (0x1F7D, &[0x1FFB]),
    (0x1F80, &[0x1F08, 0x399]),
    (0x1F81, &[0x1F09, 0x399]),
    (0x1F82, &[0x1F0A, 0x399]),
    (0x1F83, &[0x1F0B, 0x399]),
    (0x1F84, &[0x1F0C, 0x399]),
    (0x1F85, &[0x1F0D, 0x399]),
    (0x1F86, &[0x1F0E, 0x399]),
    (0x1F87, &[0x1F0F, 0x399]),
    (0x1F88, &[0x1F08, 0x399]),
    (0x1F89, &[0x1F09, 0x399]),
    (0x1F8A, &[0x1F0A, 0x399]),
    (0x1F8B, &[0x1F0B, 0x399]),
    (0x1F8C, &[0x1F0C, 0x399]),
    (0x1F8D, &[0x1F0D, 0x399]),
    (0x1F8E, &[0x1F0E, 0x399]),
    (0x1F8F, &[0x1F0F, 0x399]),
    (0x1F90, &[0x1F28, 0x399]),
    (0x1F91, &[0x1F29, 0x399]),
    (0x1F92, &[0x1F2A, 0x399]),
    (0x1F93, &[0x1F2B, 0x399]),
    (0x1F94, &[0x1F2C, 0x399]),
    (0x1F95, &[0x1F2D, 0x399]),
    (0x1F96, &[0x1F2E, 0x399]),
    (0x1F97, &[0x1F2F, 0x399]),
    (0x1F98, &[0x1F28, 0x399]),
    (0x1F99, &[0x1F29, 0x399]),
    (0x1F9A, &[0x1F2A, 0x399]),
    (0x1F9B, &[0x1F2B, 0x399]),
    (0x1F9C, &[0x1F2C, 0x399]),
    (0x1F9D, &[0x1F2D, 0x399]),
    (0x1F9E, &[0x1F2E, 0x399]),
    (0x1F9F, &[0x1F2F, 0x399]),
    (0x1FA0, &[0x1F68, 0x399]),
    (0x1FA1, &[0x1F69, 0x399]),
    (0x1FA2, &[0x1F6A, 0x399]),
    (0x1FA3, &[0x1F6B, 0x399]),
    (0x1FA4, &[0x1F6C, 0x399]),
    (0x1FA5, &[0x1F6D, 0x399]),
    (0x1FA6, &[0x1F6E, 0x399]),
    (0x1FA7, &[0x1F6F, 0x399]),
    (0x1FA8, &[0x1F68, 0x399]),
    (0x1FA9, &[0x1F69, 0x399]),
    (0x1FAA, &[0x1F6A, 0x399]),
    (0x1FAB, &[0x1F6B, 0x399]),
    (0x1FAC, &[0x1F6C, 0x399]),
    (0x1FAD, &[0x1F6D, 0x399]),
    (0x1FAE, &[0x1F6E, 0x399]),
    (0x1FAF, &[0x1F6F, 0x399]),
    (0x1FB0, &[0x1FB8]),
    (0x1FB1, &[0x1FB9]),
    (0x1FB2, &[0x1FBA, 0x399]),
    (0x1FB3, &[0x391, 0x399]),
    (0x1FB4, &[0x386, 0x399]),
    (0x1FB6, &[0x391, 0x342]),
    (0x1FB7, &[0x391, 0x342, 0x399]),
    (0x1FBC, &[0x391, 0x399]),
    (0x1FBE, &[0x399]),
    (0x1FC2, &[0x1FCA, 0x399]),
    (0x1FC3, &[0x397, 0x399]),
    (0x1FC4, &[0x389, 0x399]),
    (0x1FC6, &[0x397, 0x342]),
    (0x1FC7, &[0x397, 0x342, 0x399]),
    (0x1FCC, &[0x397, 0x399]),
    (0x1FD0, &[0x1FD8]),
    (0x1FD1, &[0x1FD9]),
    (0x1FD2, &[0x399, 0x308, 0x300]),
    (0x1FD3, &[0x399, 0x308, 0x301]),
    (0x1FD6, &[0x399, 0x342]),
    (0x1FD7, &[0x399, 0x308, 0x342]),
    (0x1FE0, &[0x1FE8]),
    (0x1FE1, &[0x1FE9]),
    (0x1FE2, &[0x3A5, 0x308, 0x300]),
    (0x1FE3, &[0x3A5, 0x308, 0x301]),
    (0x1FE4, &[0x3A1, 0x313]),
    (0x1FE5, &[0x1FEC]),
    (0x1FE6, &[0x3A5, 0x342]),
    (0x1FE7, &[0x3A5, 0x308, 0x342]),
    (0x1FF2, &[0x1FFA, 0x399]),
    (0x1FF3, &[0x3A9, 0x399]),
    (0x1FF4, &[0x38F, 0x399]),
    (0x1FF6, &[0x3A9, 0x342]),
    (0x1FF7, &[0x3A9, 0x342, 0x399]),
    (0x1FFC, &[0x3A9, 0x399]),
    (0x214E, &[0x2132]),
    (0x2170, &[0x2160]),
    (0x2171, &[0x2161]),
    (0x2172, &[0x2162]),
    (0x2173, &[0x2163]),
    (0x2174, &[0x2164]),
    (0x2175, &[0x2165]),
    (0x2176, &[0x2166]),
    (0x2177, &[0x2167]),
    (0x2178, &[0x2168]),
    (0x2179, &[0x2169]),
    (0x217A, &[0x216A]),
    (0x217B, &[0x216B]),
    (0x217C, &[0x216C]),
    (0x217D, &[0x216D]),
    (0x217E, &[0x216E]),
    (0x217F, &[0x216F]),
    (0x2184, &[0x2183]),
    (0x24D0, &[0x24B6]),
    (0x24D1, &[0x24B7]),
    (0x24D2, &[0x24B8]),
    (0x24D3, &[0x24B9]),
    (0x24D4, &[0x24BA]),
    (0x24D5, &[0x24BB]),
    (0x24D6, &[0x24BC]),
    (0x24D7, &[0x24BD]),
    (0x24D8, &[0x24BE]),
    (0x24D9, &[0x24BF]),
    (0x24DA, &[0x24C0]),
    (0x24DB, &[0x24C1]),
    (0x24DC, &[0x24C2]),
    (0x24DD, &[0x24C3]),
    (0x24DE, &[0x24C4]),
    (0x24DF, &[0x24C5]),
    (0x24E0, &[0x24C6]),
    (0x24E1, &[0x24C7]),
    (0x24E2, &[0x24C8]),
    (0x24E3, &[0x24C9]),
    (0x24E4, &[0x24CA]),
    (0x24E5, &[0x24CB]),
    (0x24E6, &[0x24CC]),
    (0x24E7, &[0x24CD]),
    (0x24E8, &[0x24CE]),
    (0x24E9, &[0x24CF]),
    (0x2C30, &[0x2C00]),
    (0x2C31, &[0x2C01]),
    (0x2C32, &[0x2C02]),
    (0x2C33, &[0x2C03]),
    (0x2C34, &[0x2C04]),
    (0x2C35, &[0x2C05]),
    (0x2C36, &[0x2C06]),
    (0x2C37, &[0x2C07]),
    (0x2C38, &[0x2C08]),
    (0x2C39, &[0x2C09]),
    (0x2C3A, &[0x2C0A]),
    (0x2C3B, &[0x2C0B]),
    (0x2C3C, &[0x2C0C]),
    (0x2C3D, &[0x2C0D]),
    (0x2C3E, &[0x2C0E]),
    (0x2C3F, &[0x2C0F]),
    (0x2C40, &[0x2C10]),
    (0x2C41, &[0x2C11]),
    (0x2C42, &[0x2C12]),
    (0x2C43, &[0x2C13]),
    (0x2C44, &[0x2C14]),
    (0x2C45, &[0x2C15]),
    (0x2C46, &[0x2C16]),
    (0x2C47, &[0x2C17]),
    (0x2C48, &[0x2C18]),
    (0x2C49, &[0x2C19]),
    (0x2C4A, &[0x2C1A]),
    (0x2C4B, &[0x2C1B]),
    (0x2C4C, &[0x2C1C]),
    (0x2C4D, &[0x2C1D]),
    (0x2C4E, &[0x2C1E]),
    (0x2C4F, &[0x2C1F]),
    (0x2C50, &[0x2C20]),
    (0x2C51, &[0x2C21]),
    (0x2C52, &[0x2C22]),
    (0x2C53, &[0x2C23]),
    (0x2C54, &[0x2C24]),
    (0x2C55, &[0x2C25]),
    (0x2C56, &[0x2C26]),
    (0x2C57, &[0x2C27]),
    (0x2C58, &[0x2C28]),
    (0x2C59, &[0x2C29]),
    (0x2C5A, &[0x2C2A]),
    (0x2C5B, &[0x2C2B]),
    (0x2C5C, &[0x2C2C]),
    (0x2C5D, &[0x2C2D]),
    (0x2C5E, &[0x2C2E]),
    (0x2C5F, &[0x2C2F]),
    (0x2C61, &[0x2C60]),
    (0x2C65, &[0x23A]),
    (0x2C66, &[0x23E]),
    (0x2C68, &[0x2C67]),
    (0x2C6A, &[0x2C69]),
    (0x2C6C, &[0x2C6B]),
    (0x2C73, &[0x2C72]),
    (0x2C76, &[0x2C75]),
    (0x2C81, &[0x2C80]),
    (0x2C83, &[0x2C82]),
    (0x2C85, &[0x2C84]),
    (0x2C87, &[0x2C86]),
    (0x2C89, &[0x2C88]),
    (0x2C8B, &[0x2C8A]),
    (0x2C8D, &[0x2C8C]),
    (0x2C8F, &[0x2C8E]),
    (0x2C91, &[0x2C90]),
    (0x2C93, &[0x2C92]),
    (0x2C95, &[0x2C94]),
    (0x2C97, &[0x2C96]),
    (0x2C99, &[0x2C98]),
    (0x2C9B, &[0x2C9A]),
    (0x2C9D, &[0x2C9C]),
    (0x2C9F, &[0x2C9E]),
    (0x2CA1, &[0x2CA0]),
    (0x2CA3, &[0x2CA2]),
    (0x2CA5, &[0x2CA4]),
    (0x2CA7, &[0x2CA6]),
    (0x2CA9, &[0x2CA8]),
    (0x2CAB, &[0x2CAA]),
    (0x2CAD, &[0x2CAC]),
    (0x2CAF, &[0x2CAE]),
    (0x2CB1, &[0x2CB0]),
    (0x2CB3, &[0x2CB2]),
    (0x2CB5, &[0x2CB4]),
    (0x2CB7, &[0x2CB6]),
    (0x2CB9, &[0x2CB8]),
    (0x2CBB, &[0x2CBA]),
    (0x2CBD, &[0x2CBC]),
    (0x2CBF, &[0x2CBE]),
    (0x2CC1, &[0x2CC0]),
    (0x2CC3, &[0x2CC2]),
    (0x2CC5, &[0x2CC4]),
    (0x2CC7, &[0x2CC6]),
    (0x2CC9, &[0x2CC8]),
    (0x2CCB, &[0x2CCA]),
    (0x2CCD, &[0x2CCC]),
    (0x2CCF, &[0x2CCE]),
    (0x2CD1, &[0x2CD0]),
    (0x2CD3, &[0x2CD2]),
    (0x2CD5, &[0x2CD4]),
    (0x2CD7, &[0x2CD6]),
    (0x2CD9, &[0x2CD8]),
    (0x2CDB, &[0x2CDA]),
    (0x2CDD, &[0x2CDC]),
    (0x2CDF, &[0x2CDE]),
    (0x2CE1, &[0x2CE0]),
    (0x2CE3, &[0x2CE2]),
    (0x2CEC, &[0x2CEB]),
    (0x2CEE, &[0x2CED]),
    (0x2CF3, &[0x2CF2]),
    (0x2D00, &[0x10A0]),
    (0x2D01, &[0x10A1]),
    (0x2D02, &[0x10A2]),
    (0x2D03, &[0x10A3]),
    (0x2D04, &[0x10A4]),
    (0x2D05, &[0x10A5]),
    (0x2D06, &[0x10A6]),
    (0x2D07, &[0x10A7]),
    (0x2D08, &[0x10A8]),
    (0x2D09, &[0x10A9]),
    (0x2D0A, &[0x10AA]),
    (0x2D0B, &[0x10AB]),
    (0x2D0C, &[0x10AC]),
    (0x2D0D, &[0x10AD]),
    (0x2D0E, &[0x10AE]),
    (0x2D0F, &[0x10AF]),
    (0x2D10, &[0x10B0]),
    (0x2D11, &[0x10B1]),
    (0x2D12, &[0x10B2]),
    (0x2D13, &[0x10B3]),
    (0x2D14, &[0x10B4]),
    (0x2D15, &[0x10B5]),
    (0x2D16, &[0x10B6]),
    (0x2D17, &[0x10B7]),
    (0x2D18, &[0x10B8]),
    (0x2D19, &[0x10B9]),
    (0x2D1A, &[0x10BA]),
    (0x2D1B, &[0x10BB]),
    (0x2D1C, &[0x10BC]),
    (0x2D1D, &[0x10BD]),
    (0x2D1E, &[0x10BE]),
    (0x2D1F, &[0x10BF]),
    (0x2D20, &[0x10C0]),
    (0x2D21, &[0x10C1]),
    (0x2D22, &[0x10C2]),
    (0x2D23, &[0x10C3]),
    (0x2D24, &[0x10C4]),
    (0x2D25, &[0x10C5]),
    (0x2D27, &[0x10C7]),
    (0x2D2D, &[0x10CD]),
    (0xA641, &[0xA640]),
    (0xA643, &[0xA642]),
    (0xA645, &[0xA644]),
    (0xA647, &[0xA646]),
    (0xA649, &[0xA648]),
    (0xA64B, &[0xA64A]),
    (0xA64D, &[0xA64C]),
    (0xA64F, &[0xA64E]),
    (0xA651, &[0xA650]),
    (0xA653, &[0xA652]),
    (0xA655, &[0xA654]),
    (0xA657, &[0xA656]),
    (0xA659, &[0xA658]),
    (0xA65B, &[0xA65A]),
    (0xA65D, &[0xA65C]),
    (0xA65F, &[0xA65E]),
    (0xA661, &[0xA660]),
    (0xA663, &[0xA662]),
    (0xA665, &[0xA664]),
    (0xA667, &[0xA666]),
    (0xA669, &[0xA668]),
    (0xA66B, &[0xA66A]),
    (0xA66D, &[0xA66C]),
    (0xA681, &[0xA680]),
    (0xA683, &[0xA682]),
    (0xA685, &[0xA684]),
    (0xA687, &[0xA686]),
    (0xA689, &[0xA688]),
    (0xA68B, &[0xA68A]),
    (0xA68D, &[0xA68C]),
    (0xA68F, &[0xA68E]),
    (0xA691, &[0xA690]),
    (0xA693, &[0xA692]),
    (0xA695, &[0xA694]),
    (0xA697, &[0xA696]),
    (0xA699, &[0xA698]),
    (0xA69B, &[0xA69A]),
    (0xA723, &[0xA722]),
    (0xA725, &[0xA724]),
    (0xA727, &[0xA726]),
    (0xA729, &[0xA728]),
    (0xA72B, &[0xA72A]),
    (0xA72D, &[0xA72C]),
    (0xA72F, &[0xA72E]),
    (0xA733, &[0xA732]),
    (0xA735, &[0xA734]),
    (0xA737, &[0xA736]),
    (0xA739, &[0xA738]),
    (0xA73B, &[0xA73A]),
    (0xA73D, &[0xA73C]),
    (0xA73F, &[0xA73E]),
    (0xA741, &[0xA740]),
    (0xA743, &[0xA742]),
    (0xA745, &[0xA744]),
    (0xA747, &[0xA746]),
    (0xA749, &[0xA748]),
    (0xA74B, &[0xA74A]),
    (0xA74D, &[0xA74C]),
    (0xA74F, &[0xA74E]),
    (0xA751, &[0xA750]),
    (0xA753, &[0xA752]),
    (0xA755, &[0xA754]),
    (0xA757, &[0xA756]),
    (0xA759, &[0xA758]),
    (0xA75B, &[0xA75A]),
    (0xA75D, &[0xA75C]),
    (0xA75F, &[0xA75E]),
    (0xA761, &[0xA760]),
    (0xA763, &[0xA762]),
    (0xA765, &[0xA764]),
    (0xA767, &[0xA766]),
    (0xA769, &[0xA768]),
    (0xA76B, &[0xA76A]),
    (0xA76D, &[0xA76C]),
    (0xA76F, &[0xA76E]),
    (0xA77A, &[0xA779]),
    (0xA77C, &[0xA77B]),
    (0xA77F, &[0xA77E]),
    (0xA781, &[0xA780]),
    (0xA783, &[0xA782]),
    (0xA785, &[0xA784]),
    (0xA787, &[0xA786]),
    (0xA78C, &[0xA78B]),
    (0xA791, &[0xA790]),
    (0xA793, &[0xA792]),
    (0xA794, &[0xA7C4]),
    (0xA797, &[0xA796]),
    (0xA799, &[0xA798]),
    (0xA79B, &[0xA79A]),
    (0xA79D, &[0xA79C]),
    (0xA79F, &[0xA79E]),
    (0xA7A1, &[0xA7A0]),
    (0xA7A3, &[0xA7A2]),
    (0xA7A5, &[0xA7A4]),
    (0xA7A7, &[0xA7A6]),
    (0xA7A9, &[0xA7A8]),
    (0xA7B5, &[0xA7B4]),
    (0xA7B7, &[0xA7B6]),
    (0xA7B9, &[0xA7B8]),
    (0xA7BB, &[0xA7BA]),
    (0xA7BD, &[0xA7BC]),
    (0xA7BF, &[0xA7BE]),
    (0xA7C1, &[0xA7C0]),
    (0xA7C3, &[0xA7C2]),
    (0xA7C8, &[0xA7C7]),
    (0xA7CA, &[0xA7C9]),
    (0xA7CD, &[0xA7CC]),
    (0xA7D1, &[0xA7D0]),
    (0xA7D7, &[0xA7D6]),
    (0xA7D9, &[0xA7D8]),
    (0xA7DB, &[0xA7DA]),
    (0xA7F6, &[0xA7F5]),
    (0xAB53, &[0xA7B3]),
    (0xAB70, &[0x13A0]),
    (0xAB71, &[0x13A1]),
    (0xAB72, &[0x13A2]),
    (0xAB73, &[0x13A3]),
    (0xAB74, &[0x13A4]),
    (0xAB75, &[0x13A5]),
    (0xAB76, &[0x13A6]),
    (0xAB77, &[0x13A7]),
    (0xAB78, &[0x13A8]),
    (0xAB79, &[0x13A9]),
    (0xAB7A, &[0x13AA]),
    (0xAB7B, &[0x13AB]),
    (0xAB7C, &[0x13AC]),
    (0xAB7D, &[0x13AD]),
    (0xAB7E, &[0x13AE]),
    (0xAB7F, &[0x13AF]),
    (0xAB80, &[0x13B0]),
    (0xAB81, &[0x13B1]),
    (0xAB82, &[0x13B2]),
    (0xAB83, &[0x13B3]),
    (0xAB84, &[0x13B4]),
    (0xAB85, &[0x13B5]),
    (0xAB86, &[0x13B6]),
    (0xAB87, &[0x13B7]),
    (0xAB88, &[0x13B8]),
    (0xAB89, &[0x13B9]),
    (0xAB8A, &[0x13BA]),
    (0xAB8B, &[0x13BB]),
    (0xAB8C, &[0x13BC]),
    (0xAB8D, &[0x13BD]),
    (0xAB8E, &[0x13BE]),
    (0xAB8F, &[0x13BF]),
    (0xAB90, &[0x13C0]),
    (0xAB91, &[0x13C1]),
    (0xAB92, &[0x13C2]),
    (0xAB93, &[0x13C3]),
    (0xAB94, &[0x13C4]),
    (0xAB95, &[0x13C5]),
    (0xAB96, &[0x13C6]),
    (0xAB97, &[0x13C7]),
    (0xAB98, &[0x13C8]),
    (0xAB99, &[0x13C9]),
    (0xAB9A, &[0x13CA]),
    (0xAB9B, &[0x13CB]),
    (0xAB9C, &[0x13CC]),
    (0xAB9D, &[0x13CD]),
    (0xAB9E, &[0x13CE]),
    (0xAB9F, &[0x13CF]),
    (0xABA0, &[0x13D0]),
    (0xABA1, &[0x13D1]),
    (0xABA2, &[0x13D2]),
    (0xABA3, &[0x13D3]),
    (0xABA4, &[0x13D4]),
    (0xABA5, &[0x13D5]),
    (0xABA6, &[0x13D6]),
    (0xABA7, &[0x13D7]),
    (0xABA8, &[0x13D8]),
    (0xABA9, &[0x13D9]),
    (0xABAA, &[0x13DA]),
    (0xABAB, &[0x13DB]),
    (0xABAC, &[0x13DC]),
    (0xABAD, &[0x13DD]),
    (0xABAE, &[0x13DE]),
    (0xABAF, &[0x13DF]),
    (0xABB0, &[0x13E0]),
    (0xABB1, &[0x13E1]),
    (0xABB2, &[0x13E2]),
    (0xABB3, &[0x13E3]),
    (0xABB4, &[0x13E4]),
    (0xABB5, &[0x13E5]),
    (0xABB6, &[0x13E6]),
    (0xABB7, &[0x13E7]),
    (0xABB8, &[0x13E8]),
    (0xABB9, &[0x13E9]),
    (0xABBA, &[0x13EA]),
    (0xABBB, &[0x13EB]),
    (0xABBC, &[0x13EC]),
    (0xABBD, &[0x13ED]),
    (0xABBE, &[0x13EE]),
    (0xABBF, &[0x13EF]),
    (0xFB00, &[0x46, 0x46]),
    (0xFB01, &[0x46, 0x49]),
    (0xFB02, &[0x46, 0x4C]),
    (0xFB03, &[0x46, 0x46, 0x49]),
    (0xFB04, &[0x46, 0x46, 0x4C]),
    (0xFB05, &[0x53, 0x54]),
    (0xFB06, &[0x53, 0x54]),
    (0xFB13, &[0x544, 0x546]),
    (0xFB14, &[0x544, 0x535]),
    (0xFB15, &[0x544, 0x53B]),
    (0xFB16, &[0x54E, 0x546]),
    (0xFB17, &[0x544, 0x53D]),
    (0xFF41, &[0xFF21]),
    (0xFF42, &[0xFF22]),
    (0xFF43, &[0xFF23]),
    (0xFF44, &[0xFF24]),
    (0xFF45, &[0xFF25]),
    (0xFF46, &[0xFF26]),
    (0xFF47, &[0xFF27]),
    (0xFF48, &[0xFF28]),
    (0xFF49, &[0xFF29]),
    (0xFF4A, &[0xFF2A]),
    (0xFF4B, &[0xFF2B]),
    (0xFF4C, &[0xFF2C]),
    (0xFF4D, &[0xFF2D]),
    (0xFF4E, &[0xFF2E]),
    (0xFF4F, &[0xFF2F]),
    (0xFF50, &[0xFF30]),
    (0xFF51, &[0xFF31]),
    (0xFF52, &[0xFF32]),
    (0xFF53, &[0xFF33]),
    (0xFF54, &[0xFF34]),
    (0xFF55, &[0xFF35]),
    (0xFF56, &[0xFF36]),
    (0xFF57, &[0xFF37]),
    (0xFF58, &[0xFF38]),
    (0xFF59, &[0xFF39]),
    (0xFF5A, &[0xFF3A]),
    (0x10428, &[0x10400]),
    (0x10429, &[0x10401]),
    (0x1042A, &[0x10402]),
    (0x1042B, &[0x10403]),
    (0x1042C, &[0x10404]),
    (0x1042D, &[0x10405]),
    (0x1042E, &[0x10406]),
    (0x1042F, &[0x10407]),
    (0x10430, &[0x10408]),
    (0x10431, &[0x10409]),
    (0x10432, &[0x1040A]),
    (0x10433, &[0x1040B]),
    (0x10434, &[0x1040C]),
    (0x10435, &[0x1040D]),
    (0x10436, &[0x1040E]),
    (0x10437, &[0x1040F]),
    (0x10438, &[0x10410]),
    (0x10439, &[0x10411]),
    (0x1043A, &[0x10412]),
    (0x1043B, &[0x10413]),
    (0x1043C, &[0x10414]),
    (0x1043D, &[0x10415]),
    (0x1043E, &[0x10416]),
    (0x1043F, &[0x10417]),
    (0x10440, &[0x10418]),
    (0x10441, &[0x10419]),
    (0x10442, &[0x1041A]),
    (0x10443, &[0x1041B]),
    (0x10444, &[0x1041C]),
    (0x10445, &[0x1041D]),
    (0x10446, &[0x1041E]),
    (0x10447, &[0x1041F]),
    (0x10448, &[0x10420]),
    (0x10449, &[0x10421]),
    (0x1044A, &[0x10422]),
    (0x1044B, &[0x10423]),
    (0x1044C, &[0x10424]),
    (0x1044D, &[0x10425]),
    (0x1044E, &[0x10426]),
    (0x1044F, &[0x10427]),
    (0x104D8, &[0x104B0]),
    (0x104D9, &[0x104B1]),
    (0x104DA, &[0x104B2]),
    (0x104DB, &[0x104B3]),
    (0x104DC, &[0x104B4]),
    (0x104DD, &[0x104B5]),
    (0x104DE, &[0x104B6]),
    (0x104DF, &[0x104B7]),
    (0x104E0, &[0x104B8]),
    (0x104E1, &[0x104B9]),
    (0x104E2, &[0x104BA]),
    (0x104E3, &[0x104BB]),
    (0x104E4, &[0x104BC]),
    (0x104E5, &[0x104BD]),
    (0x104E6, &[0x104BE]),
    (0x104E7, &[0x104BF]),
    (0x104E8, &[0x104C0]),
    (0x104E9, &[0x104C1]),
    (0x104EA, &[0x104C2]),
    (0x104EB, &[0x104C3]),
    (0x104EC, &[0x104C4]),
    (0x104ED, &[0x104C5]),
    (0x104EE, &[0x104C6]),
    (0x104EF, &[0x104C7]),
    (0x104F0, &[0x104C8]),
    (0x104F1, &[0x104C9]),
    (0x104F2, &[0x104CA]),
    (0x104F3, &[0x104CB]),
    (0x104F4, &[0x104CC]),
    (0x104F5, &[0x104CD]),
    (0x104F6, &[0x104CE]),
    (0x104F7, &[0x104CF]),
    (0x104F8, &[0x104D0]),
    (0x104F9, &[0x104D1]),
    (0x104FA, &[0x104D2]),
    (0x104FB, &[0x104D3]),
    (0x10597, &[0x10570]),
    (0x10598, &[0x10571]),
    (0x10599, &[0x10572]),
    (0x1059A, &[0x10573]),
    (0x1059B, &[0x10574]),
    (0x1059C, &[0x10575]),
    (0x1059D, &[0x10576]),
    (0x1059E, &[0x10577]),
    (0x1059F, &[0x10578]),
    (0x105A0, &[0x10579]),
    (0x105A1, &[0x1057A]),
    (0x105A3, &[0x1057C]),
    (0x105A4, &[0x1057D]),
    (0x105A5, &[0x1057E]),
    (0x105A6, &[0x1057F]),
    (0x105A7, &[0x10580]),
    (0x105A8, &[0x10581]),
    (0x105A9, &[0x10582]),
    (0x105AA, &[0x10583]),
    (0x105AB, &[0x10584]),
    (0x105AC, &[0x10585]),
    (0x105AD, &[0x10586]),
    (0x105AE, &[0x10587]),
    (0x105AF, &[0x10588]),
    (0x105B0, &[0x10589]),
    (0x105B1, &[0x1058A]),
    (0x105B3, &[0x1058C]),
    (0x105B4, &[0x1058D]),
    (0x105B5, &[0x1058E]),
    (0x105B6, &[0x1058F]),
    (0x105B7, &[0x10590]),
    (0x105B8, &[0x10591]),
    (0x105B9, &[0x10592]),
    (0x105BB, &[0x10594]),
    (0x105BC, &[0x10595]),
    (0x10CC0, &[0x10C80]),
    (0x10CC1, &[0x10C81]),
    (0x10CC2, &[0x10C82]),
    (0x10CC3, &[0x10C83]),
    (0x10CC4, &[0x10C84]),
    (0x10CC5, &[0x10C85]),
    (0x10CC6, &[0x10C86]),
    (0x10CC7, &[0x10C87]),
    (0x10CC8, &[0x10C88]),
    (0x10CC9, &[0x10C89]),
    (0x10CCA, &[0x10C8A]),
    (0x10CCB, &[0x10C8B]),
    (0x10CCC, &[0x10C8C]),
    (0x10CCD, &[0x10C8D]),
    (0x10CCE, &[0x10C8E]),
    (0x10CCF, &[0x10C8F]),
    (0x10CD0, &[0x10C90]),
    (0x10CD1, &[0x10C91]),
    (0x10CD2, &[0x10C92]),
    (0x10CD3, &[0x10C93]),
    (0x10CD4, &[0x10C94]),
    (0x10CD5, &[0x10C95]),
    (0x10CD6, &[0x10C96]),
    (0x10CD7, &[0x10C97]),
    (0x10CD8, &[0x10C98]),
    (0x10CD9, &[0x10C99]),
    (0x10CDA, &[0x10C9A]),
    (0x10CDB, &[0x10C9B]),
    (0x10CDC, &[0x10C9C]),
    (0x10CDD, &[0x10C9D]),
    (0x10CDE, &[0x10C9E]),
    (0x10CDF, &[0x10C9F]),
    (0x10CE0, &[0x10CA0]),
    (0x10CE1, &[0x10CA1]),
    (0x10CE2, &[0x10CA2]),
    (0x10CE3, &[0x10CA3]),
    (0x10CE4, &[0x10CA4]),
    (0x10CE5, &[0x10CA5]),
    (0x10CE6, &[0x10CA6]),
    (0x10CE7, &[0x10CA7]),
    (0x10CE8, &[0x10CA8]),
    (0x10CE9, &[0x10CA9]),
    (0x10CEA, &[0x10CAA]),
    (0x10CEB, &[0x10CAB]),
    (0x10CEC, &[0x10CAC]),
    (0x10CED, &[0x10CAD]),
    (0x10CEE, &[0x10CAE]),
    (0x10CEF, &[0x10CAF]),
    (0x10CF0, &[0x10CB0]),
    (0x10CF1, &[0x10CB1]),
    (0x10CF2, &[0x10CB2]),
    (0x10D70, &[0x10D50]),
    (0x10D71, &[0x10D51]),
    (0x10D72, &[0x10D52]),
    (0x10D73, &[0x10D53]),
    (0x10D74, &[0x10D54]),
    (0x10D75, &[0x10D55]),
    (0x10D76, &[0x10D56]),
    (0x10D77, &[0x10D57]),
    (0x10D78, &[0x10D58]),
    (0x10D79, &[0x10D59]),
    (0x10D7A, &[0x10D5A]),
    (0x10D7B, &[0x10D5B]),
    (0x10D7C, &[0x10D5C]),
    (0x10D7D, &[0x10D5D]),
    (0x10D7E, &[0x10D5E]),
    (0x10D7F, &[0x10D5F]),
    (0x10D80, &[0x10D60]),
    (0x10D81, &[0x10D61]),
    (0x10D82, &[0x10D62]),
    (0x10D83, &[0x10D63]),
    (0x10D84, &[0x10D64]),
    (0x10D85, &[0x10D65]),
    (0x118C0, &[0x118A0]),
    (0x118C1, &[0x118A1]),
    (0x118C2, &[0x118A2]),
    (0x118C3, &[0x118A3]),
    (0x118C4, &[0x118A4]),
    (0x118C5, &[0x118A5]),
    (0x118C6, &[0x118A6]),
    (0x118C7, &[0x118A7]),
    (0x118C8, &[0x118A8]),
    (0x118C9, &[0x118A9]),
    (0x118CA, &[0x118AA]),
    (0x118CB, &[0x118AB]),
    (0x118CC, &[0x118AC]),
    (0x118CD, &[0x118AD]),
    (0x118CE, &[0x118AE]),
    (0x118CF, &[0x118AF]),
    (0x118D0, &[0x118B0]),
    (0x118D1, &[0x118B1]),
    (0x118D2, &[0x118B2]),
    (0x118D3, &[0x118B3]),
    (0x118D4, &[0x118B4]),
    (0x118D5, &[0x118B5]),
    (0x118D6, &[0x118B6]),
    (0x118D7, &[0x118B7]),
    (0x118D8, &[0x118B8]),
    (0x118D9, &[0x118B9]),
    (0x118DA, &[0x118BA]),
    (0x118DB, &[0x118BB]),
    (0x118DC, &[0x118BC]),
    (0x118DD, &[0x118BD]),
    (0x118DE, &[0x118BE]),
    (0x118DF, &[0x118BF]),
    (0x16E60, &[0x16E40]),
    (0x16E61, &[0x16E41]),
    (0x16E62, &[0x16E42]),
    (0x16E63, &[0x16E43]),
    (0x16E64, &[0x16E44]),
    (0x16E65, &[0x16E45]),
    (0x16E66, &[0x16E46]),
    (0x16E67, &[0x16E47]),
    (0x16E68, &[0x16E48]),
    (0x16E69, &[0x16E49]),
    (0x16E6A, &[0x16E4A]),
    (0x16E6B, &[0x16E4B]),
    (0x16E6C, &[0x16E4C]),
    (0x16E6D, &[0x16E4D]),
    (0x16E6E, &[0x16E4E]),
    (0x16E6F, &[0x16E4F]),
    (0x16E70, &[0x16E50]),
    (0x16E71, &[0x16E51]),
    (0x16E72, &[0x16E52]),
    (0x16E73, &[0x16E53]),
    (0x16E74, &[0x16E54]),
    (0x16E75, &[0x16E55]),
    (0x16E76, &[0x16E56]),
    (0x16E77, &[0x16E57]),
    (0x16E78, &[0x16E58]),
    (0x16E79, &[0x16E59]),
    (0x16E7A, &[0x16E5A]),
    (0x16E7B, &[0x16E5B]),
    (0x16E7C, &[0x16E5C]),
    (0x16E7D, &[0x16E5D]),
    (0x16E7E, &[0x16E5E]),
    (0x16E7F, &[0x16E5F]),
    (0x1E922, &[0x1E900]),
    (0x1E923, &[0x1E901]),
    (0x1E924, &[0x1E902]),
    (0x1E925, &[0x1E903]),
    (0x1E926, &[0x1E904]),
    (0x1E927, &[0x1E905]),
    (0x1E928, &[0x1E906]),
    (0x1E929, &[0x1E907]),
    (0x1E92A, &[0x1E908]),
    (0x1E92B, &[0x1E909]),
    (0x1E92C, &[0x1E90A]),
    (0x1E92D, &[0x1E90B]),
    (0x1E92E, &[0x1E90C]),
    (0x1E92F, &[0x1E90D]),
    (0x1E930, &[0x1E90E]),
    (0x1E931, &[0x1E90F]),
    (0x1E932, &[0x1E910]),
    (0x1E933, &[0x1E911]),
    (0x1E934, &[0x1E912]),
    (0x1E935, &[0x1E913]),
    (0x1E936, &[0x1E914]),
    (0x1E937, &[0x1E915]),
    (0x1E938, &[0x1E916]),
    (0x1E939, &[0x1E917]),
    (0x1E93A, &[0x1E918]),
    (0x1E93B, &[0x1E919]),
    (0x1E93C, &[0x1E91A]),
    (0x1E93D, &[0x1E91B]),
    (0x1E93E, &[0x1E91C]),
    (0x1E93F, &[0x1E91D]),
    (0x1E940, &[0x1E91E]),
    (0x1E941, &[0x1E91F]),
    (0x1E942, &[0x1E920]),
    (0x1E943, &[0x1E921]),
];

pub(crate) const SCRIPTS: &[(&str, &str)] = &[
    ("Adlm", "Adlam"),
    ("Aghb", "Caucasian_Albanian"),
    ("Ahom", "Ahom"),
    ("Arab", "Arabic"),
    ("Armi", "Imperial_Aramaic"),
    ("Armn", "Armenian"),
    ("Avst", "Avestan"),
    ("Bali", "Balinese"),
    ("Bamu", "Bamum"),
    ("Bass", "Bassa_Vah"),
    ("Batk", "Batak"),
    ("Beng", "Bengali"),
    ("Bhks", "Bhaiksuki"),
    ("Bopo", "Bopomofo"),
    ("Brah", "Brahmi"),
    ("Brai", "Braille"),
    ("Bugi", "Buginese"),
    ("Buhd", "Buhid"),
    ("Cakm", "Chakma"),
    ("Cans", "Canadian_Aboriginal"),
    ("Cari", "Carian"),
    ("Cham", "Cham"),
    ("Cher", "Cherokee"),
    ("Chrs", "Chorasmian"),
    ("Copt", "Coptic"),
    ("Cpmn", "Cypro_Minoan"),
    ("Cprt", "Cypriot"),
    ("Cyrl", "Cyrillic"),
    ("Deva", "Devanagari"),
    ("Diak", "Dives_Akuru"),
    ("Dogr", "Dogra"),
    ("Dsrt", "Deseret"),
    ("Dupl", "Duployan"),
    ("Egyp", "Egyptian_Hieroglyphs"),
    ("Elba", "Elbasan"),
    ("Elym", "Elymaic"),
    ("Ethi", "Ethiopic"),
    ("Gara", "Garay"),
    ("Geor", "Georgian"),
    ("Glag", "Glagolitic"),
    ("Gong", "Gunjala_Gondi"),
    ("Gonm", "Masaram_Gondi"),
    ("Goth", "Gothic"),
    ("Gran", "Grantha"),
    ("Grek", "Greek"),
    ("Gujr", "Gujarati"),
    ("Gukh", "Gurung_Khema"),
    ("Guru", "Gurmukhi"),
    ("Hang", "Hangul"),
    ("Hani", "Han"),
    ("Hano", "Hanunoo"),
    ("Hatr", "Hatran"),
    ("Hebr", "Hebrew"),
    ("Hira", "Hiragana"),
    ("Hluw", "Anatolian_Hieroglyphs"),
    ("Hmng", "Pahawh_Hmong"),
    ("Hmnp", "Nyiakeng_Puachue_Hmong"),
    ("Hrkt", "Katakana_Or_Hiragana"),
    ("Hung", "Old_Hungarian"),
    ("Ital", "Old_Italic"),
    ("Java", "Javanese"),
    ("Kali", "Kayah_Li"),
    ("Kana", "Katakana"),
    ("Kawi", "Kawi"),
    ("Khar", "Kharoshthi"),
    ("Khmr", "Khmer"),
    ("Khoj", "Khojki"),
    ("Kits", "Khitan_Small_Script"),
    ("Knda", "Kannada"),
    ("Krai", "Kirat_Rai"),
    ("Kthi", "Kaithi"),
    ("Lana", "Tai_Tham"),
    ("Laoo", "Lao"),
    ("Latn", "Latin"),
    ("Lepc", "Lepcha"),
    ("Limb", "Limbu"),
    ("Lina", "Linear_A"),
    ("Linb", "Linear_B"),
    ("Lisu", "Lisu"),
    ("Lyci", "Lycian"),
    ("Lydi", "Lydian"),
    ("Mahj", "Mahajani"),
    ("Maka", "Makasar"),
    ("Mand", "Mandaic"),
    ("Mani", "Manichaean"),
    ("Marc", "Marchen"),
    ("Medf", "Medefaidrin"),
    ("Mend", "Mende_Kikakui"),
    ("Merc", "Meroitic_Cursive"),
    ("Mero", "Meroitic_Hieroglyphs"),
    ("Mlym", "Malayalam"),
    ("Modi", "Modi"),
    ("Mong", "Mongolian"),
    ("Mroo", "Mro"),
    ("Mtei", "Meetei_Mayek"),
    ("Mult", "Multani"),
    ("Mymr", "Myanmar"),
    ("Nagm", "Nag_Mundari"),
    ("Nand", "Nandinagari"),
    ("Narb", "Old_North_Arabian"),
    ("Nbat", "Nabataean"),
    ("Newa", "Newa"),
    ("Nkoo", "Nko"),
    ("Nshu", "Nushu"),
    ("Ogam", "Ogham"),
    ("Olck", "Ol_Chiki"),
    ("Onao", "Ol_Onal"),
    ("Orkh", "Old_Turkic"),
    ("Orya", "Oriya"),
    ("Osge", "Osage"),
    ("Osma", "Osmanya"),
    ("Ougr", "Old_Uyghur"),
    ("Palm", "Palmyrene"),
    ("Pauc", "Pau_Cin_Hau"),
    ("Perm", "Old_Permic"),
    ("Phag", "Phags_Pa"),
    ("Phli", "Inscriptional_Pahlavi"),
    ("Phlp", "Psalter_Pahlavi"),
    ("Phnx", "Phoenician"),
    ("Plrd", "Miao"),
    ("Prti", "Inscriptional_Parthian"),
    ("Rjng", "Rejang"),
    ("Rohg", "Hanifi_Rohingya"),
    ("Runr", "Runic"),
    ("Samr", "Samaritan"),
    ("Sarb", "Old_South_Arabian"),
    ("Saur", "Saurashtra"),
    ("Sgnw", "SignWriting"),
    ("Shaw", "Shavian"),
    ("Shrd", "Sharada"),
    ("Sidd", "Siddham"),
    ("Sind", "Khudawadi"),
    ("Sinh", "Sinhala"),
    ("Sogd", "Sogdian"),
    ("Sogo", "Old_Sogdian"),
    ("Sora", "Sora_Sompeng"),
    ("Soyo", "Soyombo"),
    ("Sund", "Sundanese"),
    ("Sunu", "Sunuwar"),
    ("Sylo", "Syloti_Nagri"),
    ("Syrc", "Syriac"),
    ("Tagb", "Tagbanwa"),
    ("Takr", "Takri"),
    ("Tale", "Tai_Le"),
    ("Talu", "New_Tai_Lue"),
    ("Taml", "Tamil"),
    ("Tang", "Tangut"),
    ("Tavt", "Tai_Viet"),
    ("Telu", "Telugu"),
    ("Tfng", "Tifinagh"),
    ("Tglg", "Tagalog"),
    ("Thaa", "Thaana"),
    ("Thai", "Thai"),
    ("Tibt", "Tibetan"),
    ("Tirh", "Tirhuta"),
    ("Tnsa", "Tangsa"),
    ("Todr", "Todhri"),
    ("Toto", "Toto"),
    ("Tutg", "Tulu_Tigalari"),
    ("Ugar", "Ugaritic"),
    ("Vaii", "Vai"),
    ("Vith", "Vithkuqi"),
    ("Wara", "Warang_Citi"),
    ("Wcho", "Wancho"),
    ("Xpeo", "Old_Persian"),
    ("Xsux", "Cuneiform"),
    ("Yezi", "Yezidi"),
    ("Yiii", "Yi"),
    ("Zanb", "Zanabazar_Square"),
    ("Zinh", "Inherited"),
    ("Zyyy", "Common"),
    ("Zzzz", "Unknown"),
];

pub(crate) const SCRIPT_RANGES: &[(u32, u32, u16)] = &[
    (0x0, 0x1F, 170),
    (0x20, 0x20, 170),
    (0x21, 0x23, 170),
    (0x24, 0x24, 170),
    (0x25, 0x27, 170),
    (0x28, 0x28, 170),
    (0x29, 0x29, 170),
    (0x2A, 0x2A, 170),
    (0x2B, 0x2B, 170),
    (0x2C, 0x2C, 170),
    (0x2D, 0x2D, 170),
    (0x2E, 0x2F, 170),
    (0x30, 0x39, 170),
    (0x3A, 0x3B, 170),
    (0x3C, 0x3E, 170),
    (0x3F, 0x40, 170),
    (0x41, 0x5A, 73),
    (0x5B, 0x5B, 170),
    (0x5C, 0x5C, 170),
    (0x5D, 0x5D, 170),
    (0x5E, 0x5E, 170),
    (0x5F, 0x5F, 170),
    (0x60, 0x60, 170),
    (0x61, 0x7A, 73),
    (0x7B, 0x7B, 170),
    (0x7C, 0x7C, 170),
    (0x7D, 0x7D, 170),
    (0x7E, 0x7E, 170),
    (0x7F, 0x9F, 170),
    (0xA0, 0xA0, 170),
    (0xA1, 0xA1, 170),
    (0xA2, 0xA5, 170),
    (0xA6, 0xA6, 170),
    (0xA7, 0xA7, 170),
    (0xA8, 0xA8, 170),
    (0xA9, 0xA9, 170),
    (0xAA, 0xAA, 73),
    (0xAB, 0xAB, 170),
    (0xAC, 0xAC, 170),
    (0xAD, 0xAD, 170),
    (0xAE, 0xAE, 170),
    (0xAF, 0xAF, 170),
    (0xB0, 0xB0, 170),
    (0xB1, 0xB1, 170),
    (0xB2, 0xB3, 170),
    (0xB4, 0xB4, 170),
    (0xB5, 0xB5, 170),
    (0xB6, 0xB7, 170),
    (0xB8, 0xB8, 170),
    (0xB9, 0xB9, 170),
    (0xBA, 0xBA, 73),
    (0xBB, 0xBB, 170),
    (0xBC, 0xBE, 170),
    (0xBF, 0xBF, 170),
    (0xC0, 0xD6, 73),
    (0xD7, 0xD7, 170),
    (0xD8, 0xF6, 73),
    (0xF7, 0xF7, 170),
    (0xF8, 0x1BA, 73),
    (0x1BB, 0x1BB, 73),
    (0x1BC, 0x1BF, 73),
    (0x1C0, 0x1C3, 73),
    (0x1C4, 0x293, 73),
    (0x294, 0x294, 73),
    (0x295, 0x2AF, 73),
    (0x2B0, 0x2B8, 73),
    (0x2B9, 0x2C1, 170),
    (0x2C2, 0x2C5, 170),
    (0x2C6, 0x2D1, 170),
    (0x2D2, 0x2DF, 170),
    (0x2E0, 0x2E4, 73),
    (0x2E5, 0x2E9, 170),
    (0x2EA, 0x2EB, 13),
    (0x2EC, 0x2EC, 170),
    (0x2ED, 0x2ED, 170),
    (0x2EE, 0x2EE, 170),
    (0x2EF, 0x2FF, 170),
    (0x300, 0x36F, 169),
    (0x370, 0x373, 44),
    (0x374, 0x374, 170),
    (0x375, 0x375, 44),
    (0x376, 0x377, 44),
    (0x37A, 0x37A, 44),
    (0x37B, 0x37D, 44),
    (0x37E, 0x37E, 170),
    (0x37F, 0x37F, 44),
    (0x384, 0x384, 44),
    (0x385, 0x385, 170),
    (0x386, 0x386, 44),
    (0x387, 0x387, 170),
    (0x388, 0x38A, 44),
    (0x38C, 0x38C, 44),
    (0x38E, 0x3A1, 44),
    (0x3A3, 0x3E1, 44),
    (0x3E2, 0x3EF, 24),
    (0x3F0, 0x3F5, 44),
    (0x3F6, 0x3F6, 44),
    (0x3F7, 0x3FF, 44),
    (0x400, 0x481, 27),
    (0x482, 0x482, 27),
    (0x483, 0x484, 27),
    (0x485, 0x486, 169),
    (0x487, 0x487, 27),
    (0x488, 0x489, 27),
    (0x48A, 0x52F, 27),
    (0x531, 0x556, 5),
    (0x559, 0x559, 5),
    (0x55A, 0x55F, 5),
    (0x560, 0x588, 5),
    (0x589, 0x589, 5),
    (0x58A, 0x58A, 5),
    (0x58D, 0x58E, 5),
    (0x58F, 0x58F, 5),
    (0x591, 0x5BD, 52),
    (0x5BE, 0x5BE, 52),
    (0x5BF, 0x5BF, 52),
    (0x5C0, 0x5C0, 52),
    (0x5C1, 0x5C2, 52),
    (0x5C3, 0x5C3, 52),
    (0x5C4, 0x5C5, 52),
    (0x5C6, 0x5C6, 52),
    (0x5C7, 0x5C7, 52),
    (0x5D0, 0x5EA, 52),
    (0x5EF, 0x5F2, 52),
    (0x5F3, 0x5F4, 52),
    (0x600, 0x604, 3),
    (0x605, 0x605, 170),
    (0x606, 0x608, 3),
    (0x609, 0x60A, 3),
    (0x60B, 0x60B, 3),
    (0x60C, 0x60C, 170),
    (0x60D, 0x60D, 3),
    (0x60E, 0x60F, 3),
    (0x610, 0x61A, 3),
    (0x61B, 0x61B, 170),
    (0x61C, 0x61C, 3),
    (0x61D, 0x61E, 3),
    (0x61F, 0x61F, 170),
    (0x620, 0x63F, 3),
    (0x640, 0x640, 170),
    (0x641, 0x64A, 3),
    (0x64B, 0x655, 169),
    (0x656, 0x65F, 3),
    (0x660, 0x669, 3),
    (0x66A, 0x66D, 3),
    (0x66E, 0x66F, 3),
    (0x670, 0x670, 169),
    (0x671, 0x6D3, 3),
    (0x6D4, 0x6D4, 3),
    (0x6D5, 0x6D5, 3),
    (0x6D6, 0x6DC, 3),
    (0x6DD, 0x6DD, 170),
    (0x6DE, 0x6DE, 3),
    (0x6DF, 0x6E4, 3),
    (0x6E5, 0x6E6, 3),
    (0x6E7, 0x6E8, 3),
    (0x6E9, 0x6E9, 3),
    (0x6EA, 0x6ED, 3),
    (0x6EE, 0x6EF, 3),
    (0x6F0, 0x6F9, 3),
    (0x6FA, 0x6FC, 3),
    (0x6FD, 0x6FE, 3),
    (0x6FF, 0x6FF, 3),
    (0x700, 0x70D, 140),
    (0x70F, 0x70F, 140),
    (0x710, 0x710, 140),
    (0x711, 0x711, 140),
    (0x712, 0x72F, 140),
    (0x730, 0x74A, 140),
    (0x74D, 0x74F, 140),
    (0x750, 0x77F, 3),
    (0x780, 0x7A5, 151),
    (0x7A6, 0x7B0, 151),
    (0x7B1, 0x7B1, 151),
    (0x7C0, 0x7C9, 102),
    (0x7CA, 0x7EA, 102),
    (0x7EB, 0x7F3, 102),
    (0x7F4, 0x7F5, 102),
    (0x7F6, 0x7F6, 102),
    (0x7F7, 0x7F9, 102),
    (0x7FA, 0x7FA, 102),
    (0x7FD, 0x7FD, 102),
    (0x7FE, 0x7FF, 102),
    (0x800, 0x815, 124),
    (0x816, 0x819, 124),
    (0x81A, 0x81A, 124),
    (0x81B, 0x823, 124),
    (0x824, 0x824, 124),
    (0x825, 0x827, 124),
    (0x828, 0x828, 124),
    (0x829, 0x82D, 124),
    (0x830, 0x83E, 124),
    (0x840, 0x858, 83),
    (0x859, 0x85B, 83),
    (0x85E, 0x85E, 83),
    (0x860, 0x86A, 140),
    (0x870, 0x887, 3),
    (0x888, 0x888, 3),
    (0x889, 0x88E, 3),
    (0x890, 0x891, 3),
    (0x897, 0x89F, 3),
    (0x8A0, 0x8C8, 3),
    (0x8C9, 0x8C9, 3),
    (0x8CA, 0x8E1, 3),
    (0x8E2, 0x8E2, 170),
    (0x8E3, 0x8FF, 3),
    (0x900, 0x902, 28),
    (0x903, 0x903, 28),
    (0x904, 0x939, 28),
    (0x93A, 0x93A, 28),
    (0x93B, 0x93B, 28),
    (0x93C, 0x93C, 28),
    (0x93D, 0x93D, 28),
    (0x93E, 0x940, 28),
    (0x941, 0x948, 28),
    (0x949, 0x94C, 28),
    (0x94D, 0x94D, 28),
    (0x94E, 0x94F, 28),
    (0x950, 0x950, 28),
    (0x951, 0x954, 169),
    (0x955, 0x957, 28),
    (0x958, 0x961, 28),
    (0x962, 0x963, 28),
    (0x964, 0x965, 170),
    (0x966, 0x96F, 28),
    (0x970, 0x970, 28),
    (0x971, 0x971, 28),
    (0x972, 0x97F, 28),
    (0x980, 0x980, 11),
    (0x981, 0x981, 11),
    (0x982, 0x983, 11),
    (0x985, 0x98C, 11),
    (0x98F, 0x990, 11),
    (0x993, 0x9A8, 11),
    (0x9AA, 0x9B0, 11),
    (0x9B2, 0x9B2, 11),
    (0x9B6, 0x9B9, 11),
    (0x9BC, 0x9BC, 11),
    (0x9BD, 0x9BD, 11),
    (0x9BE, 0x9C0, 11),
    (0x9C1, 0x9C4, 11),
    (0x9C7, 0x9C8, 11),
    (0x9CB, 0x9CC, 11),
    (0x9CD, 0x9CD, 11),
    (0x9CE, 0x9CE, 11),
    (0x9D7, 0x9D7, 11),
    (0x9DC, 0x9DD, 11),
    (0x9DF, 0x9E1, 11),
    (0x9E2, 0x9E3, 11),
    (0x9E6, 0x9EF, 11),
    (0x9F0, 0x9F1, 11),
    (0x9F2, 0x9F3, 11),
    (0x9F4, 0x9F9, 11),
    (0x9FA, 0x9FA, 11),
    (0x9FB, 0x9FB, 11),
    (0x9FC, 0x9FC, 11),
    (0x9FD, 0x9FD, 11),
    (0x9FE, 0x9FE, 11),
    (0xA01, 0xA02, 47),
    (0xA03, 0xA03, 47),
    (0xA05, 0xA0A, 47),
    (0xA0F, 0xA10, 47),
    (0xA13, 0xA28, 47),
    (0xA2A, 0xA30, 47),
    (0xA32, 0xA33, 47),
    (0xA35, 0xA36, 47),
    (0xA38, 0xA39, 47),
    (0xA3C, 0xA3C, 47),
    (0xA3E, 0xA40, 47),
    (0xA41, 0xA42, 47),
    (0xA47, 0xA48, 47),
    (0xA4B, 0xA4D, 47),
    (0xA51, 0xA51, 47),
    (0xA59, 0xA5C, 47),
    (0xA5E, 0xA5E, 47),
    (0xA66, 0xA6F, 47),
    (0xA70, 0xA71, 47),
    (0xA72, 0xA74, 47),
    (0xA75, 0xA75, 47),
    (0xA76, 0xA76, 47),
    (0xA81, 0xA82, 45),
    (0xA83, 0xA83, 45),
    (0xA85, 0xA8D, 45),
    (0xA8F, 0xA91, 45),
    (0xA93, 0xAA8, 45),
    (0xAAA, 0xAB0, 45),
    (0xAB2, 0xAB3, 45),
    (0xAB5, 0xAB9, 45),
    (0xABC, 0xABC, 45),
    (0xABD, 0xABD, 45),
    (0xABE, 0xAC0, 45),
    (0xAC1, 0xAC5, 45),
    (0xAC7, 0xAC8, 45),
    (0xAC9, 0xAC9, 45),
    (0xACB, 0xACC, 45),
    (0xACD, 0xACD, 45),
    (0xAD0, 0xAD0, 45),
    (0xAE0, 0xAE1, 45),
    (0xAE2, 0xAE3, 45),
    (0xAE6, 0xAEF, 45),
    (0xAF0, 0xAF0, 45),
    (0xAF1, 0xAF1, 45),
    (0xAF9, 0xAF9, 45),
    (0xAFA, 0xAFF, 45),
    (0xB01, 0xB01, 108),
    (0xB02, 0xB03, 108),
    (0xB05, 0xB0C, 108),
    (0xB0F, 0xB10, 108),
    (0xB13, 0xB28, 108),
    (0xB2A, 0xB30, 108),
    (0xB32, 0xB33, 108),
    (0xB35, 0xB39, 108),
    (0xB3C, 0xB3C, 108),
    (0xB3D, 0xB3D, 108),
    (0xB3E, 0xB3E, 108),
    (0xB3F, 0xB3F, 108),
    (0xB40, 0xB40, 108),
    (0xB41, 0xB44, 108),
    (0xB47, 0xB48, 108),
    (0xB4B, 0xB4C, 108),
    (0xB4D, 0xB4D, 108),
    (0xB55, 0xB56, 108),
    (0xB57, 0xB57, 108),
    (0xB5C, 0xB5D, 108),
    (0xB5F, 0xB61, 108),
    (0xB62, 0xB63, 108),
    (0xB66, 0xB6F, 108),
    (0xB70, 0xB70, 108),
    (0xB71, 0xB71, 108),
    (0xB72, 0xB77, 108),
    (0xB82, 0xB82, 145),
    (0xB83, 0xB83, 145),
    (0xB85, 0xB8A, 145),
    (0xB8E, 0xB90, 145),
    (0xB92, 0xB95, 145),
    (0xB99, 0xB9A, 145),
    (0xB9C, 0xB9C, 145),
    (0xB9E, 0xB9F, 145),
    (0xBA3, 0xBA4, 145),
    (0xBA8, 0xBAA, 145),
    (0xBAE, 0xBB9, 145),
    (0xBBE, 0xBBF, 145),
    (0xBC0, 0xBC0, 145),
    (0xBC1, 0xBC2, 145),
    (0xBC6, 0xBC8, 145),
    (0xBCA, 0xBCC, 145),
    (0xBCD, 0xBCD, 145),
    (0xBD0, 0xBD0, 145),
    (0xBD7, 0xBD7, 145),
    (0xBE6, 0xBEF, 145),
    (0xBF0, 0xBF2, 145),
    (0xBF3, 0xBF8, 145),
    (0xBF9, 0xBF9, 145),
    (0xBFA, 0xBFA, 145),
    (0xC00, 0xC00, 148),
    (0xC01, 0xC03, 148),
    (0xC04, 0xC04, 148),
    (0xC05, 0xC0C, 148),
    (0xC0E, 0xC10, 148),
    (0xC12, 0xC28, 148),
    (0xC2A, 0xC39, 148),
    (0xC3C, 0xC3C, 148),
    (0xC3D, 0xC3D, 148),
    (0xC3E, 0xC40, 148),
    (0xC41, 0xC44, 148),
    (0xC46, 0xC48, 148),
    (0xC4A, 0xC4D, 148),
    (0xC55, 0xC56, 148),
    (0xC58, 0xC5A, 148),
    (0xC5D, 0xC5D, 148),
    (0xC60, 0xC61, 148),
    (0xC62, 0xC63, 148),
    (0xC66, 0xC6F, 148),
    (0xC77, 0xC77, 148),
    (0xC78, 0xC7E, 148),
    (0xC7F, 0xC7F, 148),
    (0xC80, 0xC80, 68),
    (0xC81, 0xC81, 68),
    (0xC82, 0xC83, 68),
    (0xC84, 0xC84, 68),
    (0xC85, 0xC8C, 68),
    (0xC8E, 0xC90, 68),
    (0xC92, 0xCA8, 68),
    (0xCAA, 0xCB3, 68),
    (0xCB5, 0xCB9, 68),
    (0xCBC, 0xCBC, 68),
    (0xCBD, 0xCBD, 68),
    (0xCBE, 0xCBE, 68),
    (0xCBF, 0xCBF, 68),
    (0xCC0, 0xCC4, 68),
    (0xCC6, 0xCC6, 68),
    (0xCC7, 0xCC8, 68),
    (0xCCA, 0xCCB, 68),
    (0xCCC, 0xCCD, 68),
    (0xCD5, 0xCD6, 68),
    (0xCDD, 0xCDE, 68),
    (0xCE0, 0xCE1, 68),
    (0xCE2, 0xCE3, 68),
    (0xCE6, 0xCEF, 68),
    (0xCF1, 0xCF2, 68),
    (0xCF3, 0xCF3, 68),
    (0xD00, 0xD01, 90),
    (0xD02, 0xD03, 90),
    (0xD04, 0xD0C, 90),
    (0xD0E, 0xD10, 90),
    (0xD12, 0xD3A, 90),
    (0xD3B, 0xD3C, 90),
    (0xD3D, 0xD3D, 90),
    (0xD3E, 0xD40, 90),
    (0xD41, 0xD44, 90),
    (0xD46, 0xD48, 90),
    (0xD4A, 0xD4C, 90),
    (0xD4D, 0xD4D, 90),
    (0xD4E, 0xD4E, 90),
    (0xD4F, 0xD4F, 90),
    (0xD54, 0xD56, 90),
    (0xD57, 0xD57, 90),
    (0xD58, 0xD5E, 90),
    (0xD5F, 0xD61, 90),
    (0xD62, 0xD63, 90),
    (0xD66, 0xD6F, 90),
    (0xD70, 0xD78, 90),
    (0xD79, 0xD79, 90),
    (0xD7A, 0xD7F, 90),
    (0xD81, 0xD81, 132),
    (0xD82, 0xD83, 132),
    (0xD85, 0xD96, 132),
    (0xD9A, 0xDB1, 132),
    (0xDB3, 0xDBB, 132),
    (0xDBD, 0xDBD, 132),
    (0xDC0, 0xDC6, 132),
    (0xDCA, 0xDCA, 132),
    (0xDCF, 0xDD1, 132),
    (0xDD2, 0xDD4, 132),
    (0xDD6, 0xDD6, 132),
    (0xDD8, 0xDDF, 132),
    (0xDE6, 0xDEF, 132),
    (0xDF2, 0xDF3, 132),
    (0xDF4, 0xDF4, 132),
    (0xE01, 0xE30, 152),
    (0xE31, 0xE31, 152),
    (0xE32, 0xE33, 152),
    (0xE34, 0xE3A, 152),
    (0xE3F, 0xE3F, 170),
    (0xE40, 0xE45, 152),
    (0xE46, 0xE46, 152),
    (0xE47, 0xE4E, 152),
    (0xE4F, 0xE4F, 152),
    (0xE50, 0xE59, 152),
    (0xE5A, 0xE5B, 152),
    (0xE81, 0xE82, 72),
    (0xE84, 0xE84, 72),
    (0xE86, 0xE8A, 72),
    (0xE8C, 0xEA3, 72),
    (0xEA5, 0xEA5, 72),
    (0xEA7, 0xEB0, 72),
    (0xEB1, 0xEB1, 72),
    (0xEB2, 0xEB3, 72),
    (0xEB4, 0xEBC, 72),
    (0xEBD, 0xEBD, 72),
    (0xEC0, 0xEC4, 72),
    (0xEC6, 0xEC6, 72),
    (0xEC8, 0xECE, 72),
    (0xED0, 0xED9, 72),
    (0xEDC, 0xEDF, 72),
    (0xF00, 0xF00, 153),
    (0xF01, 0xF03, 153),
    (0xF04, 0xF12, 153),
    (0xF13, 0xF13, 153),
    (0xF14, 0xF14, 153),
    (0xF15, 0xF17, 153),
    (0xF18, 0xF19, 153),
    (0xF1A, 0xF1F, 153),
    (0xF20, 0xF29, 153),
    (0xF2A, 0xF33, 153),
    (0xF34, 0xF34, 153),
    (0xF35, 0xF35, 153),
    (0xF36, 0xF36, 153),
    (0xF37, 0xF37, 153),
    (0xF38, 0xF38, 153),
    (0xF39, 0xF39, 153),
    (0xF3A, 0xF3A, 153),
    (0xF3B, 0xF3B, 153),
    (0xF3C, 0xF3C, 153),
    (0xF3D, 0xF3D, 153),
    (0xF3E, 0xF3F, 153),
    (0xF40, 0xF47, 153),
    (0xF49, 0xF6C, 153),
    (0xF71, 0xF7E, 153),
    (0xF7F, 0xF7F, 153),
    (0xF80, 0xF84, 153),
    (0xF85, 0xF85, 153),
    (0xF86, 0xF87, 153),
    (0xF88, 0xF8C, 153),
    (0xF8D, 0xF97, 153),
    (0xF99, 0xFBC, 153),
    (0xFBE, 0xFC5, 153),
    (0xFC6, 0xFC6, 153),
    (0xFC7, 0xFCC, 153),
    (0xFCE, 0xFCF, 153),
    (0xFD0, 0xFD4, 153),
    (0xFD5, 0xFD8, 170),
    (0xFD9, 0xFDA, 153),
    (0x1000, 0x102A, 96),
    (0x102B, 0x102C, 96),
    (0x102D, 0x1030, 96),
    (0x1031, 0x1031, 96),
    (0x1032, 0x1037, 96),
    (0x1038, 0x1038, 96),
    (0x1039, 0x103A, 96),
    (0x103B, 0x103C, 96),
    (0x103D, 0x103E, 96),
    (0x103F, 0x103F, 96),
    (0x1040, 0x1049, 96),
    (0x104A, 0x104F, 96),
    (0x1050, 0x1055, 96),
    (0x1056, 0x1057, 96),
    (0x1058, 0x1059, 96),
    (0x105A, 0x105D, 96),
    (0x105E, 0x1060, 96),
    (0x1061, 0x1061, 96),
    (0x1062, 0x1064, 96),
    (0x1065, 0x1066, 96),
    (0x1067, 0x106D, 96),
    (0x106E, 0x1070, 96),
    (0x1071, 0x1074, 96),
    (0x1075, 0x1081, 96),
    (0x1082, 0x1082, 96),
    (0x1083, 0x1084, 96),
    (0x1085, 0x1086, 96),
    (0x1087, 0x108C, 96),
    (0x108D, 0x108D, 96),
    (0x108E, 0x108E, 96),
    (0x108F, 0x108F, 96),
    (0x1090, 0x1099, 96),
    (0x109A, 0x109C, 96),
    (0x109D, 0x109D, 96),
    (0x109E, 0x109F, 96),
    (0x10A0, 0x10C5, 38),
    (0x10C7, 0x10C7, 38),
    (0x10CD, 0x10CD, 38),
    (0x10D0, 0x10FA, 38),
    (0x10FB, 0x10FB, 170),
    (0x10FC, 0x10FC, 38),
    (0x10FD, 0x10FF, 38),
    (0x1100, 0x11FF, 48),
    (0x1200, 0x1248, 36),
    (0x124A, 0x124D, 36),
    (0x1250, 0x1256, 36),
    (0x1258, 0x1258, 36),
    (0x125A, 0x125D, 36),
    (0x1260, 0x1288, 36),
    (0x128A, 0x128D, 36),
    (0x1290, 0x12B0, 36),
    (0x12B2, 0x12B5, 36),
    (0x12B8, 0x12BE, 36),
    (0x12C0, 0x12C0, 36),
    (0x12C2, 0x12C5, 36),
    (0x12C8, 0x12D6, 36),
    (0x12D8, 0x1310, 36),
    (0x1312, 0x1315, 36),
    (0x1318, 0x135A, 36),
    (0x135D, 0x135F, 36),
    (0x1360, 0x1368, 36),
    (0x1369, 0x137C, 36),
    (0x1380, 0x138F, 36),
    (0x1390, 0x1399, 36),
    (0x13A0, 0x13F5, 22),
    (0x13F8, 0x13FD, 22),
    (0x1400, 0x1400, 19),
    (0x1401, 0x166C, 19),
    (0x166D, 0x166D, 19),
    (0x166E, 0x166E, 19),
    (0x166F, 0x167F, 19),
    (0x1680, 0x1680, 104),
    (0x1681, 0x169A, 104),
    (0x169B, 0x169B, 104),
    (0x169C, 0x169C, 104),
    (0x16A0, 0x16EA, 123),
    (0x16EB, 0x16ED, 170),
    (0x16EE, 0x16F0, 123),
    (0x16F1, 0x16F8, 123),
    (0x1700, 0x1711, 150),
    (0x1712, 0x1714, 150),
    (0x1715, 0x1715, 150),
    (0x171F, 0x171F, 150),
    (0x1720, 0x1731, 50),
    (0x1732, 0x1733, 50),
    (0x1734, 0x1734, 50),
    (0x1735, 0x1736, 170),
    (0x1740, 0x1751, 17),
    (0x1752, 0x1753, 17),
    (0x1760, 0x176C, 141),
    (0x176E, 0x1770, 141),
    (0x1772, 0x1773, 141),
    (0x1780, 0x17B3, 65),
    (0x17B4, 0x17B5, 65),
    (0x17B6, 0x17B6, 65),
    (0x17B7, 0x17BD, 65),
    (0x17BE, 0x17C5, 65),
    (0x17C6, 0x17C6, 65),
    (0x17C7, 0x17C8, 65),
    (0x17C9, 0x17D3, 65),
    (0x17D4, 0x17D6, 65),
    (0x17D7, 0x17D7, 65),
    (0x17D8, 0x17DA, 65),
    (0x17DB, 0x17DB, 65),
    (0x17DC, 0x17DC, 65),
    (0x17DD, 0x17DD, 65),
    (0x17E0, 0x17E9, 65),
    (0x17F0, 0x17F9, 65),
    (0x1800, 0x1801, 92),
    (0x1802, 0x1803, 170),
    (0x1804, 0x1804, 92),
    (0x1805, 0x1805, 170),
    (0x1806, 0x1806, 92),
    (0x1807, 0x180A, 92),
    (0x180B, 0x180D, 92),
    (0x180E, 0x180E, 92),
    (0x180F, 0x180F, 92),
    (0x1810, 0x1819, 92),
    (0x1820, 0x1842, 92),
    (0x1843, 0x1843, 92),
    (0x1844, 0x1878, 92),
    (0x1880, 0x1884, 92),
    (0x1885, 0x1886, 92),
    (0x1887, 0x18A8, 92),
    (0x18A9, 0x18A9, 92),
    (0x18AA, 0x18AA, 92),
    (0x18B0, 0x18F5, 19),
    (0x1900, 0x191E, 75),
    (0x1920, 0x1922, 75),
    (0x1923, 0x1926, 75),
    (0x1927, 0x1928, 75),
    (0x1929, 0x192B, 75),
    (0x1930, 0x1931, 75),
    (0x1932, 0x1932, 75),
    (0x1933, 0x1938, 75),
    (0x1939, 0x193B, 75),
    (0x1940, 0x1940, 75),
    (0x1944, 0x1945, 75),
    (0x1946, 0x194F, 75),
    (0x1950, 0x196D, 143),
    (0x1970, 0x1974, 143),
    (0x1980, 0x19AB, 144),
    (0x19B0, 0x19C9, 144),
    (0x19D0, 0x19D9, 144),
    (0x19DA, 0x19DA, 144),
    (0x19DE, 0x19DF, 144),
    (0x19E0, 0x19FF, 65),
    (0x1A00, 0x1A16, 16),
    (0x1A17, 0x1A18, 16),
    (0x1A19, 0x1A1A, 16),
    (0x1A1B, 0x1A1B, 16),
    (0x1A1E, 0x1A1F, 16),
    (0x1A20, 0x1A54, 71),
    (0x1A55, 0x1A55, 71),
    (0x1A56, 0x1A56, 71),
    (0x1A57, 0x1A57, 71),
    (0x1A58, 0x1A5E, 71),
    (0x1A60, 0x1A60, 71),
    (0x1A61, 0x1A61, 71),
    (0x1A62, 0x1A62, 71),
    (0x1A63, 0x1A64, 71),
    (0x1A65, 0x1A6C, 71),
    (0x1A6D, 0x1A72, 71),
    (0x1A73, 0x1A7C, 71),
    (0x1A7F, 0x1A7F, 71),
    (0x1A80, 0x1A89, 71),
    (0x1A90, 0x1A99, 71),
    (0x1AA0, 0x1AA6, 71),
    (0x1AA7, 0x1AA7, 71),
    (0x1AA8, 0x1AAD, 71),
    (0x1AB0, 0x1ABD, 169),
    (0x1ABE, 0x1ABE, 169),
    (0x1ABF, 0x1ACE, 169),
    (0x1B00, 0x1B03, 7),
    (0x1B04, 0x1B04, 7),
    (0x1B05, 0x1B33, 7),
    (0x1B34, 0x1B34, 7),
    (0x1B35, 0x1B35, 7),
    (0x1B36, 0x1B3A, 7),
    (0x1B3B, 0x1B3B, 7),
    (0x1B3C, 0x1B3C, 7),
    (0x1B3D, 0x1B41, 7),
    (0x1B42, 0x1B42, 7),
    (0x1B43, 0x1B44, 7),
    (0x1B45, 0x1B4C, 7),
    (0x1B4E, 0x1B4F, 7),
    (0x1B50, 0x1B59, 7),
    (0x1B5A, 0x1B60, 7),
    (0x1B61, 0x1B6A, 7),
    (0x1B6B, 0x1B73, 7),
    (0x1B74, 0x1B7C, 7),
    (0x1B7D, 0x1B7F, 7),
    (0x1B80, 0x1B81, 137),
    (0x1B82, 0x1B82, 137),
    (0x1B83, 0x1BA0, 137),
    (0x1BA1, 0x1BA1, 137),
    (0x1BA2, 0x1BA5, 137),
    (0x1BA6, 0x1BA7, 137),
    (0x1BA8, 0x1BA9, 137),
    (0x1BAA, 0x1BAA, 137),
    (0x1BAB, 0x1BAD, 137),
    (0x1BAE, 0x1BAF, 137),
    (0x1BB0, 0x1BB9, 137),
    (0x1BBA, 0x1BBF, 137),
    (0x1BC0, 0x1BE5, 10),
    (0x1BE6, 0x1BE6, 10),
    (0x1BE7, 0x1BE7, 10),
    (0x1BE8, 0x1BE9, 10),
    (0x1BEA, 0x1BEC, 10),
    (0x1BED, 0x1BED, 10),
    (0x1BEE, 0x1BEE, 10),
    (0x1BEF, 0x1BF1, 10),
    (0x1BF2, 0x1BF3, 10),
    (0x1BFC, 0x1BFF, 10),
    (0x1C00, 0x1C23, 74),
    (0x1C24, 0x1C2B, 74),
    (0x1C2C, 0x1C33, 74),
    (0x1C34, 0x1C35, 74),
    (0x1C36, 0x1C37, 74),
    (0x1C3B, 0x1C3F, 74),
    (0x1C40, 0x1C49, 74),
    (0x1C4D, 0x1C4F, 74),
    (0x1C50, 0x1C59, 105),
    (0x1C5A, 0x1C77, 105),
    (0x1C78, 0x1C7D, 105),
    (0x1C7E, 0x1C7F, 105),
    (0x1C80, 0x1C8A, 27),
    (0x1C90, 0x1CBA, 38),
    (0x1CBD, 0x1CBF, 38),
    (0x1CC0, 0x1CC7, 137),
    (0x1CD0, 0x1CD2, 169),
    (0x1CD3, 0x1CD3, 170),
    (0x1CD4, 0x1CE0, 169),
    (0x1CE1, 0x1CE1, 170),
    (0x1CE2, 0x1CE8, 169),
    (0x1CE9, 0x1CEC, 170),
    (0x1CED, 0x1CED, 169),
    (0x1CEE, 0x1CF3, 170),
    (0x1CF4, 0x1CF4, 169),
    (0x1CF5, 0x1CF6, 170),
    (0x1CF7, 0x1CF7, 170),
    (0x1CF8, 0x1CF9, 169),
    (0x1CFA, 0x1CFA, 170),
    (0x1D00, 0x1D25, 73),
    (0x1D26, 0x1D2A, 44),
    (0x1D2B, 0x1D2B, 27),
    (0x1D2C, 0x1D5C, 73),
    (0x1D5D, 0x1D61, 44),
    (0x1D62, 0x1D65, 73),
    (0x1D66, 0x1D6A, 44),
    (0x1D6B, 0x1D77, 73),
    (0x1D78, 0x1D78, 27),
    (0x1D79, 0x1D9A, 73),
    (0x1D9B, 0x1DBE, 73),
    (0x1DBF, 0x1DBF, 44),
    (0x1DC0, 0x1DFF, 169),
    (0x1E00, 0x1EFF, 73),
    (0x1F00, 0x1F15, 44),
    (0x1F18, 0x1F1D, 44),
    (0x1F20, 0x1F45, 44),
    (0x1F48, 0x1F4D, 44),
    (0x1F50, 0x1F57, 44),
    (0x1F59, 0x1F59, 44),
    (0x1F5B, 0x1F5B, 44),
    (0x1F5D, 0x1F5D, 44),
    (0x1F5F, 0x1F7D, 44),
    (0x1F80, 0x1FB4, 44),
    (0x1FB6, 0x1FBC, 44),
    (0x1FBD, 0x1FBD, 44),
    (0x1FBE, 0x1FBE, 44),
    (0x1FBF, 0x1FC1, 44),
    (0x1FC2, 0x1FC4, 44),
    (0x1FC6, 0x1FCC, 44),
    (0x1FCD, 0x1FCF, 44),
    (0x1FD0, 0x1FD3, 44),
    (0x1FD6, 0x1FDB, 44),
    (0x1FDD, 0x1FDF, 44),
    (0x1FE0, 0x1FEC, 44),
    (0x1FED, 0x1FEF, 44),
    (0x1FF2, 0x1FF4, 44),
    (0x1FF6, 0x1FFC, 44),
    (0x1FFD, 0x1FFE, 44),
    (0x2000, 0x200A, 170),
    (0x200B, 0x200B, 170),
    (0x200C, 0x200D, 169),
    (0x200E, 0x200F, 170),
    (0x2010, 0x2015, 170),
    (0x2016, 0x2017, 170),
    (0x2018, 0x2018, 170),
    (0x2019, 0x2019, 170),
    (0x201A, 0x201A, 170),
    (0x201B, 0x201C, 170),
    (0x201D, 0x201D, 170),
    (0x201E, 0x201E, 170),
    (0x201F, 0x201F, 170),
    (0x2020, 0x2027, 170),
    (0x2028, 0x2028, 170),
    (0x2029, 0x2029, 170),
    (0x202A, 0x202E, 170),
    (0x202F, 0x202F, 170),
    (0x2030, 0x2038, 170),
    (0x2039, 0x2039, 170),
    (0x203A, 0x203A, 170),
    (0x203B, 0x203E, 170),
    (0x203F, 0x2040, 170),
    (0x2041, 0x2043, 170),
    (0x2044, 0x2044, 170),
    (0x2045, 0x2045, 170),
    (0x2046, 0x2046, 170),
    (0x2047, 0x2051, 170),
    (0x2052, 0x2052, 170),
    (0x2053, 0x2053, 170),
    (0x2054, 0x2054, 170),
    (0x2055, 0x205E, 170),
    (0x205F, 0x205F, 170),
    (0x2060, 0x2064, 170),
    (0x2066, 0x206F, 170),
    (0x2070, 0x2070, 170),
    (0x2071, 0x2071, 73),
    (0x2074, 0x2079, 170),
    (0x207A, 0x207C, 170),
    (0x207D, 0x207D, 170),
    (0x207E, 0x207E, 170),
    (0x207F, 0x207F, 73),
    (0x2080, 0x2089, 170),
    (0x208A, 0x208C, 170),
    (0x208D, 0x208D, 170),
    (0x208E, 0x208E, 170),
    (0x2090, 0x209C, 73),
    (0x20A0, 0x20C0, 170),
    (0x20D0, 0x20DC, 169),
    (0x20DD, 0x20E0, 169),
    (0x20E1, 0x20E1, 169),
    (0x20E2, 0x20E4, 169),
    (0x20E5, 0x20F0, 169),
    (0x2100, 0x2101, 170),
    (0x2102, 0x2102, 170),
    (0x2103, 0x2106, 170),
    (0x2107, 0x2107, 170),
    (0x2108, 0x2109, 170),
    (0x210A, 0x2113, 170),
    (0x2114, 0x2114, 170),
    (0x2115, 0x2115, 170),
    (0x2116, 0x2117, 170),
    (0x2118, 0x2118, 170),
    (0x2119, 0x211D, 170),
    (0x211E, 0x2123, 170),
    (0x2124, 0x2124, 170),
    (0x2125, 0x2125, 170),
    (0x2126, 0x2126, 44),
    (0x2127, 0x2127, 170),
    (0x2128, 0x2128, 170),
    (0x2129, 0x2129, 170),
    (0x212A, 0x212B, 73),
    (0x212C, 0x212D, 170),
    (0x212E, 0x212E, 170),
    (0x212F, 0x2131, 170),
    (0x2132, 0x2132, 73),
    (0x2133, 0x2134, 170),
    (0x2135, 0x2138, 170),
    (0x2139, 0x2139, 170),
    (0x213A, 0x213B, 170),
    (0x213C, 0x213F, 170),
    (0x2140, 0x2144, 170),
    (0x2145, 0x2149, 170),
    (0x214A, 0x214A, 170),
    (0x214B, 0x214B, 170),
    (0x214C, 0x214D, 170),
    (0x214E, 0x214E, 73),
    (0x214F, 0x214F, 170),
    (0x2150, 0x215F, 170),
    (0x2160, 0x2182, 73),
    (0x2183, 0x2184, 73),
    (0x2185, 0x2188, 73),
    (0x2189, 0x2189, 170),
    (0x218A, 0x218B, 170),
    (0x2190, 0x2194, 170),
    (0x2195, 0x2199, 170),
    (0x219A, 0x219B, 170),
    (0x219C, 0x219F, 170),
    (0x21A0, 0x21A0, 170),
    (0x21A1, 0x21A2, 170),
    (0x21A3, 0x21A3, 170),
    (0x21A4, 0x21A5, 170),
    (0x21A6, 0x21A6, 170),
    (0x21A7, 0x21AD, 170),
    (0x21AE, 0x21AE, 170),
    (0x21AF, 0x21CD, 170),
    (0x21CE, 0x21CF, 170),
    (0x21D0, 0x21D1, 170),
    (0x21D2, 0x21D2, 170),
    (0x21D3, 0x21D3, 170),
    (0x21D4, 0x21D4, 170),
    (0x21D5, 0x21F3, 170),
    (0x21F4, 0x22FF, 170),
    (0x2300, 0x2307, 170),
    (0x2308, 0x2308, 170),
    (0x2309, 0x2309, 170),
    (0x230A, 0x230A, 170),
    (0x230B, 0x230B, 170),
    (0x230C, 0x231F, 170),
    (0x2320, 0x2321, 170),
    (0x2322, 0x2328, 170),
    (0x2329, 0x2329, 170),
    (0x232A, 0x232A, 170),
    (0x232B, 0x237B, 170),
    (0x237C, 0x237C, 170),
    (0x237D, 0x239A, 170),
    (0x239B, 0x23B3, 170),
    (0x23B4, 0x23DB, 170),
    (0x23DC, 0x23E1, 170),
    (0x23E2, 0x2429, 170),
    (0x2440, 0x244A, 170),
    (0x2460, 0x249B, 170),
    (0x249C, 0x24E9, 170),
    (0x24EA, 0x24FF, 170),
    (0x2500, 0x25B6, 170),
    (0x25B7, 0x25B7, 170),
    (0x25B8, 0x25C0, 170),
    (0x25C1, 0x25C1, 170),
    (0x25C2, 0x25F7, 170),
    (0x25F8, 0x25FF, 170),
    (0x2600, 0x266E, 170),
    (0x266F, 0x266F, 170),
    (0x2670, 0x2767, 170),
    (0x2768, 0x2768, 170),
    (0x2769, 0x2769, 170),
    (0x276A, 0x276A, 170),
    (0x276B, 0x276B, 170),
    (0x276C, 0x276C, 170),
    (0x276D, 0x276D, 170),
    (0x276E, 0x276E, 170),
    (0x276F, 0x276F, 170),
    (0x2770, 0x2770, 170),
    (0x2771, 0x2771, 170),
    (0x2772, 0x2772, 170),
    (0x2773, 0x2773, 170),
    (0x2774, 0x2774, 170),
    (0x2775, 0x2775, 170),
    (0x2776, 0x2793, 170),
    (0x2794, 0x27BF, 170),
    (0x27C0, 0x27C4, 170),
    (0x27C5, 0x27C5, 170),
    (0x27C6, 0x27C6, 170),
    (0x27C7, 0x27E5, 170),
    (0x27E6, 0x27E6, 170),
    (0x27E7, 0x27E7, 170),
    (0x27E8, 0x27E8, 170),
    (0x27E9, 0x27E9, 170),
    (0x27EA, 0x27EA, 170),
    (0x27EB, 0x27EB, 170),
    (0x27EC, 0x27EC, 170),
    (0x27ED, 0x27ED, 170),
    (0x27EE, 0x27EE, 170),
    (0x27EF, 0x27EF, 170),
    (0x27F0, 0x27FF, 170),
    (0x2800, 0x28FF, 15),
    (0x2900, 0x2982, 170),
    (0x2983, 0x2983, 170),
    (0x2984, 0x2984, 170),
    (0x2985, 0x2985, 170),
    (0x2986, 0x2986, 170),
    (0x2987, 0x2987, 170),
    (0x2988, 0x2988, 170),
    (0x2989, 0x2989, 170),
    (0x298A, 0x298A, 170),
    (0x298B, 0x298B, 170),
    (0x298C, 0x298C, 170),
    (0x298D, 0x298D, 170),
    (0x298E, 0x298E, 170),
    (0x298F, 0x298F, 170),
    (0x2990, 0x2990, 170),
    (0x2991, 0x2991, 170),
    (0x2992, 0x2992, 170),
    (0x2993, 0x2993, 170),
    (0x2994, 0x2994, 170),
    (0x2995, 0x2995, 170),
    (0x2996, 0x2996, 170),
    (0x2997, 0x2997, 170),
    (0x2998, 0x2998, 170),
    (0x2999, 0x29D7, 170),
    (0x29D8, 0x29D8, 170),
    (0x29D9, 0x29D9, 170),
    (0x29DA, 0x29DA, 170),
    (0x29DB, 0x29DB, 170),
    (0x29DC, 0x29FB, 170),
    (0x29FC, 0x29FC, 170),
    (0x29FD, 0x29FD, 170),
    (0x29FE, 0x2AFF, 170),
    (0x2B00, 0x2B2F, 170),
    (0x2B30, 0x2B44, 170),
    (0x2B45, 0x2B46, 170),
    (0x2B47, 0x2B4C, 170),
    (0x2B4D, 0x2B73, 170),
    (0x2B76, 0x2B95, 170),
    (0x2B97, 0x2BFF, 170),
    (0x2C00, 0x2C5F, 39),
    (0x2C60, 0x2C7B, 73),
    (0x2C7C, 0x2C7D, 73),
    (0x2C7E, 0x2C7F, 73),
    (0x2C80, 0x2CE4, 24),
    (0x2CE5, 0x2CEA, 24),
    (0x2CEB, 0x2CEE, 24),
    (0x2CEF, 0x2CF1, 24),
    (0x2CF2, 0x2CF3, 24),
    (0x2CF9, 0x2CFC, 24),
    (0x2CFD, 0x2CFD, 24),
    (0x2CFE, 0x2CFF, 24),
    (0x2D00, 0x2D25, 38),
    (0x2D27, 0x2D27, 38),
    (0x2D2D, 0x2D2D, 38),
    (0x2D30, 0x2D67, 149),
    (0x2D6F, 0x2D6F, 149),
    (0x2D70, 0x2D70, 149),
    (0x2D7F, 0x2D7F, 149),
    (0x2D80, 0x2D96, 36),
    (0x2DA0, 0x2DA6, 36),
    (0x2DA8, 0x2DAE, 36),
    (0x2DB0, 0x2DB6, 36),
    (0x2DB8, 0x2DBE, 36),
    (0x2DC0, 0x2DC6, 36),
    (0x2DC8, 0x2DCE, 36),
    (0x2DD0, 0x2DD6, 36),
    (0x2DD8, 0x2DDE, 36),
    (0x2DE0, 0x2DFF, 27),
    (0x2E00, 0x2E01, 170),
    (0x2E02, 0x2E02, 170),
    (0x2E03, 0x2E03, 170),
    (0x2E04, 0x2E04, 170),
    (0x2E05, 0x2E05, 170),
    (0x2E06, 0x2E08, 170),
    (0x2E09, 0x2E09, 170),
    (0x2E0A, 0x2E0A, 170),
    (0x2E0B, 0x2E0B, 170),
    (0x2E0C, 0x2E0C, 170),
    (0x2E0D, 0x2E0D, 170),
    (0x2E0E, 0x2E16, 170),
    (0x2E17, 0x2E17, 170),
    (0x2E18, 0x2E19, 170),
    (0x2E1A, 0x2E1A, 170),
    (0x2E1B, 0x2E1B, 170),
    (0x2E1C, 0x2E1C, 170),
    (0x2E1D, 0x2E1D, 170),
    (0x2E1E, 0x2E1F, 170),
    (0x2E20, 0x2E20, 170),
    (0x2E21, 0x2E21, 170),
    (0x2E22, 0x2E22, 170),
    (0x2E23, 0x2E23, 170),
    (0x2E24, 0x2E24, 170),
    (0x2E25, 0x2E25, 170),
    (0x2E26, 0x2E26, 170),
    (0x2E27, 0x2E27, 170),
    (0x2E28, 0x2E28, 170),
    (0x2E29, 0x2E29, 170),
    (0x2E2A, 0x2E2E, 170),
    (0x2E2F, 0x2E2F, 170),
    (0x2E30, 0x2E39, 170),
    (0x2E3A, 0x2E3B, 170),
    (0x2E3C, 0x2E3F, 170),
    (0x2E40, 0x2E40, 170),
    (0x2E41, 0x2E41, 170),
    (0x2E42, 0x2E42, 170),
    (0x2E43, 0x2E4F, 170),
    (0x2E50, 0x2E51, 170),
    (0x2E52, 0x2E54, 170),
    (0x2E55, 0x2E55, 170),
    (0x2E56, 0x2E56, 170),
    (0x2E57, 0x2E57, 170),
    (0x2E58, 0x2E58, 170),
    (0x2E59, 0x2E59, 170),
    (0x2E5A, 0x2E5A, 170),
    (0x2E5B, 0x2E5B, 170),
    (0x2E5C, 0x2E5C, 170),
    (0x2E5D, 0x2E5D, 170),
    (0x2E80, 0x2E99, 49),
    (0x2E9B, 0x2EF3, 49),
    (0x2F00, 0x2FD5, 49),
    (0x2FF0, 0x2FFF, 170),
    (0x3000, 0x3000, 170),
    (0x3001, 0x3003, 170),
    (0x3004, 0x3004, 170),
    (0x3005, 0x3005, 49),
    (0x3006, 0x3006, 170),
    (0x3007, 0x3007, 49),
    (0x3008, 0x3008, 170),
    (0x3009, 0x3009, 170),
    (0x300A, 0x300A, 170),
    (0x300B, 0x300B, 170),
    (0x300C, 0x300C, 170),
    (0x300D, 0x300D, 170),
    (0x300E, 0x300E, 170),
    (0x300F, 0x300F, 170),
    (0x3010, 0x3010, 170),
    (0x3011, 0x3011, 170),
    (0x3012, 0x3013, 170),
    (0x3014, 0x3014, 170),
    (0x3015, 0x3015, 170),
    (0x3016, 0x3016, 170),
    (0x3017, 0x3017, 170),
    (0x3018, 0x3018, 170),
    (0x3019, 0x3019, 170),
    (0x301A, 0x301A, 170),
    (0x301B, 0x301B, 170),
    (0x301C, 0x301C, 170),
    (0x301D, 0x301D, 170),
    (0x301E, 0x301F, 170),
    (0x3020, 0x3020, 170),
    (0x3021, 0x3029, 49),
    (0x302A, 0x302D, 169),
    (0x302E, 0x302F, 48),
    (0x3030, 0x3030, 170),
    (0x3031, 0x3035, 170),
    (0x3036, 0x3037, 170),
    (0x3038, 0x303A, 49),
    (0x303B, 0x303B, 49),
    (0x303C, 0x303C, 170),
    (0x303D, 0x303D, 170),
    (0x303E, 0x303F, 170),
    (0x3041, 0x3096, 53),
    (0x3099, 0x309A, 169),
    (0x309B, 0x309C, 170),
    (0x309D, 0x309E, 53),
    (0x309F, 0x309F, 53),
    (0x30A0, 0x30A0, 170),
    (0x30A1, 0x30FA, 62),
    (0x30FB, 0x30FB, 170),
    (0x30FC, 0x30FC, 170),
    (0x30FD, 0x30FE, 62),
    (0x30FF, 0x30FF, 62),
    (0x3105, 0x312F, 13),
    (0x3131, 0x318E, 48),
    (0x3190, 0x3191, 170),
    (0x3192, 0x3195, 170),
    (0x3196, 0x319F, 170),
    (0x31A0, 0x31BF, 13),
    (0x31C0, 0x31E5, 170),
    (0x31EF, 0x31EF, 170),
    (0x31F0, 0x31FF, 62),
    (0x3200, 0x321E, 48),
    (0x3220, 0x3229, 170),
    (0x322A, 0x3247, 170),
    (0x3248, 0x324F, 170),
    (0x3250, 0x3250, 170),
    (0x3251, 0x325F, 170),
    (0x3260, 0x327E, 48),
    (0x327F, 0x327F, 170),
    (0x3280, 0x3289, 170),
    (0x328A, 0x32B0, 170),
    (0x32B1, 0x32BF, 170),
    (0x32C0, 0x32CF, 170),
    (0x32D0, 0x32FE, 62),
    (0x32FF, 0x32FF, 170),
    (0x3300, 0x3357, 62),
    (0x3358, 0x33FF, 170),
    (0x3400, 0x4DBF, 49),
    (0x4DC0, 0x4DFF, 170),
    (0x4E00, 0x9FFF, 49),
    (0xA000, 0xA014, 167),
    (0xA015, 0xA015, 167),
    (0xA016, 0xA48C, 167),
    (0xA490, 0xA4C6, 167),
    (0xA4D0, 0xA4F7, 78),
    (0xA4F8, 0xA4FD, 78),
    (0xA4FE, 0xA4FF, 78),
    (0xA500, 0xA60B, 160),
    (0xA60C, 0xA60C, 160),
    (0xA60D, 0xA60F, 160),
    (0xA610, 0xA61F, 160),
    (0xA620, 0xA629, 160),
    (0xA62A, 0xA62B, 160),
    (0xA640, 0xA66D, 27),
    (0xA66E, 0xA66E, 27),
    (0xA66F, 0xA66F, 27),
    (0xA670, 0xA672, 27),
    (0xA673, 0xA673, 27),
    (0xA674, 0xA67D, 27),
    (0xA67E, 0xA67E, 27),
    (0xA67F, 0xA67F, 27),
    (0xA680, 0xA69B, 27),
    (0xA69C, 0xA69D, 27),
    (0xA69E, 0xA69F, 27),
    (0xA6A0, 0xA6E5, 8),
    (0xA6E6, 0xA6EF, 8),
    (0xA6F0, 0xA6F1, 8),
    (0xA6F2, 0xA6F7, 8),
    (0xA700, 0xA716, 170),
    (0xA717, 0xA71F, 170),
    (0xA720, 0xA721, 170),
    (0xA722, 0xA76F, 73),
    (0xA770, 0xA770, 73),
    (0xA771, 0xA787, 73),
    (0xA788, 0xA788, 170),
    (0xA789, 0xA78A, 170),
    (0xA78B, 0xA78E, 73),
    (0xA78F, 0xA78F, 73),
    (0xA790, 0xA7CD, 73),
    (0xA7D0, 0xA7D1, 73),
    (0xA7D3, 0xA7D3, 73),
    (0xA7D5, 0xA7DC, 73),
    (0xA7F2, 0xA7F4, 73),
    (0xA7F5, 0xA7F6, 73),
    (0xA7F7, 0xA7F7, 73),
    (0xA7F8, 0xA7F9, 73),
    (0xA7FA, 0xA7FA, 73),
    (0xA7FB, 0xA7FF, 73),
    (0xA800, 0xA801, 139),
    (0xA802, 0xA802, 139),
    (0xA803, 0xA805, 139),
    (0xA806, 0xA806, 139),
    (0xA807, 0xA80A, 139),
    (0xA80B, 0xA80B, 139),
    (0xA80C, 0xA822, 139),
    (0xA823, 0xA824, 139),
    (0xA825, 0xA826, 139),
    (0xA827, 0xA827, 139),
    (0xA828, 0xA82B, 139),
    (0xA82C, 0xA82C, 139),
    (0xA830, 0xA835, 170),
    (0xA836, 0xA837, 170),
    (0xA838, 0xA838, 170),
    (0xA839, 0xA839, 170),
    (0xA840, 0xA873, 115),
    (0xA874, 0xA877, 115),
    (0xA880, 0xA881, 126),
    (0xA882, 0xA8B3, 126),
    (0xA8B4, 0xA8C3, 126),
    (0xA8C4, 0xA8C5, 126),
    (0xA8CE, 0xA8CF, 126),
    (0xA8D0, 0xA8D9, 126),
    (0xA8E0, 0xA8F1, 28),
    (0xA8F2, 0xA8F7, 28),
    (0xA8F8, 0xA8FA, 28),
    (0xA8FB, 0xA8FB, 28),
    (0xA8FC, 0xA8FC, 28),
    (0xA8FD, 0xA8FE, 28),
    (0xA8FF, 0xA8FF, 28),
    (0xA900, 0xA909, 61),
    (0xA90A, 0xA925, 61),
    (0xA926, 0xA92D, 61),
    (0xA92E, 0xA92E, 170),
    (0xA92F, 0xA92F, 61),
    (0xA930, 0xA946, 121),
    (0xA947, 0xA951, 121),
    (0xA952, 0xA953, 121),
    (0xA95F, 0xA95F, 121),
    (0xA960, 0xA97C, 48),
    (0xA980, 0xA982, 60),
    (0xA983, 0xA983, 60),
    (0xA984, 0xA9B2, 60),
    (0xA9B3, 0xA9B3, 60),
    (0xA9B4, 0xA9B5, 60),
    (0xA9B6, 0xA9B9, 60),
    (0xA9BA, 0xA9BB, 60),
    (0xA9BC, 0xA9BD, 60),
    (0xA9BE, 0xA9C0, 60),
    (0xA9C1, 0xA9CD, 60),
    (0xA9CF, 0xA9CF, 170),
    (0xA9D0, 0xA9D9, 60),
    (0xA9DE, 0xA9DF, 60),
    (0xA9E0, 0xA9E4, 96),
    (0xA9E5, 0xA9E5, 96),
    (0xA9E6, 0xA9E6, 96),
    (0xA9E7, 0xA9EF, 96),
    (0xA9F0, 0xA9F9, 96),
    (0xA9FA, 0xA9FE, 96),
    (0xAA00, 0xAA28, 21),
    (0xAA29, 0xAA2E, 21),
    (0xAA2F, 0xAA30, 21),
    (0xAA31, 0xAA32, 21),
    (0xAA33, 0xAA34, 21),
    (0xAA35, 0xAA36, 21),
    (0xAA40, 0xAA42, 21),
    (0xAA43, 0xAA43, 21),
    (0xAA44, 0xAA4B, 21),
    (0xAA4C, 0xAA4C, 21),
    (0xAA4D, 0xAA4D, 21),
    (0xAA50, 0xAA59, 21),
    (0xAA5C, 0xAA5F, 21),
    (0xAA60, 0xAA6F, 96),
    (0xAA70, 0xAA70, 96),
    (0xAA71, 0xAA76, 96),
    (0xAA77, 0xAA79, 96),
    (0xAA7A, 0xAA7A, 96),
    (0xAA7B, 0xAA7B, 96),
    (0xAA7C, 0xAA7C, 96),
    (0xAA7D, 0xAA7D, 96),
    (0xAA7E, 0xAA7F, 96),
    (0xAA80, 0xAAAF, 147),
    (0xAAB0, 0xAAB0, 147),
    (0xAAB1, 0xAAB1, 147),
    (0xAAB2, 0xAAB4, 147),
    (0xAAB5, 0xAAB6, 147),
    (0xAAB7, 0xAAB8, 147),
    (0xAAB9, 0xAABD, 147),
    (0xAABE, 0xAABF, 147),
    (0xAAC0, 0xAAC0, 147),
    (0xAAC1, 0xAAC1, 147),
    (0xAAC2, 0xAAC2, 147),
    (0xAADB, 0xAADC, 147),
    (0xAADD, 0xAADD, 147),
    (0xAADE, 0xAADF, 147),
    (0xAAE0, 0xAAEA, 94),
    (0xAAEB, 0xAAEB, 94),
    (0xAAEC, 0xAAED, 94),
    (0xAAEE, 0xAAEF, 94),
    (0xAAF0, 0xAAF1, 94),
    (0xAAF2, 0xAAF2, 94),
    (0xAAF3, 0xAAF4, 94),
    (0xAAF5, 0xAAF5, 94),
    (0xAAF6, 0xAAF6, 94),
    (0xAB01, 0xAB06, 36),
    (0xAB09, 0xAB0E, 36),
    (0xAB11, 0xAB16, 36),
    (0xAB20, 0xAB26, 36),
    (0xAB28, 0xAB2E, 36),
    (0xAB30, 0xAB5A, 73),
    (0xAB5B, 0xAB5B, 170),
    (0xAB5C, 0xAB5F, 73),
    (0xAB60, 0xAB64, 73),
    (0xAB65, 0xAB65, 44),
    (0xAB66, 0xAB68, 73),
    (0xAB69, 0xAB69, 73),
    (0xAB6A, 0xAB6B, 170),
    (0xAB70, 0xABBF, 22),
    (0xABC0, 0xABE2, 94),
    (0xABE3, 0xABE4, 94),
    (0xABE5, 0xABE5, 94),
    (0xABE6, 0xABE7, 94),
    (0xABE8, 0xABE8, 94),
    (0xABE9, 0xABEA, 94),
    (0xABEB, 0xABEB, 94),
    (0xABEC, 0xABEC, 94),
    (0xABED, 0xABED, 94),
    (0xABF0, 0xABF9, 94),
    (0xAC00, 0xD7A3, 48),
    (0xD7B0, 0xD7C6, 48),
    (0xD7CB, 0xD7FB, 48),
    (0xF900, 0xFA6D, 49),
    (0xFA70, 0xFAD9, 49),
    (0xFB00, 0xFB06, 73),
    (0xFB13, 0xFB17, 5),
    (0xFB1D, 0xFB1D, 52),
    (0xFB1E, 0xFB1E, 52),
    (0xFB1F, 0xFB28, 52),
    (0xFB29, 0xFB29, 52),
    (0xFB2A, 0xFB36, 52),
    (0xFB38, 0xFB3C, 52),
    (0xFB3E, 0xFB3E, 52),
    (0xFB40, 0xFB41, 52),
    (0xFB43, 0xFB44, 52),
    (0xFB46, 0xFB4F, 52),
    (0xFB50, 0xFBB1, 3),
    (0xFBB2, 0xFBC2, 3),
    (0xFBD3, 0xFD3D, 3),
    (0xFD3E, 0xFD3E, 170),
    (0xFD3F, 0xFD3F, 170),
    (0xFD40, 0xFD4F, 3),
    (0xFD50, 0xFD8F, 3),
    (0xFD92, 0xFDC7, 3),
    (0xFDCF, 0xFDCF, 3),
    (0xFDF0, 0xFDFB, 3),
    (0xFDFC, 0xFDFC, 3),
    (0xFDFD, 0xFDFF, 3),
    (0xFE00, 0xFE0F, 169),
    (0xFE10, 0xFE16, 170),
    (0xFE17, 0xFE17, 170),
    (0xFE18, 0xFE18, 170),
    (0xFE19, 0xFE19, 170),
    (0xFE20, 0xFE2D, 169),
    (0xFE2E, 0xFE2F, 27),
    (0xFE30, 0xFE30, 170),
    (0xFE31, 0xFE32, 170),
    (0xFE33, 0xFE34, 170),
    (0xFE35, 0xFE35, 170),
    (0xFE36, 0xFE36, 170),
    (0xFE37, 0xFE37, 170),
    (0xFE38, 0xFE38, 170),
    (0xFE39, 0xFE39, 170),
    (0xFE3A, 0xFE3A, 170),
    (0xFE3B, 0xFE3B, 170),
    (0xFE3C, 0xFE3C, 170),
    (0xFE3D, 0xFE3D, 170),
    (0xFE3E, 0xFE3E, 170),
    (0xFE3F, 0xFE3F, 170),
    (0xFE40, 0xFE40, 170),
    (0xFE41, 0xFE41, 170),
    (0xFE42, 0xFE42, 170),
    (0xFE43, 0xFE43, 170),
    (0xFE44, 0xFE44, 170),
    (0xFE45, 0xFE46, 170),
    (0xFE47, 0xFE47, 170),
    (0xFE48, 0xFE48, 170),
    (0xFE49, 0xFE4C, 170),
    (0xFE4D, 0xFE4F, 170),
    (0xFE50, 0xFE52, 170),
    (0xFE54, 0xFE57, 170),
    (0xFE58, 0xFE58, 170),
    (0xFE59, 0xFE59, 170),
    (0xFE5A, 0xFE5A, 170),
    (0xFE5B, 0xFE5B, 170),
    (0xFE5C, 0xFE5C, 170),
    (0xFE5D, 0xFE5D, 170),
    (0xFE5E, 0xFE5E, 170),
    (0xFE5F, 0xFE61, 170),
    (0xFE62, 0xFE62, 170),
    (0xFE63, 0xFE63, 170),
    (0xFE64, 0xFE66, 170),
    (0xFE68, 0xFE68, 170),
    (0xFE69, 0xFE69, 170),
    (0xFE6A, 0xFE6B, 170),
    (0xFE70, 0xFE74, 3),
    (0xFE76, 0xFEFC, 3),
    (0xFEFF, 0xFEFF, 170),
    (0xFF01, 0xFF03, 170),
    (0xFF04, 0xFF04, 170),
    (0xFF05, 0xFF07, 170),
    (0xFF08, 0xFF08, 170),
    (0xFF09, 0xFF09, 170),
    (0xFF0A, 0xFF0A, 170),
    (0xFF0B, 0xFF0B, 170),
    (0xFF0C, 0xFF0C, 170),
    (0xFF0D, 0xFF0D, 170),
    (0xFF0E, 0xFF0F, 170),
    (0xFF10, 0xFF19, 170),
    (0xFF1A, 0xFF1B, 170),
    (0xFF1C, 0xFF1E, 170),
    (0xFF1F, 0xFF20, 170),
    (0xFF21, 0xFF3A, 73),
    (0xFF3B, 0xFF3B, 170),
    (0xFF3C, 0xFF3C, 170),
    (0xFF3D, 0xFF3D, 170),
    (0xFF3E, 0xFF3E, 170),
    (0xFF3F, 0xFF3F, 170),
    (0xFF40, 0xFF40, 170),
    (0xFF41, 0xFF5A, 73),
    (0xFF5B, 0xFF5B, 170),
    (0xFF5C, 0xFF5C, 170),
    (0xFF5D, 0xFF5D, 170),
    (0xFF5E, 0xFF5E, 170),
    (0xFF5F, 0xFF5F, 170),
    (0xFF60, 0xFF60, 170),
    (0xFF61, 0xFF61, 170),
    (0xFF62, 0xFF62, 170),
    (0xFF63, 0xFF63, 170),
    (0xFF64, 0xFF65, 170),
    (0xFF66, 0xFF6F, 62),
    (0xFF70, 0xFF70, 170),
    (0xFF71, 0xFF9D, 62),
    (0xFF9E, 0xFF9F, 170),
    (0xFFA0, 0xFFBE, 48),
    (0xFFC2, 0xFFC7, 48),
    (0xFFCA, 0xFFCF, 48),
    (0xFFD2, 0xFFD7, 48),
    (0xFFDA, 0xFFDC, 48),
    (0xFFE0, 0xFFE1, 170),
    (0xFFE2, 0xFFE2, 170),
    (0xFFE3, 0xFFE3, 170),
    (0xFFE4, 0xFFE4, 170),
    (0xFFE5, 0xFFE6, 170),
    (0xFFE8, 0xFFE8, 170),
    (0xFFE9, 0xFFEC, 170),
    (0xFFED, 0xFFEE, 170),
    (0xFFF9, 0xFFFB, 170),
    (0xFFFC, 0xFFFD, 170),
    (0x10000, 0x1000B, 77),
    (0x1000D, 0x10026, 77),
    (0x10028, 0x1003A, 77),
    (0x1003C, 0x1003D, 77),
    (0x1003F, 0x1004D, 77),
    (0x10050, 0x1005D, 77),
    (0x10080, 0x100FA, 77),
    (0x10100, 0x10102, 170),
    (0x10107, 0x10133, 170),
    (0x10137, 0x1013F, 170),
    (0x10140, 0x10174, 44),
    (0x10175, 0x10178, 44),
    (0x10179, 0x10189, 44),
    (0x1018A, 0x1018B, 44),
    (0x1018C, 0x1018E, 44),
    (0x10190, 0x1019C, 170),
    (0x101A0, 0x101A0, 44),
    (0x101D0, 0x101FC, 170),
    (0x101FD, 0x101FD, 169),
    (0x10280, 0x1029C, 79),
    (0x102A0, 0x102D0, 20),
    (0x102E0, 0x102E0, 169),
    (0x102E1, 0x102FB, 170),
    (0x10300, 0x1031F, 59),
    (0x10320, 0x10323, 59),
    (0x1032D, 0x1032F, 59),
    (0x10330, 0x10340, 42),
    (0x10341, 0x10341, 42),
    (0x10342, 0x10349, 42),
    (0x1034A, 0x1034A, 42),
    (0x10350, 0x10375, 114),
    (0x10376, 0x1037A, 114),
    (0x10380, 0x1039D, 159),
    (0x1039F, 0x1039F, 159),
    (0x103A0, 0x103C3, 164),
    (0x103C8, 0x103CF, 164),
    (0x103D0, 0x103D0, 164),
    (0x103D1, 0x103D5, 164),
    (0x10400, 0x1044F, 31),
    (0x10450, 0x1047F, 128),
    (0x10480, 0x1049D, 110),
    (0x104A0, 0x104A9, 110),
    (0x104B0, 0x104D3, 109),
    (0x104D8, 0x104FB, 109),
    (0x10500, 0x10527, 34),
    (0x10530, 0x10563, 1),
    (0x1056F, 0x1056F, 1),
    (0x10570, 0x1057A, 161),
    (0x1057C, 0x1058A, 161),
    (0x1058C, 0x10592, 161),
    (0x10594, 0x10595, 161),
    (0x10597, 0x105A1, 161),
    (0x105A3, 0x105B1, 161),
    (0x105B3, 0x105B9, 161),
    (0x105BB, 0x105BC, 161),
    (0x105C0, 0x105F3, 156),
    (0x10600, 0x10736, 76),
    (0x10740, 0x10755, 76),
    (0x10760, 0x10767, 76),
    (0x10780, 0x10785, 73),
    (0x10787, 0x107B0, 73),
    (0x107B2, 0x107BA, 73),
    (0x10800, 0x10805, 26),
    (0x10808, 0x10808, 26),
    (0x1080A, 0x10835, 26),
    (0x10837, 0x10838, 26),
    (0x1083C, 0x1083C, 26),
    (0x1083F, 0x1083F, 26),
    (0x10840, 0x10855, 4),
    (0x10857, 0x10857, 4),
    (0x10858, 0x1085F, 4),
    (0x10860, 0x10876, 112),
    (0x10877, 0x10878, 112),
    (0x10879, 0x1087F, 112),
    (0x10880, 0x1089E, 100),
    (0x108A7, 0x108AF, 100),
    (0x108E0, 0x108F2, 51),
    (0x108F4, 0x108F5, 51),
    (0x108FB, 0x108FF, 51),
    (0x10900, 0x10915, 118),
    (0x10916, 0x1091B, 118),
    (0x1091F, 0x1091F, 118),
    (0x10920, 0x10939, 80),
    (0x1093F, 0x1093F, 80),
    (0x10980, 0x1099F, 89),
    (0x109A0, 0x109B7, 88),
    (0x109BC, 0x109BD, 88),
    (0x109BE, 0x109BF, 88),
    (0x109C0, 0x109CF, 88),
    (0x109D2, 0x109FF, 88),
    (0x10A00, 0x10A00, 64),
    (0x10A01, 0x10A03, 64),
    (0x10A05, 0x10A06, 64),
    (0x10A0C, 0x10A0F, 64),
    (0x10A10, 0x10A13, 64),
    (0x10A15, 0x10A17, 64),
    (0x10A19, 0x10A35, 64),
    (0x10A38, 0x10A3A, 64),
    (0x10A3F, 0x10A3F, 64),
    (0x10A40, 0x10A48, 64),
    (0x10A50, 0x10A58, 64),
    (0x10A60, 0x10A7C, 125),
    (0x10A7D, 0x10A7E, 125),
    (0x10A7F, 0x10A7F, 125),
    (0x10A80, 0x10A9C, 99),
    (0x10A9D, 0x10A9F, 99),
    (0x10AC0, 0x10AC7, 84),
    (0x10AC8, 0x10AC8, 84),
    (0x10AC9, 0x10AE4, 84),
    (0x10AE5, 0x10AE6, 84),
    (0x10AEB, 0x10AEF, 84),
    (0x10AF0, 0x10AF6, 84),
    (0x10B00, 0x10B35, 6),
    (0x10B39, 0x10B3F, 6),
    (0x10B40, 0x10B55, 120),
    (0x10B58, 0x10B5F, 120),
    (0x10B60, 0x10B72, 116),
    (0x10B78, 0x10B7F, 116),
    (0x10B80, 0x10B91, 117),
    (0x10B99, 0x10B9C, 117),
    (0x10BA9, 0x10BAF, 117),
    (0x10C00, 0x10C48, 107),
    (0x10C80, 0x10CB2, 58),
    (0x10CC0, 0x10CF2, 58),
    (0x10CFA, 0x10CFF, 58),
    (0x10D00, 0x10D23, 122),
    (0x10D24, 0x10D27, 122),
    (0x10D30, 0x10D39, 122),
    (0x10D40, 0x10D49, 37),
    (0x10D4A, 0x10D4D, 37),
    (0x10D4E, 0x10D4E, 37),
    (0x10D4F, 0x10D4F, 37),
    (0x10D50, 0x10D65, 37),
    (0x10D69, 0x10D6D, 37),
    (0x10D6E, 0x10D6E, 37),
    (0x10D6F, 0x10D6F, 37),
    (0x10D70, 0x10D85, 37),
    (0x10D8E, 0x10D8F, 37),
    (0x10E60, 0x10E7E, 3),
    (0x10E80, 0x10EA9, 166),
    (0x10EAB, 0x10EAC, 166),
    (0x10EAD, 0x10EAD, 166),
    (0x10EB0, 0x10EB1, 166),
    (0x10EC2, 0x10EC4, 3),
    (0x10EFC, 0x10EFF, 3),
    (0x10F00, 0x10F1C, 134),
    (0x10F1D, 0x10F26, 134),
    (0x10F27, 0x10F27, 134),
    (0x10F30, 0x10F45, 133),
    (0x10F46, 0x10F50, 133),
    (0x10F51, 0x10F54, 133),
    (0x10F55, 0x10F59, 133),
    (0x10F70, 0x10F81, 111),
    (0x10F82, 0x10F85, 111),
    (0x10F86, 0x10F89, 111),
    (0x10FB0, 0x10FC4, 23),
    (0x10FC5, 0x10FCB, 23),
    (0x10FE0, 0x10FF6, 35),
    (0x11000, 0x11000, 14),
    (0x11001, 0x11001, 14),
    (0x11002, 0x11002, 14),
    (0x11003, 0x11037, 14),
    (0x11038, 0x11046, 14),
    (0x11047, 0x1104D, 14),
    (0x11052, 0x11065, 14),
    (0x11066, 0x1106F, 14),
    (0x11070, 0x11070, 14),
    (0x11071, 0x11072, 14),
    (0x11073, 0x11074, 14),
    (0x11075, 0x11075, 14),
    (0x1107F, 0x1107F, 14),
    (0x11080, 0x11081, 70),
    (0x11082, 0x11082, 70),
    (0x11083, 0x110AF, 70),
    (0x110B0, 0x110B2, 70),
    (0x110B3, 0x110B6, 70),
    (0x110B7, 0x110B8, 70),
    (0x110B9, 0x110BA, 70),
    (0x110BB, 0x110BC, 70),
    (0x110BD, 0x110BD, 70),
    (0x110BE, 0x110C1, 70),
    (0x110C2, 0x110C2, 70),
    (0x110CD, 0x110CD, 70),
    (0x110D0, 0x110E8, 135),
    (0x110F0, 0x110F9, 135),
    (0x11100, 0x11102, 18),
    (0x11103, 0x11126, 18),
    (0x11127, 0x1112B, 18),
    (0x1112C, 0x1112C, 18),
    (0x1112D, 0x11134, 18),
    (0x11136, 0x1113F, 18),
    (0x11140, 0x11143, 18),
    (0x11144, 0x11144, 18),
    (0x11145, 0x11146, 18),
    (0x11147, 0x11147, 18),
    (0x11150, 0x11172, 81),
    (0x11173, 0x11173, 81),
    (0x11174, 0x11175, 81),
    (0x11176, 0x11176, 81),
    (0x11180, 0x11181, 129),
    (0x11182, 0x11182, 129),
    (0x11183, 0x111B2, 129),
    (0x111B3, 0x111B5, 129),
    (0x111B6, 0x111BE, 129),
    (0x111BF, 0x111C0, 129),
    (0x111C1, 0x111C4, 129),
    (0x111C5, 0x111C8, 129),
    (0x111C9, 0x111CC, 129),
    (0x111CD, 0x111CD, 129),
    (0x111CE, 0x111CE, 129),
    (0x111CF, 0x111CF, 129),
    (0x111D0, 0x111D9, 129),
    (0x111DA, 0x111DA, 129),
    (0x111DB, 0x111DB, 129),
    (0x111DC, 0x111DC, 129),
    (0x111DD, 0x111DF, 129),
    (0x111E1, 0x111F4, 132),
    (0x11200, 0x11211, 66),
    (0x11213, 0x1122B, 66),
    (0x1122C, 0x1122E, 66),
    (0x1122F, 0x11231, 66),
    (0x11232, 0x11233, 66),
    (0x11234, 0x11234, 66),
    (0x11235, 0x11235, 66),
    (0x11236, 0x11237, 66),
    (0x11238, 0x1123D, 66),
    (0x1123E, 0x1123E, 66),
    (0x1123F, 0x11240, 66),
    (0x11241, 0x11241, 66),
    (0x11280, 0x11286, 95),
    (0x11288, 0x11288, 95),
    (0x1128A, 0x1128D, 95),
    (0x1128F, 0x1129D, 95),
    (0x1129F, 0x112A8, 95),
    (0x112A9, 0x112A9, 95),
    (0x112B0, 0x112DE, 131),
    (0x112DF, 0x112DF, 131),
    (0x112E0, 0x112E2, 131),
    (0x112E3, 0x112EA, 131),
    (0x112F0, 0x112F9, 131),
    (0x11300, 0x11301, 43),
    (0x11302, 0x11303, 43),
    (0x11305, 0x1130C, 43),
    (0x1130F, 0x11310, 43),
    (0x11313, 0x11328, 43),
    (0x1132A, 0x11330, 43),
    (0x11332, 0x11333, 43),
    (0x11335, 0x11339, 43),
    (0x1133B, 0x1133B, 169),
    (0x1133C, 0x1133C, 43),
    (0x1133D, 0x1133D, 43),
    (0x1133E, 0x1133F, 43),
    (0x11340, 0x11340, 43),
    (0x11341, 0x11344, 43),
    (0x11347, 0x11348, 43),
    (0x1134B, 0x1134D, 43),
    (0x11350, 0x11350, 43),
    (0x11357, 0x11357, 43),
    (0x1135D, 0x11361, 43),
    (0x11362, 0x11363, 43),
    (0x11366, 0x1136C, 43),
    (0x11370, 0x11374, 43),
    (0x11380, 0x11389, 158),
    (0x1138B, 0x1138B, 158),
    (0x1138E, 0x1138E, 158),
    (0x11390, 0x113B5, 158),
    (0x113B7, 0x113B7, 158),
    (0x113B8, 0x113BA, 158),
    (0x113BB, 0x113C0, 158),
    (0x113C2, 0x113C2, 158),
    (0x113C5, 0x113C5, 158),
    (0x113C7, 0x113CA, 158),
    (0x113CC, 0x113CD, 158),
    (0x113CE, 0x113CE, 158),
    (0x113CF, 0x113CF, 158),
    (0x113D0, 0x113D0, 158),
    (0x113D1, 0x113D1, 158),
    (0x113D2, 0x113D2, 158),
    (0x113D3, 0x113D3, 158),
    (0x113D4, 0x113D5, 158),
    (0x113D7, 0x113D8, 158),
    (0x113E1, 0x113E2, 158),
    (0x11400, 0x11434, 101),
    (0x11435, 0x11437, 101),
    (0x11438, 0x1143F, 101),
    (0x11440, 0x11441, 101),
    (0x11442, 0x11444, 101),
    (0x11445, 0x11445, 101),
    (0x11446, 0x11446, 101),
    (0x11447, 0x1144A, 101),
    (0x1144B, 0x1144F, 101),
    (0x11450, 0x11459, 101),
    (0x1145A, 0x1145B, 101),
    (0x1145D, 0x1145D, 101),
    (0x1145E, 0x1145E, 101),
    (0x1145F, 0x11461, 101),
    (0x11480, 0x114AF, 154),
    (0x114B0, 0x114B2, 154),
    (0x114B3, 0x114B8, 154),
    (0x114B9, 0x114B9, 154),
    (0x114BA, 0x114BA, 154),
    (0x114BB, 0x114BE, 154),
    (0x114BF, 0x114C0, 154),
    (0x114C1, 0x114C1, 154),
    (0x114C2, 0x114C3, 154),
    (0x114C4, 0x114C5, 154),
    (0x114C6, 0x114C6, 154),
    (0x114C7, 0x114C7, 154),
    (0x114D0, 0x114D9, 154),
    (0x11580, 0x115AE, 130),
    (0x115AF, 0x115B1, 130),
    (0x115B2, 0x115B5, 130),
    (0x115B8, 0x115BB, 130),
    (0x115BC, 0x115BD, 130),
    (0x115BE, 0x115BE, 130),
    (0x115BF, 0x115C0, 130),
    (0x115C1, 0x115D7, 130),
    (0x115D8, 0x115DB, 130),
    (0x115DC, 0x115DD, 130),
    (0x11600, 0x1162F, 91),
    (0x11630, 0x11632, 91),
    (0x11633, 0x1163A, 91),
    (0x1163B, 0x1163C, 91),
    (0x1163D, 0x1163D, 91),
    (0x1163E, 0x1163E, 91),
    (0x1163F, 0x11640, 91),
    (0x11641, 0x11643, 91),
    (0x11644, 0x11644, 91),
    (0x11650, 0x11659, 91),
    (0x11660, 0x1166C, 92),
    (0x11680, 0x116AA, 142),
    (0x116AB, 0x116AB, 142),
    (0x116AC, 0x116AC, 142),
    (0x116AD, 0x116AD, 142),
    (0x116AE, 0x116AF, 142),
    (0x116B0, 0x116B5, 142),
    (0x116B6, 0x116B6, 142),
    (0x116B7, 0x116B7, 142),
    (0x116B8, 0x116B8, 142),
    (0x116B9, 0x116B9, 142),
    (0x116C0, 0x116C9, 142),
    (0x116D0, 0x116E3, 96),
    (0x11700, 0x1171A, 2),
    (0x1171D, 0x1171D, 2),
    (0x1171E, 0x1171E, 2),
    (0x1171F, 0x1171F, 2),
    (0x11720, 0x11721, 2),
    (0x11722, 0x11725, 2),
    (0x11726, 0x11726, 2),
    (0x11727, 0x1172B, 2),
    (0x11730, 0x11739, 2),
    (0x1173A, 0x1173B, 2),
    (0x1173C, 0x1173E, 2),
    (0x1173F, 0x1173F, 2),
    (0x11740, 0x11746, 2),
    (0x11800, 0x1182B, 30),
    (0x1182C, 0x1182E, 30),
    (0x1182F, 0x11837, 30),
    (0x11838, 0x11838, 30),
    (0x11839, 0x1183A, 30),
    (0x1183B, 0x1183B, 30),
    (0x118A0, 0x118DF, 162),
    (0x118E0, 0x118E9, 162),
    (0x118EA, 0x118F2, 162),
    (0x118FF, 0x118FF, 162),
    (0x11900, 0x11906, 29),
    (0x11909, 0x11909, 29),
    (0x1190C, 0x11913, 29),
    (0x11915, 0x11916, 29),
    (0x11918, 0x1192F, 29),
    (0x11930, 0x11935, 29),
    (0x11937, 0x11938, 29),
    (0x1193B, 0x1193C, 29),
    (0x1193D, 0x1193D, 29),
    (0x1193E, 0x1193E, 29),
    (0x1193F, 0x1193F, 29),
    (0x11940, 0x11940, 29),
    (0x11941, 0x11941, 29),
    (0x11942, 0x11942, 29),
    (0x11943, 0x11943, 29),
    (0x11944, 0x11946, 29),
    (0x11950, 0x11959, 29),
    (0x119A0, 0x119A7, 98),
    (0x119AA, 0x119D0, 98),
    (0x119D1, 0x119D3, 98),
    (0x119D4, 0x119D7, 98),
    (0x119DA, 0x119DB, 98),
    (0x119DC, 0x119DF, 98),
    (0x119E0, 0x119E0, 98),
    (0x119E1, 0x119E1, 98),
    (0x119E2, 0x119E2, 98),
    (0x119E3, 0x119E3, 98),
    (0x119E4, 0x119E4, 98),
    (0x11A00, 0x11A00, 168),
    (0x11A01, 0x11A0A, 168),
    (0x11A0B, 0x11A32, 168),
    (0x11A33, 0x11A38, 168),
    (0x11A39, 0x11A39, 168),
    (0x11A3A, 0x11A3A, 168),
    (0x11A3B, 0x11A3E, 168),
    (0x11A3F, 0x11A46, 168),
    (0x11A47, 0x11A47, 168),
    (0x11A50, 0x11A50, 136),
    (0x11A51, 0x11A56, 136),
    (0x11A57, 0x11A58, 136),
    (0x11A59, 0x11A5B, 136),
    (0x11A5C, 0x11A89, 136),
    (0x11A8A, 0x11A96, 136),
    (0x11A97, 0x11A97, 136),
    (0x11A98, 0x11A99, 136),
    (0x11A9A, 0x11A9C, 136),
    (0x11A9D, 0x11A9D, 136),
    (0x11A9E, 0x11AA2, 136),
    (0x11AB0, 0x11ABF, 19),
    (0x11AC0, 0x11AF8, 113),
    (0x11B00, 0x11B09, 28),
    (0x11BC0, 0x11BE0, 138),
    (0x11BE1, 0x11BE1, 138),
    (0x11BF0, 0x11BF9, 138),
    (0x11C00, 0x11C08, 12),
    (0x11C0A, 0x11C2E, 12),
    (0x11C2F, 0x11C2F, 12),
    (0x11C30, 0x11C36, 12),
    (0x11C38, 0x11C3D, 12),
    (0x11C3E, 0x11C3E, 12),
    (0x11C3F, 0x11C3F, 12),
    (0x11C40, 0x11C40, 12),
    (0x11C41, 0x11C45, 12),
    (0x11C50, 0x11C59, 12),
    (0x11C5A, 0x11C6C, 12),
    (0x11C70, 0x11C71, 85),
    (0x11C72, 0x11C8F, 85),
    (0x11C92, 0x11CA7, 85),
    (0x11CA9, 0x11CA9, 85),
    (0x11CAA, 0x11CB0, 85),
    (0x11CB1, 0x11CB1, 85),
    (0x11CB2, 0x11CB3, 85),
    (0x11CB4, 0x11CB4, 85),
    (0x11CB5, 0x11CB6, 85),
    (0x11D00, 0x11D06, 41),
    (0x11D08, 0x11D09, 41),
    (0x11D0B, 0x11D30, 41),
    (0x11D31, 0x11D36, 41),
    (0x11D3A, 0x11D3A, 41),
    (0x11D3C, 0x11D3D, 41),
    (0x11D3F, 0x11D45, 41),
    (0x11D46, 0x11D46, 41),
    (0x11D47, 0x11D47, 41),
    (0x11D50, 0x11D59, 41),
    (0x11D60, 0x11D65, 40),
    (0x11D67, 0x11D68, 40),
    (0x11D6A, 0x11D89, 40),
    (0x11D8A, 0x11D8E, 40),
    (0x11D90, 0x11D91, 40),
    (0x11D93, 0x11D94, 40),
    (0x11D95, 0x11D95, 40),
    (0x11D96, 0x11D96, 40),
    (0x11D97, 0x11D97, 40),
    (0x11D98, 0x11D98, 40),
    (0x11DA0, 0x11DA9, 40),
    (0x11EE0, 0x11EF2, 82),
    (0x11EF3, 0x11EF4, 82),
    (0x11EF5, 0x11EF6, 82),
    (0x11EF7, 0x11EF8, 82),
    (0x11F00, 0x11F01, 63),
    (0x11F02, 0x11F02, 63),
    (0x11F03, 0x11F03, 63),
    (0x11F04, 0x11F10, 63),
    (0x11F12, 0x11F33, 63),
    (0x11F34, 0x11F35, 63),
    (0x11F36, 0x11F3A, 63),
    (0x11F3E, 0x11F3F, 63),
    (0x11F40, 0x11F40, 63),
    (0x11F41, 0x11F41, 63),
    (0x11F42, 0x11F42, 63),
    (0x11F43, 0x11F4F, 63),
    (0x11F50, 0x11F59, 63),
    (0x11F5A, 0x11F5A, 63),
    (0x11FB0, 0x11FB0, 78),
    (0x11FC0, 0x11FD4, 145),
    (0x11FD5, 0x11FDC, 145),
    (0x11FDD, 0x11FE0, 145),
    (0x11FE1, 0x11FF1, 145),
    (0x11FFF, 0x11FFF, 145),
    (0x12000, 0x12399, 165),
    (0x12400, 0x1246E, 165),
    (0x12470, 0x12474, 165),
    (0x12480, 0x12543, 165),
    (0x12F90, 0x12FF0, 25),
    (0x12FF1, 0x12FF2, 25),
    (0x13000, 0x1342F, 33),
    (0x13430, 0x1343F, 33),
    (0x13440, 0x13440, 33),
    (0x13441, 0x13446, 33),
    (0x13447, 0x13455, 33),
    (0x13460, 0x143FA, 33),
    (0x14400, 0x14646, 54),
    (0x16100, 0x1611D, 46),
    (0x1611E, 0x16129, 46),
    (0x1612A, 0x1612C, 46),
    (0x1612D, 0x1612F, 46),
    (0x16130, 0x16139, 46),
    (0x16800, 0x16A38, 8),
    (0x16A40, 0x16A5E, 93),
    (0x16A60, 0x16A69, 93),
    (0x16A6E, 0x16A6F, 93),
    (0x16A70, 0x16ABE, 155),
    (0x16AC0, 0x16AC9, 155),
    (0x16AD0, 0x16AED, 9),
    (0x16AF0, 0x16AF4, 9),
    (0x16AF5, 0x16AF5, 9),
    (0x16B00, 0x16B2F, 55),
    (0x16B30, 0x16B36, 55),
    (0x16B37, 0x16B3B, 55),
    (0x16B3C, 0x16B3F, 55),
    (0x16B40, 0x16B43, 55),
    (0x16B44, 0x16B44, 55),
    (0x16B45, 0x16B45, 55),
    (0x16B50, 0x16B59, 55),
    (0x16B5B, 0x16B61, 55),
    (0x16B63, 0x16B77, 55),
    (0x16B7D, 0x16B8F, 55),
    (0x16D40, 0x16D42, 69),
    (0x16D43, 0x16D6A, 69),
    (0x16D6B, 0x16D6C, 69),
    (0x16D6D, 0x16D6F, 69),
    (0x16D70, 0x16D79, 69),
    (0x16E40, 0x16E7F, 86),
    (0x16E80, 0x16E96, 86),
    (0x16E97, 0x16E9A, 86),
    (0x16F00, 0x16F4A, 119),
    (0x16F4F, 0x16F4F, 119),
    (0x16F50, 0x16F50, 119),
    (0x16F51, 0x16F87, 119),
    (0x16F8F, 0x16F92, 119),
    (0x16F93, 0x16F9F, 119),
    (0x16FE0, 0x16FE0, 146),
    (0x16FE1, 0x16FE1, 103),
    (0x16FE2, 0x16FE2, 49),
    (0x16FE3, 0x16FE3, 49),
    (0x16FE4, 0x16FE4, 67),
    (0x16FF0, 0x16FF1, 49),
    (0x17000, 0x187F7, 146),
    (0x18800, 0x18AFF, 146),
    (0x18B00, 0x18CD5, 67),
    (0x18CFF, 0x18CFF, 67),
    (0x18D00, 0x18D08, 146),
    (0x1AFF0, 0x1AFF3, 62),
    (0x1AFF5, 0x1AFFB, 62),
    (0x1AFFD, 0x1AFFE, 62),
    (0x1B000, 0x1B000, 62),
    (0x1B001, 0x1B11F, 53),
    (0x1B120, 0x1B122, 62),
    (0x1B132, 0x1B132, 53),
    (0x1B150, 0x1B152, 53),
    (0x1B155, 0x1B155, 62),
    (0x1B164, 0x1B167, 62),
    (0x1B170, 0x1B2FB, 103),
    (0x1BC00, 0x1BC6A, 32),
    (0x1BC70, 0x1BC7C, 32),
    (0x1BC80, 0x1BC88, 32),
    (0x1BC90, 0x1BC99, 32),
    (0x1BC9C, 0x1BC9C, 32),
    (0x1BC9D, 0x1BC9E, 32),
    (0x1BC9F, 0x1BC9F, 32),
    (0x1BCA0, 0x1BCA3, 170),
    (0x1CC00, 0x1CCEF, 170),
    (0x1CCF0, 0x1CCF9, 170),
    (0x1CD00, 0x1CEB3, 170),
    (0x1CF00, 0x1CF2D, 169),
    (0x1CF30, 0x1CF46, 169),
    (0x1CF50, 0x1CFC3, 170),
    (0x1D000, 0x1D0F5, 170),
    (0x1D100, 0x1D126, 170),
    (0x1D129, 0x1D164, 170),
    (0x1D165, 0x1D166, 170),
    (0x1D167, 0x1D169, 169),
    (0x1D16A, 0x1D16C, 170),
    (0x1D16D, 0x1D172, 170),
    (0x1D173, 0x1D17A, 170),
    (0x1D17B, 0x1D182, 169),
    (0x1D183, 0x1D184, 170),
    (0x1D185, 0x1D18B, 169),
    (0x1D18C, 0x1D1A9, 170),
    (0x1D1AA, 0x1D1AD, 169),
    (0x1D1AE, 0x1D1EA, 170),
    (0x1D200, 0x1D241, 44),
    (0x1D242, 0x1D244, 44),
    (0x1D245, 0x1D245, 44),
    (0x1D2C0, 0x1D2D3, 170),
    (0x1D2E0, 0x1D2F3, 170),
    (0x1D300, 0x1D356, 170),
    (0x1D360, 0x1D378, 170),
    (0x1D400, 0x1D454, 170),
    (0x1D456, 0x1D49C, 170),
    (0x1D49E, 0x1D49F, 170),
    (0x1D4A2, 0x1D4A2, 170),
    (0x1D4A5, 0x1D4A6, 170),
    (0x1D4A9, 0x1D4AC, 170),
    (0x1D4AE, 0x1D4B9, 170),
    (0x1D4BB, 0x1D4BB, 170),
    (0x1D4BD, 0x1D4C3, 170),
    (0x1D4C5, 0x1D505, 170),
    (0x1D507, 0x1D50A, 170),
    (0x1D50D, 0x1D514, 170),
    (0x1D516, 0x1D51C, 170),
    (0x1D51E, 0x1D539, 170),
    (0x1D53B, 0x1D53E, 170),
    (0x1D540, 0x1D544, 170),
    (0x1D546, 0x1D546, 170),
    (0x1D54A, 0x1D550, 170),
    (0x1D552, 0x1D6A5, 170),
    (0x1D6A8, 0x1D6C0, 170),
    (0x1D6C1, 0x1D6C1, 170),
    (0x1D6C2, 0x1D6DA, 170),
    (0x1D6DB, 0x1D6DB, 170),
    (0x1D6DC, 0x1D6FA, 170),
    (0x1D6FB, 0x1D6FB, 170),
    (0x1D6FC, 0x1D714, 170),
    (0x1D715, 0x1D715, 170),
    (0x1D716, 0x1D734, 170),
    (0x1D735, 0x1D735, 170),
    (0x1D736, 0x1D74E, 170),
    (0x1D74F, 0x1D74F, 170),
    (0x1D750, 0x1D76E, 170),
    (0x1D76F, 0x1D76F, 170),
    (0x1D770, 0x1D788, 170),
    (0x1D789, 0x1D789, 170),
    (0x1D78A, 0x1D7A8, 170),
    (0x1D7A9, 0x1D7A9, 170),
    (0x1D7AA, 0x1D7C2, 170),
    (0x1D7C3, 0x1D7C3, 170),
    (0x1D7C4, 0x1D7CB, 170),
    (0x1D7CE, 0x1D7FF, 170),
    (0x1D800, 0x1D9FF, 127),
    (0x1DA00, 0x1DA36, 127),
    (0x1DA37, 0x1DA3A, 127),
    (0x1DA3B, 0x1DA6C, 127),
    (0x1DA6D, 0x1DA74, 127),
    (0x1DA75, 0x1DA75, 127),
    (0x1DA76, 0x1DA83, 127),
    (0x1DA84, 0x1DA84, 127),
    (0x1DA85, 0x1DA86, 127),
    (0x1DA87, 0x1DA8B, 127),
    (0x1DA9B, 0x1DA9F, 127),
    (0x1DAA1, 0x1DAAF, 127),
    (0x1DF00, 0x1DF09, 73),
    (0x1DF0A, 0x1DF0A, 73),
    (0x1DF0B, 0x1DF1E, 73),
    (0x1DF25, 0x1DF2A, 73),
    (0x1E000, 0x1E006, 39),
    (0x1E008, 0x1E018, 39),
    (0x1E01B, 0x1E021, 39),
    (0x1E023, 0x1E024, 39),
    (0x1E026, 0x1E02A, 39),
    (0x1E030, 0x1E06D, 27),
    (0x1E08F, 0x1E08F, 27),
    (0x1E100, 0x1E12C, 56),
    (0x1E130, 0x1E136, 56),
    (0x1E137, 0x1E13D, 56),
    (0x1E140, 0x1E149, 56),
    (0x1E14E, 0x1E14E, 56),
    (0x1E14F, 0x1E14F, 56),
    (0x1E290, 0x1E2AD, 157),
    (0x1E2AE, 0x1E2AE, 157),
    (0x1E2C0, 0x1E2EB, 163),
    (0x1E2EC, 0x1E2EF, 163),
    (0x1E2F0, 0x1E2F9, 163),
    (0x1E2FF, 0x1E2FF, 163),
    (0x1E4D0, 0x1E4EA, 97),
    (0x1E4EB, 0x1E4EB, 97),
    (0x1E4EC, 0x1E4EF, 97),
    (0x1E4F0, 0x1E4F9, 97),
    (0x1E5D0, 0x1E5ED, 106),
    (0x1E5EE, 0x1E5EF, 106),
    (0x1E5F0, 0x1E5F0, 106),
    (0x1E5F1, 0x1E5FA, 106),
    (0x1E5FF, 0x1E5FF, 106),
    (0x1E7E0, 0x1E7E6, 36),
    (0x1E7E8, 0x1E7EB, 36),
    (0x1E7ED, 0x1E7EE, 36),
    (0x1E7F0, 0x1E7FE, 36),
    (0x1E800, 0x1E8C4, 87),
    (0x1E8C7, 0x1E8CF, 87),
    (0x1E8D0, 0x1E8D6, 87),
    (0x1E900, 0x1E943, 0),
    (0x1E944, 0x1E94A, 0),
    (0x1E94B, 0x1E94B, 0),
    (0x1E950, 0x1E959, 0),
    (0x1E95E, 0x1E95F, 0),
    (0x1EC71, 0x1ECAB, 170),
    (0x1ECAC, 0x1ECAC, 170),
    (0x1ECAD, 0x1ECAF, 170),
    (0x1ECB0, 0x1ECB0, 170),
    (0x1ECB1, 0x1ECB4, 170),
    (0x1ED01, 0x1ED2D, 170),
    (0x1ED2E, 0x1ED2E, 170),
    (0x1ED2F, 0x1ED3D, 170),
    (0x1EE00, 0x1EE03, 3),
    (0x1EE05, 0x1EE1F, 3),
    (0x1EE21, 0x1EE22, 3),
    (0x1EE24, 0x1EE24, 3),
    (0x1EE27, 0x1EE27, 3),
    (0x1EE29, 0x1EE32, 3),
    (0x1EE34, 0x1EE37, 3),
    (0x1EE39, 0x1EE39, 3),
    (0x1EE3B, 0x1EE3B, 3),
    (0x1EE42, 0x1EE42, 3),
    (0x1EE47, 0x1EE47, 3),
    (0x1EE49, 0x1EE49, 3),
    (0x1EE4B, 0x1EE4B, 3),
    (0x1EE4D, 0x1EE4F, 3),
    (0x1EE51, 0x1EE52, 3),
    (0x1EE54, 0x1EE54, 3),
    (0x1EE57, 0x1EE57, 3),
    (0x1EE59, 0x1EE59, 3),
    (0x1EE5B, 0x1EE5B, 3),
    (0x1EE5D, 0x1EE5D, 3),
    (0x1EE5F, 0x1EE5F, 3),
    (0x1EE61, 0x1EE62, 3),
    (0x1EE64, 0x1EE64, 3),
    (0x1EE67, 0x1EE6A, 3),
    (0x1EE6C, 0x1EE72, 3),
    (0x1EE74, 0x1EE77, 3),
    (0x1EE79, 0x1EE7C, 3),
    (0x1EE7E, 0x1EE7E, 3),
    (0x1EE80, 0x1EE89, 3),
    (0x1EE8B, 0x1EE9B, 3),
    (0x1EEA1, 0x1EEA3, 3),
    (0x1EEA5, 0x1EEA9, 3),
    (0x1EEAB, 0x1EEBB, 3),
    (0x1EEF0, 0x1EEF1, 3),
    (0x1F000, 0x1F02B, 170),
    (0x1F030, 0x1F093, 170),
    (0x1F0A0, 0x1F0AE, 170),
    (0x1F0B1, 0x1F0BF, 170),
    (0x1F0C1, 0x1F0CF, 170),
    (0x1F0D1, 0x1F0F5, 170),
    (0x1F100, 0x1F10C, 170),
    (0x1F10D, 0x1F1AD, 170),
    (0x1F1E6, 0x1F1FF, 170),
    (0x1F200, 0x1F200, 53),
    (0x1F201, 0x1F202, 170),
    (0x1F210, 0x1F23B, 170),
    (0x1F240, 0x1F248, 170),
    (0x1F250, 0x1F251, 170),
    (0x1F260, 0x1F265, 170),
    (0x1F300, 0x1F3FA, 170),
    (0x1F3FB, 0x1F3FF, 170),
    (0x1F400, 0x1F6D7, 170),
    (0x1F6DC, 0x1F6EC, 170),
    (0x1F6F0, 0x1F6FC, 170),
    (0x1F700, 0x1F776, 170),
    (0x1F77B, 0x1F7D9, 170),
    (0x1F7E0, 0x1F7EB, 170),
    (0x1F7F0, 0x1F7F0, 170),
    (0x1F800, 0x1F80B, 170),
    (0x1F810, 0x1F847, 170),
    (0x1F850, 0x1F859, 170),
    (0x1F860, 0x1F887, 170),
    (0x1F890, 0x1F8AD, 170),
    (0x1F8B0, 0x1F8BB, 170),
    (0x1F8C0, 0x1F8C1, 170),
    (0x1F900, 0x1FA53, 170),
    (0x1FA60, 0x1FA6D, 170),
    (0x1FA70, 0x1FA7C, 170),
    (0x1FA80, 0x1FA89, 170),
    (0x1FA8F, 0x1FAC6, 170),
    (0x1FACE, 0x1FADC, 170),
    (0x1FADF, 0x1FAE9, 170),
    (0x1FAF0, 0x1FAF8, 170),
    (0x1FB00, 0x1FB92, 170),
    (0x1FB94, 0x1FBEF, 170),
    (0x1FBF0, 0x1FBF9, 170),
    (0x20000, 0x2A6DF, 49),
    (0x2A700, 0x2B739, 49),
    (0x2B740, 0x2B81D, 49),
    (0x2B820, 0x2CEA1, 49),
    (0x2CEB0, 0x2EBE0, 49),
    (0x2EBF0, 0x2EE5D, 49),
    (0x2F800, 0x2FA1D, 49),
    (0x30000, 0x3134A, 49),
    (0x31350, 0x323AF, 49),
    (0xE0001, 0xE0001, 170),
    (0xE0020, 0xE007F, 170),
    (0xE0100, 0xE01EF, 169),
];

pub(crate) const SCRIPT_EXTENSIONS: &[(u32, u32, &[u16])] = &[
    (0xB7, 0xB7, &[6, 20, 24, 32, 34, 38, 39, 40, 42, 44, 49, 73, 80, 81, 114, 128]),
    (0x2BC, 0x2BC, &[11, 27, 28, 73, 78, 152, 157]),
    (0x2C7, 0x2C7, &[13, 73]),
    (0x2C9, 0x2CB, &[13, 73]),
    (0x2CD, 0x2CD, &[73, 78]),
    (0x2D7, 0x2D7, &[73, 152]),
    (0x2D9, 0x2D9, &[13, 73]),
    (0x300, 0x300, &[22, 24, 27, 44, 73, 114, 138, 143]),
    (0x301, 0x301, &[22, 27, 44, 73, 109, 138, 143, 156]),
    (0x302, 0x302, &[22, 27, 73, 149]),
    (0x303, 0x303, &[39, 73, 138, 140, 152]),
    (0x304, 0x304, &[1, 22, 24, 27, 42, 44, 73, 109, 140, 149, 156]),
    (0x305, 0x305, &[24, 34, 39, 42, 62, 73]),
    (0x306, 0x306, &[27, 44, 73, 114]),
    (0x307, 0x307, &[24, 32, 52, 73, 114, 140, 143, 149, 156]),
    (0x308, 0x308, &[5, 27, 32, 42, 44, 52, 73, 114, 140, 143]),
    (0x309, 0x309, &[73, 149]),
    (0x30A, 0x30A, &[32, 73, 140]),
    (0x30B, 0x30B, &[22, 27, 73, 109]),
    (0x30C, 0x30C, &[22, 73, 143]),
    (0x30D, 0x30D, &[73, 138]),
    (0x30E, 0x30E, &[36, 73]),
    (0x310, 0x310, &[73, 138]),
    (0x311, 0x311, &[27, 73, 156]),
    (0x313, 0x313, &[44, 73, 114, 156]),
    (0x320, 0x320, &[73, 140]),
    (0x323, 0x323, &[22, 32, 62, 73, 140]),
    (0x324, 0x324, &[22, 32, 73, 140]),
    (0x325, 0x325, &[73, 140]),
    (0x32D, 0x32D, &[73, 138, 140]),
    (0x32E, 0x32E, &[73, 140]),
    (0x330, 0x330, &[22, 73, 140]),
    (0x331, 0x331, &[1, 22, 42, 73, 138, 152]),
    (0x342, 0x342, &[44]),
    (0x345, 0x345, &[44]),
    (0x358, 0x358, &[73, 109]),
    (0x35E, 0x35E, &[1, 73, 156]),
    (0x363, 0x36F, &[73]),
    (0x374, 0x374, &[24, 44]),
    (0x375, 0x375, &[24, 44]),
    (0x483, 0x483, &[27, 114]),
    (0x484, 0x484, &[27, 39]),
    (0x485, 0x486, &[27, 73]),
    (0x487, 0x487, &[27, 39]),
    (0x589, 0x589, &[5, 38, 39]),
    (0x60C, 0x60C, &[3, 37, 102, 122, 140, 151, 166]),
    (0x61B, 0x61B, &[3, 37, 102, 122, 140, 151, 166]),
    (0x61C, 0x61C, &[3, 140, 151]),
    (0x61F, 0x61F, &[0, 3, 37, 102, 122, 140, 151, 166]),
    (0x640, 0x640, &[0, 3, 83, 84, 111, 117, 122, 133, 140]),
    (0x64B, 0x655, &[3, 140]),
    (0x660, 0x669, &[3, 151, 166]),
    (0x670, 0x670, &[3, 140]),
    (0x6D4, 0x6D4, &[3, 122]),
    (0x951, 0x951, &[11, 28, 43, 45, 47, 68, 73, 90, 108, 129, 145, 148, 154]),
    (0x952, 0x952, &[11, 28, 43, 45, 47, 68, 73, 90, 108, 145, 148, 154]),
    (0x964, 0x964, &[11, 28, 30, 40, 41, 43, 45, 47, 68, 81, 90, 98, 106, 108, 131, 132, 139, 142, 145, 148, 154]),
    (0x965, 0x965, &[11, 28, 30, 40, 41, 43, 45, 46, 47, 68, 75, 81, 90, 98, 106, 108, 131, 132, 139, 142, 145, 148, 154]),
    (0x966, 0x96F, &[28, 30, 70, 81]),
    (0x9E6, 0x9EF, &[11, 18, 139]),
    (0xA66, 0xA6F, &[47, 95]),
    (0xAE6, 0xAEF, &[45, 66]),
    (0xBE6, 0xBEF, &[43, 145]),
    (0xBF0, 0xBF2, &[43, 145]),
    (0xBF3, 0xBF3, &[43, 145]),
    (0xCE6, 0xCEF, &[68, 98, 158]),
    (0x1040, 0x1049, &[18, 96, 143]),
    (0x10FB, 0x10FB, &[38, 39, 73]),
    (0x16EB, 0x16ED, &[123]),
    (0x1735, 0x1736, &[17, 50, 141, 150]),
    (0x1802, 0x1803, &[92, 115]),
    (0x1805, 0x1805, &[92, 115]),
    (0x1CD0, 0x1CD0, &[11, 28, 43, 68]),
    (0x1CD1, 0x1CD1, &[28]),
    (0x1CD2, 0x1CD2, &[11, 28, 43, 68]),
    (0x1CD3, 0x1CD3, &[28, 43, 68]),
    (0x1CD4, 0x1CD4, &[28]),
    (0x1CD5, 0x1CD6, &[11, 28]),
    (0x1CD7, 0x1CD7, &[28, 129]),
    (0x1CD8, 0x1CD8, &[11, 28]),
    (0x1CD9, 0x1CD9, &[28, 129]),
    (0x1CDA, 0x1CDA, &[28, 68, 90, 108, 145, 148]),
    (0x1CDB, 0x1CDB, &[28]),
    (0x1CDC, 0x1CDD, &[28, 129]),
    (0x1CDE, 0x1CDF, &[28]),
    (0x1CE0, 0x1CE0, &[28, 129]),
    (0x1CE1, 0x1CE1, &[11, 28]),
    (0x1CE2, 0x1CE8, &[28]),
    (0x1CE9, 0x1CE9, &[28, 98]),
    (0x1CEA, 0x1CEA, &[11, 28]),
    (0x1CEB, 0x1CEC, &[28]),
    (0x1CED, 0x1CED, &[11, 28]),
    (0x1CEE, 0x1CF1, &[28]),
    (0x1CF2, 0x1CF2, &[11, 28, 43, 68, 90, 98, 108, 132, 148, 154, 158]),
    (0x1CF3, 0x1CF3, &[28, 43]),
    (0x1CF4, 0x1CF4, &[28, 43, 68, 158]),
    (0x1CF5, 0x1CF6, &[11, 28]),
    (0x1CF7, 0x1CF7, &[11]),
    (0x1CF8, 0x1CF9, &[28, 43]),
    (0x1CFA, 0x1CFA, &[98]),
    (0x1DC0, 0x1DC1, &[44]),
    (0x1DF8, 0x1DF8, &[27, 73, 140]),
    (0x1DFA, 0x1DFA, &[140]),
    (0x202F, 0x202F, &[73, 92, 115]),
    (0x204F, 0x204F, &[0, 3]),
    (0x205A, 0x205A, &[20, 38, 39, 58, 79, 107]),
    (0x205D, 0x205D, &[20, 44, 58, 89]),
    (0x20F0, 0x20F0, &[28, 43, 73]),
    (0x2E17, 0x2E17, &[24, 73]),
    (0x2E30, 0x2E30, &[6, 107]),
    (0x2E31, 0x2E31, &[6, 20, 38, 58, 70, 80, 124]),
    (0x2E3C, 0x2E3C, &[32]),
    (0x2E41, 0x2E41, &[0, 3, 58]),
    (0x2E43, 0x2E43, &[27, 39]),
    (0x2FF0, 0x2FFF, &[49, 146]),
    (0x3001, 0x3001, &[13, 48, 49, 53, 62, 92, 167]),
    (0x3002, 0x3002, &[13, 48, 49, 53, 62, 92, 115, 167]),
    (0x3003, 0x3003, &[13, 48, 49, 53, 62]),
    (0x3006, 0x3006, &[49]),
    (0x3008, 0x3008, &[13, 48, 49, 53, 62, 92, 153, 167]),
    (0x3009, 0x3009, &[13, 48, 49, 53, 62, 92, 153, 167]),
    (0x300A, 0x300A, &[13, 48, 49, 53, 62, 78, 92, 153, 167]),
    (0x300B, 0x300B, &[13, 48, 49, 53, 62, 78, 92, 153, 167]),
    (0x300C, 0x300C, &[13, 48, 49, 53, 62, 167]),
    (0x300D, 0x300D, &[13, 48, 49, 53, 62, 167]),
    (0x300E, 0x300E, &[13, 48, 49, 53, 62, 167]),
    (0x300F, 0x300F, &[13, 48, 49, 53, 62, 167]),
    (0x3010, 0x3010, &[13, 48, 49, 53, 62, 167]),
    (0x3011, 0x3011, &[13, 48, 49, 53, 62, 167]),
    (0x3013, 0x3013, &[13, 48, 49, 53, 62]),
    (0x3014, 0x3014, &[13, 48, 49, 53, 62, 167]),
    (0x3015, 0x3015, &[13, 48, 49, 53, 62, 167]),
    (0x3016, 0x3016, &[13, 48, 49, 53, 62, 167]),
    (0x3017, 0x3017, &[13, 48, 49, 53, 62, 167]),
    (0x3018, 0x3018, &[13, 48, 49, 53, 62, 167]),
    (0x3019, 0x3019, &[13, 48, 49, 53, 62, 167]),
    (0x301A, 0x301A, &[13, 48, 49, 53, 62, 167]),
    (0x301B, 0x301B, &[13, 48, 49, 53, 62, 167]),
    (0x301C, 0x301C, &[13, 48, 49, 53, 62]),
    (0x301D, 0x301D, &[13, 48, 49, 53, 62]),
    (0x301E, 0x301F, &[13, 48, 49, 53, 62]),
    (0x302A, 0x302D, &[13, 49]),
    (0x3030, 0x3030, &[13, 48, 49, 53, 62]),
    (0x3031, 0x3035, &[53, 62]),
    (0x3037, 0x3037, &[13, 48, 49, 53, 62]),
    (0x303C, 0x303C, &[49, 53, 62]),
    (0x303D, 0x303D, &[49, 53, 62]),
    (0x303E, 0x303F, &[49]),
    (0x3099, 0x309A, &[53, 62]),
    (0x309B, 0x309C, &[53, 62]),
    (0x30A0, 0x30A0, &[53, 62]),
    (0x30FB, 0x30FB, &[13, 48, 49, 53, 62, 167]),
    (0x30FC, 0x30FC, &[53, 62]),
    (0x3190, 0x3191, &[49]),
    (0x3192, 0x3195, &[49]),
    (0x3196, 0x319F, &[49]),
    (0x31C0, 0x31E5, &[49]),
    (0x31EF, 0x31EF, &[49, 146]),
    (0x3220, 0x3229, &[49]),
    (0x322A, 0x3247, &[49]),
    (0x3280, 0x3289, &[49]),
    (0x328A, 0x32B0, &[49]),
    (0x32C0, 0x32CB, &[49]),
    (0x32FF, 0x32FF, &[49]),
    (0x3358, 0x3370, &[49]),
    (0x337B, 0x337F, &[49]),
    (0x33E0, 0x33FE, &[49]),
    (0xA66F, 0xA66F, &[27, 39]),
    (0xA700, 0xA707, &[49, 73]),
    (0xA830, 0xA832, &[28, 30, 45, 47, 66, 68, 70, 81, 90, 91, 98, 129, 131, 142, 154, 158]),
    (0xA833, 0xA835, &[28, 30, 45, 47, 66, 68, 70, 81, 91, 98, 129, 131, 142, 154, 158]),
    (0xA836, 0xA837, &[28, 30, 45, 47, 66, 70, 81, 91, 131, 142, 154]),
    (0xA838, 0xA838, &[28, 30, 45, 47, 66, 70, 81, 91, 129, 131, 142, 154]),
    (0xA839, 0xA839, &[28, 30, 45, 47, 66, 70, 81, 91, 131, 142, 154]),
    (0xA8F1, 0xA8F1, &[11, 28, 158]),
    (0xA8F3, 0xA8F3, &[28, 145]),
    (0xA92E, 0xA92E, &[61, 73, 96]),
    (0xA9CF, 0xA9CF, &[16, 60]),
    (0xFD3E, 0xFD3E, &[3, 102]),
    (0xFD3F, 0xFD3F, &[3, 102]),
    (0xFDF2, 0xFDF2, &[3, 151]),
    (0xFDFD, 0xFDFD, &[3, 151]),
    (0xFE45, 0xFE46, &[13, 48, 49, 53, 62]),
    (0xFF61, 0xFF61, &[13, 48, 49, 53, 62, 167]),
    (0xFF62, 0xFF62, &[13, 48, 49, 53, 62, 167]),
    (0xFF63, 0xFF63, &[13, 48, 49, 53, 62, 167]),
    (0xFF64, 0xFF65, &[13, 48, 49, 53, 62, 167]),
    (0xFF70, 0xFF70, &[53, 62]),
    (0xFF9E, 0xFF9F, &[53, 62]),
    (0x10100, 0x10101, &[25, 26, 77]),
    (0x10102, 0x10102, &[26, 77]),
    (0x10107, 0x10133, &[26, 76, 77]),
    (0x10137, 0x1013F, &[26, 77]),
    (0x102E0, 0x102E0, &[3, 24]),
    (0x102E1, 0x102FB, &[3, 24]),
    (0x10AF2, 0x10AF2, &[84, 111]),
    (0x11301, 0x11301, &[43, 145]),
    (0x11303, 0x11303, &[43, 145]),
    (0x1133B, 0x1133C, &[43, 145]),
    (0x11FD0, 0x11FD1, &[43, 145]),
    (0x11FD3, 0x11FD3, &[43, 145]),
    (0x1BCA0, 0x1BCA3, &[32]),
    (0x1D360, 0x1D371, &[49]),
    (0x1F250, 0x1F251, &[49]),
];

pub(crate) const CONFUSABLES: &[(u32, &[u32])] = &[
    (0x22, &[0x27, 0x27]),
    (0x25, &[0xBA, 0x2F, 0x2080]),
    (0x30, &[0x4F]),
    (0x31, &[0x6C]),
    (0x49, &[0x6C]),
    (0x60, &[0x27]),
    (0x6D, &[0x72, 0x6E]),
    (0x7C, &[0x6C]),
    (0xA0, &[0x20]),
    (0xA2, &[0x63, 0x338]),
    (0xA5, &[0x59, 0x335]),
    (0xAF, &[0x2C9]),
    (0xB4, &[0x27]),
    (0xB5, &[0x3BC]),
    (0xB8, &[0x2C]),
    (0xC6, &[0x41, 0x45]),
    (0xC7, &[0x43, 0x326]),
    (0xD0, &[0x44, 0x335]),
    (0xD7, &[0x78]),
    (0xD8, &[0x4F, 0x338]),
    (0xE6, &[0x61, 0x65]),
    (0xE7, &[0x63, 0x326]),
    (0xF0, &[0x2202, 0x335]),
    (0xF6, &[0x629]),
    (0xF8, &[0x6F, 0x338]),
    (0x110, &[0x44, 0x335]),
    (0x111, &[0x64, 0x335]),
    (0x11A, &[0x114]),
    (0x11B, &[0x115]),
    (0x126, &[0x48, 0x335]),
    (0x127, &[0x68, 0x335]),
    (0x131, &[0x69]),
    (0x132, &[0x6C, 0x4A]),
    (0x133, &[0x69, 0x6A]),
    (0x13F, &[0x6C, 0xB7]),
    (0x140, &[0x6C, 0xB7]),
    (0x141, &[0x4C, 0x338]),
    (0x142, &[0x6C, 0x338]),
    (0x146, &[0x272]),
    (0x149, &[0x27, 0x6E]),
    (0x150, &[0xD6]),
    (0x152, &[0x4F, 0x45]),
    (0x153, &[0x6F, 0x65]),
    (0x163, &[0x1AB]),
    (0x166, &[0x54, 0x335]),
    (0x167, &[0x74, 0x335]),
    (0x17F, &[0x66]),
    (0x180, &[0x62, 0x335]),
    (0x181, &[0x27, 0x42]),
    (0x182, &[0x62, 0x304]),
    (0x183, &[0x62, 0x304]),
    (0x184, &[0x62]),
    (0x187, &[0x43, 0x27]),
    (0x189, &[0x44, 0x335]),
    (0x18A, &[0x27, 0x44]),
    (0x18C, &[0x64, 0x304]),
    (0x18D, &[0x67]),
    (0x191, &[0x46, 0x326]),
    (0x192, &[0x66, 0x326]),
    (0x193, &[0x47, 0x27]),
    (0x196, &[0x6C]),
    (0x197, &[0x6C, 0x335]),
    (0x198, &[0x4B, 0x27]),
    (0x199, &[0x6B, 0x314]),
    (0x19A, &[0x6C, 0x335]),
    (0x19B, &[0x3BB, 0x338]),
    (0x19D, &[0x4E, 0x326]),
    (0x19E, &[0x6E, 0x329]),
    (0x19F, &[0x4F, 0x335]),
    (0x1A0, &[0x4F, 0x27]),
    (0x1A1, &[0x6F, 0x27]),
    (0x1A4, &[0x27, 0x50]),
    (0x1A5, &[0x70, 0x314]),
    (0x1A6, &[0x52]),
    (0x1A7, &[0x32]),
    (0x1AC, &[0x27, 0x54]),
    (0x1AD, &[0x74, 0x314]),
    (0x1AE, &[0x54, 0x328]),
    (0x1B3, &[0x27, 0x59]),
    (0x1B4, &[0x79, 0x314]),
    (0x1B5, &[0x5A, 0x335]),
    (0x1B6, &[0x7A, 0x335]),
    (0x1B7, &[0x33]),
    (0x1BB, &[0x32, 0x335]),
    (0x1BC, &[0x35]),
    (0x1BD, &[0x73]),
    (0x1BF, &[0xFE]),
    (0x1C0, &[0x6C]),
    (0x1C1, &[0x6C, 0x6C]),
    (0x1C3, &[0x21]),
    (0x1C4, &[0x44, 0x17D]),
    (0x1C5, &[0x44, 0x17E]),
    (0x1C6, &[0x64, 0x17E]),
    (0x1C7, &[0x4C, 0x4A]),
    (0x1C8, &[0x4C, 0x6A]),
    (0x1C9, &[0x6C, 0x6A]),
    (0x1CA, &[0x4E, 0x4A]),
    (0x1CB, &[0x4E, 0x6A]),
    (0x1CC, &[0x6E, 0x6A]),
    (0x1CD, &[0x102]),
    (0x1CE, &[0x103]),
    (0x1CF, &[0x12C]),
    (0x1D0, &[0x12D]),
    (0x1D1, &[0x14E]),
    (0x1D2, &[0x14F]),
    (0x1D3, &[0x16C]),
    (0x1D4, &[0x16D]),
    (0x1E4, &[0x47, 0x335]),
    (0x1E5, &[0x67, 0x335]),
    (0x1E6, &[0x11E]),
    (0x1E7, &[0x11F]),
    (0x1F1, &[0x44, 0x5A]),
    (0x1F2, &[0x44, 0x7A]),
    (0x1F3, &[0x64, 0x7A]),
    (0x1F5, &[0x123]),
    (0x1FE, &[0x4F, 0x338, 0x301]),
    (0x21A, &[0x162]),
    (0x21B, &[0x1AB]),
    (0x21C, &[0x33]),
    (0x222, &[0x38]),
    (0x223, &[0x38]),
    (0x224, &[0x5A, 0x326]),
    (0x225, &[0x7A, 0x326]),
    (0x226, &[0xC5]),
    (0x227, &[0xE5]),
    (0x23C, &[0x63, 0x338]),
    (0x23E, &[0x54, 0x338]),
    (0x241, &[0x3F]),
    (0x244, &[0x55, 0x335]),
    (0x246, &[0x45, 0x338]),
    (0x247, &[0x65, 0x338]),
    (0x248, &[0x4A, 0x335]),
    (0x249, &[0x6A, 0x335]),
    (0x24D, &[0x72, 0x335]),
    (0x24E, &[0x59, 0x335]),
    (0x24F, &[0x79, 0x335]),
    (0x251, &[0x61]),
    (0x253, &[0x62, 0x314]),
    (0x256, &[0x64, 0x328]),
    (0x257, &[0x64, 0x314]),
    (0x259, &[0x1DD]),
    (0x25A, &[0x1DD, 0x2DE]),
    (0x25B, &[0xA793]),
    (0x260, &[0x67, 0x314]),
    (0x261, &[0x67]),
    (0x263, &[0x79]),
    (0x266, &[0x68, 0x314]),
    (0x268, &[0x69, 0x335]),
    (0x269, &[0x69]),
    (0x26A, &[0x69]),
    (0x26B, &[0x6C, 0x334]),
    (0x26D, &[0x6C, 0x328]),
    (0x26E, &[0x6C, 0x21D]),
    (0x26F, &[0x77]),
    (0x271, &[0x72, 0x6E, 0x326]),
    (0x273, &[0x6E, 0x328]),
    (0x275, &[0x6F, 0x335]),
    (0x276, &[0x6F, 0x1D07]),
    (0x27C, &[0x72, 0x329]),
    (0x27D, &[0x72, 0x328]),
    (0x282, &[0x73, 0x328]),
    (0x28B, &[0x75]),
    (0x28F, &[0x79]),
    (0x290, &[0x7A, 0x328]),
    (0x292, &[0x21D]),
    (0x294, &[0x3F]),
    (0x2A0, &[0x71, 0x314]),
    (0x2A3, &[0x64, 0x7A]),
    (0x2A4, &[0x64, 0x21D]),
    (0x2A5, &[0x64, 0x291]),
    (0x2A6, &[0x74, 0x73]),
    (0x2A7, &[0x74, 0x283]),
    (0x2A8, &[0x74, 0x255]),
    (0x2A9, &[0x66, 0x14B]),
    (0x2AA, &[0x6C, 0x73]),
    (0x2AB, &[0x6C, 0x7A]),
    (0x2B3, &[0x18F4]),
    (0x2B9, &[0x27]),
    (0x2BA, &[0x27, 0x27]),
    (0x2BB, &[0x27]),
    (0x2BC, &[0x27]),
    (0x2BD, &[0x27]),
    (0x2BE, &[0x27]),
    (0x2BF, &[0x559]),
    (0x2C2, &[0x3C]),
    (0x2C3, &[0x3E]),
    (0x2C4, &[0x5E]),
    (0x2C6, &[0x5E]),
    (0x2C8, &[0x27]),
    (0x2CA, &[0x27]),
    (0x2CB, &[0x27]),
    (0x2D0, &[0x3A]),
    (0x2D3, &[0x559]),
    (0x2D7, &[0x2D]),
    (0x2D8, &[0x2C7]),
    (0x2D9, &[0x971]),
    (0x2DA, &[0xB0]),
    (0x2DB, &[0x69]),
    (0x2DC, &[0x7E]),
    (0x2DD, &[0x27, 0x27]),
    (0x2E1, &[0x18F3]),
    (0x2E2, &[0x18F5]),
    (0x2E4, &[0x2C1]),
    (0x2EE, &[0x27, 0x27]),
    (0x2F4, &[0x27]),
    (0x2F6, &[0x27, 0x27]),
    (0x2F8, &[0x3A]),
    (0x2FB, &[0x2EA]),
    (0x305, &[0x304]),
    (0x30C, &[0x306]),
    (0x30D, &[0x670]),
    (0x310, &[0x306, 0x307]),
    (0x311, &[0x302]),
    (0x315, &[0x313]),
    (0x317, &[0x650]),
    (0x320, &[0x331]),
    (0x321, &[0x326]),
    (0x322, &[0x328]),
    (0x327, &[0x326]),
    (0x336, &[0x335]),
    (0x337, &[0x338]),
    (0x339, &[0x326]),
    (0x340, &[0x300]),
    (0x341, &[0x301]),
    (0x342, &[0x303]),
    (0x343, &[0x313]),
    (0x345, &[0x328]),
    (0x347, &[0x333]),
    (0x357, &[0x350]),
    (0x358, &[0x307]),
    (0x366, &[0x30A]),
    (0x36E, &[0x306]),
    (0x370, &[0x2C75]),
    (0x374, &[0x27]),
    (0x375, &[0x2CF]),
    (0x376, &[0x418]),
    (0x377, &[0x1D0E]),
    (0x37A, &[0x69]),
    (0x37B, &[0x254]),
    (0x37D, &[0xA73F]),
    (0x37E, &[0x3B]),
    (0x37F, &[0x4A]),
    (0x384, &[0x27]),
    (0x387, &[0xB7]),
    (0x391, &[0x41]),
    (0x392, &[0x42]),
    (0x395, &[0x45]),
    (0x396, &[0x5A]),
    (0x397, &[0x48]),
    (0x398, &[0x4F, 0x335]),
    (0x399, &[0x6C]),
    (0x39A, &[0x4B]),
    (0x39B, &[0x245]),
    (0x39C, &[0x4D]),
    (0x39D, &[0x4E]),
    (0x39F, &[0x4F]),
    (0x3A1, &[0x50]),
    (0x3A3, &[0x1A9]),
    (0x3A4, &[0x54]),
    (0x3A5, &[0x59]),
    (0x3A7, &[0x58]),
    (0x3B1, &[0x61]),
    (0x3B2, &[0xDF]),
    (0x3B3, &[0x79]),
    (0x3B4, &[0x1E9F]),
    (0x3B5, &[0xA793]),
    (0x3B7, &[0x6E, 0x329]),
    (0x3B8, &[0x4F, 0x335]),
    (0x3B9, &[0x69]),
    (0x3BA, &[0x138]),
    (0x3BD, &[0x76]),
    (0x3BF, &[0x6F]),
    (0x3C1, &[0x70]),
    (0x3C3, &[0x6F]),
    (0x3C4, &[0x1D1B]),
    (0x3C5, &[0x75]),
    (0x3C6, &[0x278]),
    (0x3D0, &[0xDF]),
    (0x3D1, &[0x4F, 0x335]),
    (0x3D2, &[0x59]),
    (0x3D5, &[0x278]),
    (0x3D6, &[0x3C0]),
    (0x3DB, &[0x3C2]),
    (0x3DC, &[0x46]),
    (0x3E8, &[0x32]),
    (0x3E9, &[0x1A8]),
    (0x3F0, &[0x138]),
    (0x3F1, &[0x70]),
    (0x3F2, &[0x63]),
    (0x3F3, &[0x6A]),
    (0x3F4, &[0x4F, 0x335]),
    (0x3F5, &[0xA793]),
    (0x3F7, &[0xDE]),
    (0x3F8, &[0xFE]),
    (0x3F9, &[0x43]),
    (0x3FA, &[0x4D]),
    (0x3FD, &[0x186]),
    (0x3FF, &[0xA73E]),
    (0x404, &[0xA792]),
    (0x405, &[0x53]),
    (0x406, &[0x6C]),
    (0x408, &[0x4A]),
    (0x410, &[0x41]),
    (0x411, &[0x62, 0x304]),
    (0x412, &[0x42]),
    (0x413, &[0x393]),
    (0x415, &[0x45]),
    (0x417, &[0x33]),
    (0x419, &[0x40D]),
    (0x41A, &[0x4B]),
    (0x41B, &[0x245]),
    (0x41C, &[0x4D]),
    (0x41D, &[0x48]),
    (0x41E, &[0x4F]),
    (0x41F, &[0x3A0]),
    (0x420, &[0x50]),
    (0x421, &[0x43]),
    (0x422, &[0x54]),
    (0x423, &[0x59]),
    (0x424, &[0x3A6]),
    (0x425, &[0x58]),
    (0x42B, &[0x62, 0x6C]),
    (0x42C, &[0x62]),
    (0x42E, &[0x6C, 0x4F]),
    (0x430, &[0x61]),
    (0x431, &[0x36]),
    (0x432, &[0x299]),
    (0x433, &[0x72]),
    (0x435, &[0x65]),
    (0x437, &[0x25C]),
    (0x438, &[0x1D0E]),
    (0x43A, &[0x138]),
    (0x43C, &[0x28D]),
    (0x43D, &[0x29C]),
    (0x43E, &[0x6F]),
    (0x43F, &[0x3C0]),
    (0x440, &[0x70]),
    (0x441, &[0x63]),
    (0x442, &[0x1D1B]),
    (0x443, &[0x79]),
    (0x444, &[0x278]),
    (0x445, &[0x78]),
    (0x44A, &[0x2C9, 0x62]),
    (0x44B, &[0x185, 0x69]),
    (0x44C, &[0x185]),
    (0x44F, &[0x1D19]),
    (0x454, &[0xA793]),
    (0x455, &[0x73]),
    (0x456, &[0x69]),
    (0x458, &[0x6A]),
    (0x45B, &[0x68, 0x335]),
    (0x45D, &[0x439]),
    (0x461, &[0x77]),
    (0x462, &[0x62, 0x335]),
    (0x463, &[0x62, 0x335]),
    (0x470, &[0x3A8]),
    (0x471, &[0x3C8]),
    (0x472, &[0x4F, 0x335]),
    (0x473, &[0x6F, 0x335]),
    (0x474, &[0x56]),
    (0x475, &[0x76]),
    (0x47C, &[0x460, 0x486, 0x487]),
    (0x47D, &[0x77, 0x486, 0x487]),
    (0x48A, &[0x40D, 0x326]),
    (0x48B, &[0x439, 0x326]),
    (0x48C, &[0x62, 0x335]),
    (0x48D, &[0x62, 0x335]),
    (0x490, &[0x393, 0x27]),
    (0x491, &[0x72, 0x27]),
    (0x492, &[0x393, 0x335]),
    (0x493, &[0x72, 0x335]),
    (0x496, &[0x416, 0x329]),
    (0x497, &[0x436, 0x329]),
    (0x498, &[0x33, 0x326]),
    (0x499, &[0x25C, 0x326]),
    (0x49A, &[0x4B, 0x329]),
    (0x49B, &[0x138, 0x329]),
    (0x49E, &[0x4B, 0x335]),
    (0x49F, &[0x138, 0x335]),
    (0x4A2, &[0x48, 0x329]),
    (0x4A3, &[0x29C, 0x329]),
    (0x4AA, &[0x43, 0x326]),
    (0x4AB, &[0x63, 0x326]),
    (0x4AC, &[0x54, 0x329]),
    (0x4AD, &[0x1D1B, 0x329]),
    (0x4AE, &[0x59]),
    (0x4AF, &[0x79]),
    (0x4B0, &[0x59, 0x335]),
    (0x4B1, &[0x79, 0x335]),
    (0x4B2, &[0x58, 0x329]),
    (0x4BB, &[0x68]),
    (0x4BD, &[0x65]),
    (0x4BE, &[0x4BC, 0x328]),
    (0x4BF, &[0x65, 0x328]),
    (0x4C0, &[0x6C]),
    (0x4C5, &[0x245, 0x326]),
    (0x4C6, &[0x43B, 0x326]),
    (0x4C7, &[0x48, 0x326]),
    (0x4C8, &[0x29C, 0x326]),
    (0x4C9, &[0x48, 0x326]),
    (0x4CA, &[0x29C, 0x326]),
    (0x4CB, &[0x4B6]),
    (0x4CC, &[0x4B7]),
    (0x4CD, &[0x4D, 0x326]),
    (0x4CE, &[0x28D, 0x326]),
    (0x4CF, &[0x69]),
    (0x4D4, &[0x41, 0x45]),
    (0x4D5, &[0x61, 0x65]),
    (0x4D8, &[0x18F]),
    (0x4D9, &[0x1DD]),
    (0x4E0, &[0x33]),
    (0x4E1, &[0x21D]),
    (0x4E8, &[0x4F, 0x335]),
    (0x4E9, &[0x6F, 0x335]),
    (0x501, &[0x64]),
    (0x50A, &[0x1F6]),
    (0x50C, &[0x47]),
    (0x50D, &[0x262]),
    (0x510, &[0x190]),
    (0x511, &[0xA793]),
    (0x51B, &[0x71]),
    (0x51C, &[0x57]),
    (0x51D, &[0x77]),
    (0x53B, &[0x12AE]),
    (0x544, &[0x1206]),
    (0x54A, &[0x1323]),
    (0x54C, &[0x1261]),
    (0x54D, &[0x55]),
    (0x54F, &[0x53]),
    (0x553, &[0x3A6]),
    (0x555, &[0x4F]),
    (0x55A, &[0x27]),
    (0x55D, &[0x27]),
    (0x561, &[0x77]),
    (0x563, &[0x71]),
    (0x566, &[0x71]),
    (0x56E, &[0x1E9F]),
    (0x570, &[0x68]),
    (0x575, &[0x237]),
    (0x578, &[0x6E]),
    (0x57A, &[0x270]),
    (0x57C, &[0x6E]),
    (0x57D, &[0x75]),
    (0x581, &[0x67]),
    (0x584, &[0x66]),
    (0x585, &[0x6F]),
    (0x587, &[0x565, 0x582]),
    (0x589, &[0x3A]),
    (0x59C, &[0x301]),
    (0x59D, &[0x301]),
    (0x5A4, &[0x59A]),
    (0x5A8, &[0x599]),
    (0x5AD, &[0x596]),
    (0x5AE, &[0x598]),
    (0x5AF, &[0x30A]),
    (0x5B4, &[0x323]),
    (0x5B9, &[0x307]),
    (0x5BA, &[0x307]),
    (0x5C0, &[0x6C]),
    (0x5C1, &[0x307]),
    (0x5C2, &[0x307]),
    (0x5C3, &[0x3A]),
    (0x5C4, &[0x307]),
    (0x5C5, &[0x323]),
    (0x5D5, &[0x6C]),
    (0x5D8, &[0x76]),
    (0x5D9, &[0x27]),
    (0x5DF, &[0x6C]),
    (0x5E1, &[0x6F]),
    (0x5F0, &[0x6C, 0x6C]),
    (0x5F1, &[0x6C, 0x27]),
    (0x5F2, &[0x27, 0x27]),
    (0x5F3, &[0x27]),
    (0x5F4, &[0x27, 0x27]),
    (0x609, &[0xBA, 0x2F, 0x2080, 0x2080]),
    (0x60A, &[0xBA, 0x2F, 0x2080, 0x2080, 0x2080]),
    (0x60D, &[0x2C]),
    (0x60F, &[0x639]),
    (0x618, &[0x301]),
    (0x619, &[0x313]),
    (0x61A, &[0x650]),
    (0x623, &[0x6C, 0x674]),
    (0x624, &[0x648, 0x674]),
    (0x625, &[0x6C, 0x655]),
    (0x626, &[0x649, 0x674]),
    (0x627, &[0x6C]),
    (0x62B, &[0x649, 0x6DB]),
    (0x634, &[0x633, 0x6DB]),
    (0x63D, &[0x649, 0x302]),
    (0x63F, &[0x649, 0x6DB]),
    (0x647, &[0x6F]),
    (0x64A, &[0x649]),
    (0x64B, &[0x30B]),
    (0x64E, &[0x301]),
    (0x64F, &[0x313]),
    (0x652, &[0x30A]),
    (0x653, &[0x303]),
    (0x656, &[0x329]),
    (0x657, &[0x312]),
    (0x658, &[0x306]),
    (0x659, &[0x304]),
    (0x65A, &[0x306]),
    (0x65B, &[0x302]),
    (0x65C, &[0x323]),
    (0x65D, &[0x314]),
    (0x65F, &[0x655]),
    (0x660, &[0x2E]),
    (0x661, &[0x6C]),
    (0x665, &[0x6F]),
    (0x667, &[0x56]),
    (0x668, &[0x245]),
    (0x66A, &[0xBA, 0x2F, 0x2080]),
    (0x66B, &[0x2C]),
    (0x66C, &[0x60C]),
    (0x66D, &[0x2A]),
    (0x66E, &[0x649]),
    (0x66F, &[0x6A1]),
    (0x672, &[0x6C, 0x674]),
    (0x673, &[0x6C, 0x655]),
    (0x675, &[0x6C, 0x674]),
    (0x676, &[0x648, 0x674]),
    (0x677, &[0x648, 0x313, 0x674]),
    (0x678, &[0x649, 0x674]),
    (0x679, &[0x649, 0x615]),
    (0x67E, &[0x649, 0x6DB]),
    (0x681, &[0x62D, 0x654]),
    (0x685, &[0x62D, 0x6DB]),
    (0x688, &[0x62F, 0x615]),
    (0x68B, &[0x68A, 0x615]),
    (0x68E, &[0x62F, 0x6DB]),
    (0x691, &[0x631, 0x615]),
    (0x692, &[0x631, 0x306]),
    (0x698, &[0x631, 0x6DB]),
    (0x69E, &[0x635, 0x6DB]),
    (0x69F, &[0x637, 0x6DB]),
    (0x6A4, &[0x6A1, 0x6DB]),
    (0x6A7, &[0x641]),
    (0x6A8, &[0x6A1, 0x6DB]),
    (0x6A9, &[0x643]),
    (0x6AA, &[0x643]),
    (0x6AD, &[0x643, 0x6DB]),
    (0x6B4, &[0x6AF, 0x6DB]),
    (0x6B5, &[0x644, 0x306]),
    (0x6B7, &[0x644, 0x6DB]),
    (0x6BA, &[0x649]),
    (0x6BB, &[0x649, 0x615]),
    (0x6BD, &[0x649, 0x6DB]),
    (0x6BE, &[0x6F]),
    (0x6C1, &[0x6F]),
    (0x6C2, &[0x6C0]),
    (0x6C3, &[0x629]),
    (0x6C6, &[0x648, 0x306]),
    (0x6C7, &[0x648, 0x313]),
    (0x6C8, &[0x648, 0x670]),
    (0x6C9, &[0x648, 0x302]),
    (0x6CB, &[0x648, 0x6DB]),
    (0x6CC, &[0x649]),
    (0x6CE, &[0x649, 0x306]),
    (0x6D0, &[0x67B]),
    (0x6D1, &[0x649, 0x6DB]),
    (0x6D2, &[0x649]),
    (0x6D4, &[0x2D]),
    (0x6D5, &[0x6F]),
    (0x6DF, &[0x30A]),
    (0x6E8, &[0x306, 0x307]),
    (0x6EC, &[0x307]),
    (0x6EE, &[0x62F, 0x302]),
    (0x6EF, &[0x631, 0x302]),
    (0x6F0, &[0x2E]),
    (0x6F1, &[0x6C]),
    (0x6F2, &[0x662]),
    (0x6F3, &[0x663]),
    (0x6F4, &[0x664]),
    (0x6F5, &[0x6F]),
    (0x6F6, &[0x666]),
    (0x6F7, &[0x56]),
    (0x6F8, &[0x245]),
    (0x6F9, &[0x669]),
    (0x6FD, &[0x621, 0x348]),
    (0x6FE, &[0x645, 0x348]),
    (0x6FF, &[0x6F, 0x302]),
    (0x701, &[0x2E]),
    (0x702, &[0x2E]),
    (0x703, &[0x3A]),
    (0x704, &[0x3A]),
    (0x740, &[0x307]),
    (0x741, &[0x307]),
    (0x742, &[0x73C]),
    (0x747, &[0x301]),
    (0x751, &[0x628, 0x6DB]),
    (0x756, &[0x649, 0x306]),
    (0x762, &[0x6AC]),
    (0x763, &[0x643, 0x6DB]),
    (0x767, &[0x754]),
    (0x768, &[0x646, 0x615]),
    (0x769, &[0x646, 0x306]),
    (0x76C, &[0x631, 0x654]),
    (0x771, &[0x697, 0x615]),
    (0x772, &[0x62D, 0x654]),
    (0x77E, &[0x633, 0x302]),
    (0x7C0, &[0x4F]),
    (0x7CA, &[0x6C]),
    (0x7EB, &[0x304]),
    (0x7ED, &[0x307]),
    (0x7EE, &[0x302]),
    (0x7F3, &[0x308]),
    (0x7F4, &[0x27]),
    (0x7F5, &[0x27]),
    (0x7FA, &[0x5F]),
    (0x8A1, &[0x628, 0x654]),
    (0x8A4, &[0x6A2, 0x6DB]),
    (0x8A7, &[0x645, 0x6DB]),
    (0x8A8, &[0x649, 0x654]),
    (0x8A9, &[0x754]),
    (0x8AE, &[0x62F, 0x324, 0x323]),
    (0x8AF, &[0x635, 0x324, 0x323]),
    (0x8B0, &[0x6AF]),
    (0x8B1, &[0x648]),
    (0x8B2, &[0x632, 0x302]),
    (0x8B6, &[0x628, 0x6E2]),
    (0x8B7, &[0x649, 0x6DB, 0x6E2]),
    (0x8B9, &[0x631, 0x306, 0x307]),
    (0x8BA, &[0x649, 0x306, 0x307]),
    (0x8BB, &[0x6A1]),
    (0x8BC, &[0x6A1]),
    (0x8BD, &[0x649]),
    (0x8E5, &[0x64C]),
    (0x8E8, &[0x64C]),
    (0x8EA, &[0x307]),
    (0x8EB, &[0x308]),
    (0x8ED, &[0x323]),
    (0x8EE, &[0x324]),
    (0x8F0, &[0x30B]),
    (0x8F1, &[0x64C]),
    (0x8F2, &[0x64D]),
    (0x8F3, &[0x313]),
    (0x8F8, &[0x350]),
    (0x8F9, &[0x354]),
    (0x8FA, &[0x355]),
    (0x8FF, &[0x350]),
    (0x900, &[0x352]),
    (0x901, &[0x306, 0x307]),
    (0x902, &[0x307]),
    (0x903, &[0x3A]),
    (0x904, &[0x905, 0x946]),
    (0x906, &[0x905, 0x93E]),
    (0x908, &[0x930, 0x94D, 0x907]),
    (0x90D, &[0x90F, 0x945]),
    (0x90E, &[0x90F, 0x946]),
    (0x910, &[0x90F, 0x947]),
    (0x911, &[0x905, 0x949]),
    (0x912, &[0x905, 0x93E, 0x946]),
    (0x913, &[0x905, 0x93E, 0x947]),
    (0x914, &[0x905, 0x93E, 0x948]),
    (0x93C, &[0x323]),
    (0x952, &[0x331]),
    (0x953, &[0x300]),
    (0x954, &[0x301]),
    (0x965, &[0x964, 0x964]),
    (0x966, &[0x6F]),
    (0x967, &[0x669]),
    (0x97D, &[0x3F]),
    (0x981, &[0x306, 0x307]),
    (0x986, &[0x985, 0x9BE]),
    (0x9BC, &[0x323]),
    (0x9E0, &[0x98B, 0x9C3]),
    (0x9E1, &[0x98B, 0x9C3]),
    (0x9E6, &[0x4F]),
    (0x9EA, &[0x38]),
    (0x9ED, &[0x39]),
    (0xA02, &[0x307]),
    (0xA03, &[0x983]),
    (0xA06, &[0xA05, 0xA3E]),
    (0xA07, &[0xA72, 0xA3F]),
    (0xA08, &[0xA72, 0xA40]),
    (0xA09, &[0xA73, 0xA41]),
    (0xA0A, &[0xA73, 0xA42]),
    (0xA0F, &[0xA72, 0xA47]),
    (0xA10, &[0xA05, 0xA48]),
    (0xA14, &[0xA05, 0xA4C]),
    (0xA3C, &[0x323]),
    (0xA4B, &[0x946]),
    (0xA4D, &[0x94D]),
    (0xA66, &[0x6F]),
    (0xA67, &[0x39]),
    (0xA6A, &[0x38]),
    (0xA81, &[0x306, 0x307]),
    (0xA82, &[0x307]),
    (0xA83, &[0x3A]),
    (0xA86, &[0xA85, 0xABE]),
    (0xA8D, &[0xA85, 0xAC5]),
    (0xA8F, &[0xA85, 0xAC7]),
    (0xA90, &[0xA85, 0xAC8]),
    (0xA91, &[0xA85, 0xABE, 0xAC5]),
    (0xA93, &[0xA85, 0xABE, 0xAC7]),
    (0xA94, &[0xA85, 0xABE, 0xAC8]),
    (0xABC, &[0x323]),
    (0xABD, &[0x93D]),
    (0xAC1, &[0x941]),
    (0xAC2, &[0x942]),
    (0xACD, &[0x94D]),
    (0xAE6, &[0x6F]),
    (0xAE8, &[0x968]),
    (0xAE9, &[0x969]),
    (0xAEA, &[0x96A]),
    (0xAEE, &[0x96E]),
    (0xAF0, &[0x970]),
    (0xB01, &[0x306, 0x307]),
    (0xB03, &[0x38]),
    (0xB06, &[0xB05, 0xB3E]),
    (0xB20, &[0x4F]),
    (0xB3C, &[0x323]),
    (0xB66, &[0x4F]),
    (0xB68, &[0x39]),
    (0xB82, &[0x30A]),
    (0xB8A, &[0xB89, 0xBB3]),
    (0xB9C, &[0xB90]),
    (0xBB0, &[0xB88]),
    (0xBBE, &[0xB88]),
    (0xBC8, &[0xBA9]),
    (0xBCA, &[0xBC6, 0xB88]),
    (0xBCB, &[0xBC7, 0xB88]),
    (0xBCC, &[0xBC6, 0xBB3]),
    (0xBCD, &[0x307]),
    (0xBD7, &[0xBB3]),
    (0xBE6, &[0x6F]),
    (0xBE7, &[0xB95]),
    (0xBE8, &[0xB89]),
    (0xBEA, &[0xB9A]),
    (0xBEB, &[0xB88, 0xBC1]),
    (0xBEC, &[0xB9A, 0xBC1]),
    (0xBED, &[0xB8E]),
    (0xBEE, &[0xB85]),
    (0xBF0, &[0xBAF]),
    (0xBF2, &[0xB9A, 0xBC2]),
    (0xBF4, &[0xBAE, 0xBC0]),
    (0xBF5, &[0xBF3]),
    (0xBF7, &[0xB8E, 0xBB5]),
    (0xBF8, &[0xBB7]),
    (0xBFA, &[0xBA8, 0xBC0]),
    (0xC00, &[0x306, 0x307]),
    (0xC02, &[0x6F]),
    (0xC03, &[0x983]),
    (0xC13, &[0xC12, 0xC55]),
    (0xC14, &[0xC12, 0xC4C]),
    (0xC20, &[0xC30, 0x5BC]),
    (0xC22, &[0xC21, 0x323]),
    (0xC25, &[0xC27, 0x5BC]),
    (0xC2D, &[0xC2C, 0x323]),
    (0xC2E, &[0xC35, 0xC41]),
    (0xC37, &[0xC35, 0x323]),
    (0xC39, &[0xC35, 0xC3E]),
    (0xC42, &[0xC41, 0xC3E]),
    (0xC44, &[0xC43, 0xC3E]),
    (0xC60, &[0xC0B, 0xC3E]),
    (0xC61, &[0xC0C, 0xC3E]),
    (0xC66, &[0x6F]),
    (0xC81, &[0x306, 0x307]),
    (0xC82, &[0x6F]),
    (0xC83, &[0x983]),
    (0xC85, &[0xC05]),
    (0xC86, &[0xC06]),
    (0xC87, &[0xC07]),
    (0xC92, &[0xC12]),
    (0xC93, &[0xC12, 0xC55]),
    (0xC94, &[0xC12, 0xC4C]),
    (0xC9C, &[0xC1C]),
    (0xC9E, &[0xC1E]),
    (0xCA3, &[0xC23]),
    (0xCAF, &[0xC2F]),
    (0xCB1, &[0xC31]),
    (0xCB2, &[0xC32]),
    (0xCE1, &[0xC8C, 0xCBE]),
    (0xCE6, &[0x6F]),
    (0xCE7, &[0xC67]),
    (0xCE8, &[0xC68]),
    (0xCEF, &[0xC6F]),
    (0xD01, &[0x306, 0x307]),
    (0xD02, &[0x6F]),
    (0xD03, &[0x983]),
    (0xD08, &[0xD07, 0xD57]),
    (0xD09, &[0xB89]),
    (0xD0A, &[0xB89, 0xD57]),
    (0xD0C, &[0xD28, 0xD41]),
    (0xD10, &[0xD0E, 0xD46]),
    (0xD13, &[0xD12, 0xD3E]),
    (0xD14, &[0xD12, 0xD57]),
    (0xD19, &[0xD28, 0xD41]),
    (0xD1C, &[0xB90]),
    (0xD20, &[0x6F]),
    (0xD23, &[0xBA3]),
    (0xD31, &[0xD30]),
    (0xD34, &[0xBB4]),
    (0xD36, &[0xBB6]),
    (0xD3A, &[0xB9F, 0xBBF]),
    (0xD3F, &[0xBBF]),
    (0xD40, &[0xBBF]),
    (0xD42, &[0xD41]),
    (0xD43, &[0xD41]),
    (0xD48, &[0xD46, 0xD46]),
    (0xD4E, &[0x971]),
    (0xD5A, &[0xD28, 0xD4D, 0xD2E]),
    (0xD5F, &[0x6F, 0xD30, 0x6F]),
    (0xD61, &[0xD1E]),
    (0xD66, &[0x6F]),
    (0xD6A, &[0xD30, 0xD4D]),
    (0xD6B, &[0xD26, 0xD4D, 0xD30]),
    (0xD6C, &[0xD28, 0xD4D, 0xD28]),
    (0xD6D, &[0x39]),
    (0xD6E, &[0xD35, 0xD4D, 0xD30]),
    (0xD6F, &[0xD28, 0xD4D]),
    (0xD76, &[0xD39, 0xD4D, 0xD2E]),
    (0xD79, &[0xD28, 0xD41]),
    (0xD7B, &[0xD28, 0xD4D]),
    (0xD7C, &[0xD30, 0xD4D]),
    (0xD82, &[0x6F]),
    (0xD83, &[0x983]),
    (0xDE9, &[0xDE8, 0xDCF]),
    (0xDEA, &[0xDA2]),
    (0xDEB, &[0xDAF]),
    (0xDEF, &[0xDE8, 0xDD3]),
    (0xE03, &[0xE02]),
    (0xE0B, &[0xE0A]),
    (0xE0F, &[0xE0E]),
    (0xE14, &[0xE04]),
    (0xE15, &[0xE04]),
    (0xE17, &[0xE11]),
    (0xE21, &[0xE06]),
    (0xE26, &[0xE20]),
    (0xE33, &[0x30A, 0xE32]),
    (0xE41, &[0xE40, 0xE40]),
    (0xE45, &[0xE32]),
    (0xE4D, &[0x30A]),
    (0xE50, &[0x6F]),
    (0xE88, &[0xE08]),
    (0xE8D, &[0xE22]),
    (0xE9A, &[0xE1A]),
    (0xE9B, &[0xE1B]),
    (0xE9D, &[0xE1D]),
    (0xE9E, &[0xE1E]),
    (0xE9F, &[0xE1F]),
    (0xEB3, &[0x30A, 0xEB2]),
    (0xEB8, &[0xE38]),
    (0xEB9, &[0xE39]),
    (0xEC8, &[0xE48]),
    (0xEC9, &[0xE49]),
    (0xECA, &[0xE4A]),
    (0xECB, &[0xE4B]),
    (0xECD, &[0x30A]),
    (0xED0, &[0x6F]),
    (0xEDC, &[0xEAB, 0xE99]),
    (0xEDD, &[0xEAB, 0xEA1]),
    (0xF00, &[0xF68, 0xF7C, 0xF7E]),
    (0xF02, &[0xF60, 0xF74, 0xF82, 0xF7F]),
    (0xF03, &[0xF60, 0xF74, 0xF82, 0xF14]),
    (0xF0C, &[0xF0B]),
    (0xF0E, &[0xF0D, 0xF0D]),
    (0xF1B, &[0xF1A, 0xF1A]),
    (0xF1E, &[0xF1D, 0xF1D]),
    (0xF1F, &[0xF1A, 0xF1D]),
    (0xF37, &[0x325]),
    (0xF6A, &[0xF62]),
    (0xF77, &[0xFB2, 0xF71, 0xF80]),
    (0xF79, &[0xFB3, 0xF71, 0xF80]),
    (0xFCE, &[0xF1D, 0xF1A]),
    (0xFD5, &[0x5350]),
    (0xFD6, &[0x534D]),
    (0x1000, &[0x1002, 0x102C]),
    (0x1010, &[0x6F, 0x102C]),
    (0x101D, &[0x6F]),
    (0x101F, &[0x1015, 0x102C]),
    (0x1029, &[0x101E, 0x103C]),
    (0x102A, &[0x101E, 0x103C, 0x1031, 0x102C, 0x103A]),
    (0x1036, &[0x30A]),
    (0x1038, &[0x983]),
    (0x1040, &[0x6F]),
    (0x104B, &[0x104A, 0x104A]),
    (0x1065, &[0x1041]),
    (0x1066, &[0x1015, 0x103E]),
    (0x106F, &[0x1015, 0x102C, 0x103E]),
    (0x1070, &[0x1003, 0x103E]),
    (0x107E, &[0x107D, 0x103E]),
    (0x1081, &[0x1002, 0x103E]),
    (0x109E, &[0x1083, 0x30A]),
    (0x10A0, &[0xA786]),
    (0x10E7, &[0x79]),
    (0x10F3, &[0x21D]),
    (0x10FF, &[0x6F]),
    (0x1101, &[0x1100, 0x1100]),
    (0x1104, &[0x1103, 0x1103]),
    (0x1108, &[0x1107, 0x1107]),
    (0x110A, &[0x1109, 0x1109]),
    (0x110D, &[0x110C, 0x110C]),
    (0x1113, &[0x1102, 0x1100]),
    (0x1114, &[0x1102, 0x1102]),
    (0x1115, &[0x1102, 0x1103]),
    (0x1116, &[0x1102, 0x1107]),
    (0x1117, &[0x1103, 0x1100]),
    (0x1118, &[0x1105, 0x1102]),
    (0x1119, &[0x1105, 0x1105]),
    (0x111A, &[0x1105, 0x1112]),
    (0x111B, &[0x1105, 0x110B]),
    (0x111C, &[0x1106, 0x1107]),
    (0x111D, &[0x1106, 0x110B]),
    (0x111E, &[0x1107, 0x1100]),
    (0x111F, &[0x1107, 0x1102]),
    (0x1120, &[0x1107, 0x1103]),
    (0x1121, &[0x1107, 0x1109]),
    (0x1122, &[0x1107, 0x1109, 0x1100]),
    (0x1123, &[0x1107, 0x1109, 0x1103]),
    (0x1124, &[0x1107, 0x1109, 0x1107]),
    (0x1125, &[0x1107, 0x1109, 0x1109]),
    (0x1126, &[0x1107, 0x1109, 0x110C]),
    (0x1127, &[0x1107, 0x110C]),
    (0x1128, &[0x1107, 0x110E]),
    (0x1129, &[0x1107, 0x1110]),
    (0x112A, &[0x1107, 0x1111]),
    (0x112B, &[0x1107, 0x110B]),
    (0x112C, &[0x1107, 0x1107, 0x110B]),
    (0x112D, &[0x1109, 0x1100]),
    (0x112E, &[0x1109, 0x1102]),
    (0x112F, &[0x1109, 0x1103]),
    (0x1130, &[0x1109, 0x1105]),
    (0x1131, &[0x1109, 0x1106]),
    (0x1132, &[0x1109, 0x1107]),
    (0x1133, &[0x1109, 0x1107, 0x1100]),
    (0x1134, &[0x1109, 0x1109, 0x1109]),
    (0x1135, &[0x1109, 0x110B]),
    (0x1136, &[0x1109, 0x110C]),
    (0x1137, &[0x1109, 0x110E]),
    (0x1138, &[0x1109, 0x110F]),
    (0x1139, &[0x1109, 0x1110]),
    (0x113A, &[0x1109, 0x1111]),
    (0x113B, &[0x1105, 0x1112]),
    (0x113D, &[0x113C, 0x113C]),
    (0x113F, &[0x113E, 0x113E]),
    (0x1141, &[0x110B, 0x1100]),
    (0x1142, &[0x110B, 0x1103]),
    (0x1143, &[0x110B, 0x1106]),
    (0x1144, &[0x110B, 0x1107]),
    (0x1145, &[0x110B, 0x1109]),
    (0x1146, &[0x110B, 0x1140]),
    (0x1147, &[0x110B, 0x110B]),
    (0x1148, &[0x110B, 0x110C]),
    (0x1149, &[0x110B, 0x110E]),
    (0x114A, &[0x110B, 0x1110]),
    (0x114B, &[0x110B, 0x1111]),
    (0x114D, &[0x110C, 0x110B]),
    (0x114F, &[0x114E, 0x114E]),
    (0x1151, &[0x1150, 0x1150]),
    (0x1152, &[0x110E, 0x110F]),
    (0x1153, &[0x110E, 0x1112]),
    (0x1156, &[0x1111, 0x1107]),
    (0x1157, &[0x1111, 0x110B]),
    (0x1158, &[0x1112, 0x1112]),
    (0x115A, &[0x1100, 0x1103]),
    (0x115B, &[0x1102, 0x1109]),
    (0x115C, &[0x1102, 0x110C]),
    (0x115D, &[0x1102, 0x1112]),
    (0x115E, &[0x1103, 0x1105]),
    (0x1162, &[0x1161, 0x4E28]),
    (0x1164, &[0x1163, 0x4E28]),
    (0x1166, &[0x1165, 0x4E28]),
    (0x1168, &[0x1167, 0x4E28]),
    (0x116A, &[0x1169, 0x1161]),
    (0x116B, &[0x1169, 0x1161, 0x4E28]),
    (0x116C, &[0x1169, 0x4E28]),
    (0x116F, &[0x116E, 0x1165]),
    (0x1170, &[0x116E, 0x1165, 0x4E28]),
    (0x1171, &[0x116E, 0x4E28]),
    (0x1173, &[0x30FC]),
    (0x1174, &[0x30FC, 0x4E28]),
    (0x1175, &[0x4E28]),
    (0x1176, &[0x1161, 0x1169]),
    (0x1177, &[0x1161, 0x116E]),
    (0x1178, &[0x1163, 0x1169]),
    (0x1179, &[0x1163, 0x116D]),
    (0x117A, &[0x1165, 0x1169]),
    (0x117B, &[0x1165, 0x116E]),
    (0x117C, &[0x1165, 0x30FC]),
    (0x117D, &[0x1167, 0x1169]),
    (0x117E, &[0x1167, 0x116E]),
    (0x117F, &[0x1169, 0x1165]),
    (0x1180, &[0x1169, 0x1165, 0x4E28]),
    (0x1181, &[0x1169, 0x1167, 0x4E28]),
    (0x1182, &[0x1169, 0x1169]),
    (0x1183, &[0x1169, 0x116E]),
    (0x1184, &[0x116D, 0x1163]),
    (0x1185, &[0x116D, 0x1163, 0x4E28]),
    (0x1186, &[0x116D, 0x1163]),
    (0x1187, &[0x116D, 0x1169]),
    (0x1188, &[0x116D, 0x4E28]),
    (0x1189, &[0x116E, 0x1161]),
    (0x118A, &[0x116E, 0x1161, 0x4E28]),
    (0x118B, &[0x116E, 0x1165, 0x30FC]),
    (0x118C, &[0x116E, 0x1167, 0x4E28]),
    (0x118D, &[0x116E, 0x116E]),
    (0x118E, &[0x1172, 0x1161]),
    (0x118F, &[0x1172, 0x1165]),
    (0x1190, &[0x1172, 0x1165, 0x4E28]),
    (0x1191, &[0x1172, 0x1167]),
    (0x1192, &[0x1172, 0x1167, 0x4E28]),
    (0x1193, &[0x1172, 0x116E]),
    (0x1194, &[0x1172, 0x4E28]),
    (0x1195, &[0x30FC, 0x116E]),
    (0x1196, &[0x30FC, 0x30FC]),
    (0x1197, &[0x30FC, 0x4E28, 0x116E]),
    (0x1198, &[0x4E28, 0x1161]),
    (0x1199, &[0x4E28, 0x1163]),
    (0x119A, &[0x4E28, 0x1169]),
    (0x119B, &[0x4E28, 0x116E]),
    (0x119C, &[0x4E28, 0x30FC]),
    (0x119D, &[0x4E28, 0x119E]),
    (0x119F, &[0x119E, 0x1165]),
    (0x11A0, &[0x119E, 0x116E]),
    (0x11A1, &[0x119E, 0x4E28]),
    (0x11A2, &[0x119E, 0x119E]),
    (0x11A3, &[0x1161, 0x30FC]),
    (0x11A4, &[0x1163, 0x116E]),
    (0x11A5, &[0x1167, 0x1163]),
    (0x11A6, &[0x1169, 0x1163]),
    (0x11A7, &[0x1169, 0x1163, 0x4E28]),
    (0x11A8, &[0x1100]),
    (0x11A9, &[0x1100, 0x1100]),
    (0x11AA, &[0x1100, 0x1109]),
    (0x11AB, &[0x1102]),
    (0x11AC, &[0x1102, 0x110C]),
    (0x11AD, &[0x1102, 0x1112]),
    (0x11AE, &[0x1103]),
    (0x11AF, &[0x1105]),
    (0x11B0, &[0x1105, 0x1100]),
    (0x11B1, &[0x1105, 0x1106]),
    (0x11B2, &[0x1105, 0x1107]),
    (0x11B3, &[0x1105, 0x1109]),
    (0x11B4, &[0x1105, 0x1110]),
    (0x11B5, &[0x1105, 0x1111]),
    (0x11B6, &[0x1105, 0x1112]),
    (0x11B7, &[0x1106]),
    (0x11B8, &[0x1107]),
    (0x11B9, &[0x1107, 0x1109]),
    (0x11BA, &[0x1109]),
    (0x11BB, &[0x1109, 0x1109]),
    (0x11BC, &[0x110B]),
    (0x11BD, &[0x110C]),
    (0x11BE, &[0x110E]),
    (0x11BF, &[0x110F]),
    (0x11C0, &[0x1110]),
    (0x11C1, &[0x1111]),
    (0x11C2, &[0x1112]),
    (0x11C3, &[0x1100, 0x1105]),
    (0x11C4, &[0x1100, 0x1109, 0x1100]),
    (0x11C5, &[0x1102, 0x1100]),
    (0x11C6, &[0x1102, 0x1103]),
    (0x11C7, &[0x1102, 0x1109]),
    (0x11C8, &[0x1102, 0x1140]),
    (0x11C9, &[0x1102, 0x1110]),
    (0x11CA, &[0x1103, 0x1100]),
    (0x11CB, &[0x1103, 0x1105]),
    (0x11CC, &[0x1105, 0x1100, 0x1109]),
    (0x11CD, &[0x1105, 0x1102]),
    (0x11CE, &[0x1105, 0x1103]),
    (0x11CF, &[0x1105, 0x1103, 0x1112]),
    (0x11D0, &[0x1105, 0x1105]),
    (0x11D1, &[0x1105, 0x1106, 0x1100]),
    (0x11D2, &[0x1105, 0x1106, 0x1109]),
    (0x11D3, &[0x1105, 0x1107, 0x1109]),
    (0x11D4, &[0x1105, 0x1107, 0x1112]),
    (0x11D5, &[0x1105, 0x1107, 0x110B]),
    (0x11D6, &[0x1105, 0x1109, 0x1109]),
    (0x11D7, &[0x1105, 0x1140]),
    (0x11D8, &[0x1105, 0x110F]),
    (0x11D9, &[0x1105, 0x1159]),
    (0x11DA, &[0x1106, 0x1100]),
    (0x11DB, &[0x1106, 0x1105]),
    (0x11DC, &[0x1106, 0x1107]),
    (0x11DD, &[0x1106, 0x1109]),
    (0x11DE, &[0x1106, 0x1109, 0x1109]),
    (0x11DF, &[0x1106, 0x1140]),
    (0x11E0, &[0x1106, 0x110E]),
    (0x11E1, &[0x1106, 0x1112]),
    (0x11E2, &[0x1106, 0x110B]),
    (0x11E3, &[0x1107, 0x1105]),
    (0x11E4, &[0x1107, 0x1111]),
    (0x11E5, &[0x1107, 0x1112]),
    (0x11E6, &[0x1107, 0x110B]),
    (0x11E7, &[0x1109, 0x1100]),
    (0x11E8, &[0x1109, 0x1103]),
    (0x11E9, &[0x1109, 0x1105]),
    (0x11EA, &[0x1109, 0x1107]),
    (0x11EB, &[0x1140]),
    (0x11EC, &[0x110B, 0x1100]),
    (0x11ED, &[0x110B, 0x1100, 0x1100]),
    (0x11EE, &[0x110B, 0x110B]),
    (0x11EF, &[0x110B, 0x110F]),
    (0x11F0, &[0x114C]),
    (0x11F1, &[0x110B, 0x1109]),
    (0x11F2, &[0x110B, 0x1140]),
    (0x11F3, &[0x1111, 0x1107]),
    (0x11F4, &[0x1111, 0x110B]),
    (0x11F5, &[0x1112, 0x1102]),
    (0x11F6, &[0x1112, 0x1105]),
    (0x11F7, &[0x1112, 0x1106]),
    (0x11F8, &[0x1112, 0x1107]),
    (0x11F9, &[0x1159]),
    (0x11FA, &[0x1100, 0x1102]),
    (0x11FB, &[0x1100, 0x1107]),
    (0x11FC, &[0x1100, 0x110E]),
    (0x11FD, &[0x1100, 0x110F]),
    (0x11FE, &[0x1100, 0x1112]),
    (0x11FF, &[0x1102, 0x1102]),
    (0x1200, &[0x55]),
    (0x1223, &[0x270]),
    (0x1240, &[0x3A6]),
    (0x1260, &[0x548]),
    (0x1294, &[0x571]),
    (0x12D0, &[0x4F]),
    (0x13A0, &[0x44]),
    (0x13A1, &[0x52]),
    (0x13A2, &[0x54]),
    (0x13A4, &[0x4F, 0x27]),
    (0x13A5, &[0x69]),
    (0x13A8, &[0x2C75]),
    (0x13A9, &[0x59]),
    (0x13AA, &[0x41]),
    (0x13AB, &[0x4A]),
    (0x13AC, &[0x45]),
    (0x13AE, &[0x3F]),
    (0x13B0, &[0x2C75]),
    (0x13B1, &[0x393]),
    (0x13B3, &[0x57]),
    (0x13B7, &[0x4D]),
    (0x13BB, &[0x48]),
    (0x13BD, &[0x59]),
    (0x13BE, &[0x4F, 0x335]),
    (0x13BF, &[0x1AB]),
    (0x13C0, &[0x47]),
    (0x13C2, &[0x68]),
    (0x13C3, &[0x5A]),
    (0x13C7, &[0x460]),
    (0x13CB, &[0x190]),
    (0x13CC, &[0x55, 0x335]),
    (0x13CE, &[0x34]),
    (0x13CF, &[0x62]),
    (0x13D2, &[0x52]),
    (0x13D4, &[0x57]),
    (0x13D5, &[0x53]),
    (0x13D9, &[0x56]),
    (0x13DA, &[0x53]),
    (0x13DE, &[0x4C]),
    (0x13DF, &[0x43]),
    (0x13E2, &[0x50]),
    (0x13E6, &[0x4B]),
    (0x13E7, &[0x64]),
    (0x13EB, &[0x4F, 0x335]),
    (0x13EE, &[0x36]),
    (0x13F0, &[0xDF]),
    (0x13F2, &[0x68, 0x314]),
    (0x13F3, &[0x47]),
    (0x13F4, &[0x42]),
    (0x13FB, &[0x262]),
    (0x13FC, &[0x299]),
    (0x1400, &[0x3D]),
    (0x1403, &[0x394]),
    (0x140C, &[0xB7, 0x1401]),
    (0x140D, &[0x1401, 0xB7]),
    (0x140E, &[0xB7, 0x394]),
    (0x140F, &[0x394, 0xB7]),
    (0x1410, &[0xB7, 0x1404]),
    (0x1411, &[0x1404, 0xB7]),
    (0x1412, &[0xB7, 0x1405]),
    (0x1413, &[0x1405, 0xB7]),
    (0x1414, &[0xB7, 0x1406]),
    (0x1415, &[0x1406, 0xB7]),
    (0x1417, &[0xB7, 0x140A]),
    (0x1418, &[0x140A, 0xB7]),
    (0x1419, &[0xB7, 0x140B]),
    (0x141A, &[0x140B, 0xB7]),
    (0x1427, &[0xB7]),
    (0x142B, &[0x1401, 0x1420]),
    (0x142C, &[0x394, 0x1420]),
    (0x142D, &[0x1405, 0x1420]),
    (0x142E, &[0x140A, 0x1420]),
    (0x142F, &[0x56]),
    (0x1431, &[0x245]),
    (0x1433, &[0x3E]),
    (0x1437, &[0xB7, 0x3E]),
    (0x1438, &[0x3C]),
    (0x143A, &[0xB7, 0x56]),
    (0x143B, &[0x56, 0xB7]),
    (0x143C, &[0xB7, 0x245]),
    (0x143D, &[0x245, 0xB7]),
    (0x143E, &[0xB7, 0x1432]),
    (0x143F, &[0x1432, 0xB7]),
    (0x1440, &[0xB7, 0x3E]),
    (0x1441, &[0x3E, 0xB7]),
    (0x1442, &[0xB7, 0x1434]),
    (0x1443, &[0x1434, 0xB7]),
    (0x1444, &[0xB7, 0x3C]),
    (0x1445, &[0x3C, 0xB7]),
    (0x1446, &[0xB7, 0x1439]),
    (0x1447, &[0x1439, 0xB7]),
    (0x144A, &[0x27]),
    (0x144C, &[0x55]),
    (0x144E, &[0x548]),
    (0x1454, &[0xB7, 0x1450]),
    (0x1457, &[0xB7, 0x55]),
    (0x1458, &[0x55, 0xB7]),
    (0x1459, &[0xB7, 0x548]),
    (0x145A, &[0x548, 0xB7]),
    (0x145B, &[0xB7, 0x144F]),
    (0x145C, &[0x144F, 0xB7]),
    (0x145D, &[0xB7, 0x1450]),
    (0x145E, &[0x1450, 0xB7]),
    (0x145F, &[0xB7, 0x1451]),
    (0x1460, &[0x1451, 0xB7]),
    (0x1461, &[0xB7, 0x1455]),
    (0x1462, &[0x1455, 0xB7]),
    (0x1463, &[0xB7, 0x1456]),
    (0x1464, &[0x1456, 0xB7]),
    (0x1467, &[0x55, 0x27]),
    (0x1468, &[0x548, 0x27]),
    (0x1469, &[0x1450, 0x27]),
    (0x146A, &[0x1455, 0x27]),
    (0x146D, &[0x50]),
    (0x146F, &[0x64]),
    (0x1472, &[0x62]),
    (0x1473, &[0x62, 0x307]),
    (0x1474, &[0xB7, 0x146B]),
    (0x1475, &[0x146B, 0xB7]),
    (0x1476, &[0xB7, 0x50]),
    (0x1477, &[0x70, 0xB7]),
    (0x1478, &[0xB7, 0x146E]),
    (0x1479, &[0x146E, 0xB7]),
    (0x147A, &[0xB7, 0x64]),
    (0x147B, &[0x64, 0xB7]),
    (0x147C, &[0xB7, 0x1470]),
    (0x147D, &[0x1470, 0xB7]),
    (0x147E, &[0xB7, 0x62]),
    (0x147F, &[0x62, 0xB7]),
    (0x1480, &[0xB7, 0x62, 0x307]),
    (0x1481, &[0x62, 0x307, 0xB7]),
    (0x1485, &[0x146B, 0x27]),
    (0x1486, &[0x50, 0x27]),
    (0x1487, &[0x64, 0x27]),
    (0x1488, &[0x62, 0x27]),
    (0x148D, &[0x4A]),
    (0x1492, &[0xB7, 0x1489]),
    (0x1493, &[0x1489, 0xB7]),
    (0x1494, &[0xB7, 0x148B]),
    (0x1495, &[0x148B, 0xB7]),
    (0x1496, &[0xB7, 0x148C]),
    (0x1497, &[0x148C, 0xB7]),
    (0x1498, &[0xB7, 0x4A]),
    (0x1499, &[0x4A, 0xB7]),
    (0x149A, &[0xB7, 0x148E]),
    (0x149B, &[0x148E, 0xB7]),
    (0x149C, &[0xB7, 0x1490]),
    (0x149D, &[0x1490, 0xB7]),
    (0x149E, &[0xB7, 0x1491]),
    (0x149F, &[0x1491, 0xB7]),
    (0x14A5, &[0x393]),
    (0x14AA, &[0x4C]),
    (0x14AC, &[0xB7, 0x14A3]),
    (0x14AD, &[0x14A3, 0xB7]),
    (0x14AE, &[0xB7, 0x393]),
    (0x14AF, &[0x393, 0xB7]),
    (0x14B0, &[0xB7, 0x14A6]),
    (0x14B1, &[0x14A6, 0xB7]),
    (0x14B2, &[0xB7, 0x14A7]),
    (0x14B3, &[0x14A7, 0xB7]),
    (0x14B4, &[0xB7, 0x14A8]),
    (0x14B5, &[0x14A8, 0xB7]),
    (0x14B6, &[0xB7, 0x4C]),
    (0x14B7, &[0x6C, 0xB7]),
    (0x14B8, &[0xB7, 0x14AB]),
    (0x14B9, &[0x14AB, 0xB7]),
    (0x14BF, &[0x32]),
    (0x14C9, &[0xB7, 0x14C0]),
    (0x14CA, &[0x14C0, 0xB7]),
    (0x14CB, &[0xB7, 0x14C7]),
    (0x14CC, &[0x14C7, 0xB7]),
    (0x14CD, &[0xB7, 0x14C8]),
    (0x14CE, &[0x14C8, 0xB7]),
    (0x14D1, &[0x1421]),
    (0x14DC, &[0xB7, 0x14D3]),
    (0x14DD, &[0x14D3, 0xB7]),
    (0x14DE, &[0xB7, 0x14D5]),
    (0x14DF, &[0x14D5, 0xB7]),
    (0x14E0, &[0xB7, 0x14D6]),
    (0x14E1, &[0x14D6, 0xB7]),
    (0x14E2, &[0xB7, 0x14D7]),
    (0x14E3, &[0x14D7, 0xB7]),
    (0x14E4, &[0xB7, 0x14D8]),
    (0x14E5, &[0x14D8, 0xB7]),
    (0x14E6, &[0xB7, 0x14DA]),
    (0x14E7, &[0x14DA, 0xB7]),
    (0x14E8, &[0xB7, 0x14DB]),
    (0x14E9, &[0x14DB, 0xB7]),
    (0x14F6, &[0xB7, 0x14ED]),
    (0x14F7, &[0x14ED, 0xB7]),
    (0x14F8, &[0xB7, 0x14EF]),
    (0x14F9, &[0x14EF, 0xB7]),
    (0x14FA, &[0xB7, 0x14F0]),
    (0x14FB, &[0x14F0, 0xB7]),
    (0x14FC, &[0xB7, 0x14F1]),
    (0x14FD, &[0x14F1, 0xB7]),
    (0x14FE, &[0xB7, 0x14F2]),
    (0x14FF, &[0x14F2, 0xB7]),
    (0x1500, &[0xB7, 0x14F4]),
    (0x1501, &[0x14F4, 0xB7]),
    (0x1502, &[0xB7, 0x14F5]),
    (0x1503, &[0x14F5, 0xB7]),
    (0x150C, &[0x150B, 0x3C]),
    (0x150D, &[0x150B, 0x1455]),
    (0x150E, &[0x150B, 0x62]),
    (0x150F, &[0x150B, 0x1490]),
    (0x1517, &[0xB7, 0x1510]),
    (0x1518, &[0x1510, 0xB7]),
    (0x1519, &[0xB7, 0x1511]),
    (0x151A, &[0x1511, 0xB7]),
    (0x151B, &[0xB7, 0x1512]),
    (0x151C, &[0x1512, 0xB7]),
    (0x151D, &[0xB7, 0x1513]),
    (0x151E, &[0x1513, 0xB7]),
    (0x151F, &[0xB7, 0x1514]),
    (0x1520, &[0x1514, 0xB7]),
    (0x1521, &[0xB7, 0x1515]),
    (0x1522, &[0x1515, 0xB7]),
    (0x1523, &[0xB7, 0x1516]),
    (0x1524, &[0x1516, 0xB7]),
    (0x152F, &[0xB7, 0x34]),
    (0x1530, &[0x34, 0xB7]),
    (0x1531, &[0xB7, 0x1528]),
    (0x1532, &[0x1528, 0xB7]),
    (0x1533, &[0xB7, 0x1529]),
    (0x1534, &[0x1529, 0xB7]),
    (0x1535, &[0xB7, 0x152A]),
    (0x1536, &[0x152A, 0xB7]),
    (0x1537, &[0xB7, 0x152B]),
    (0x1538, &[0x152B, 0xB7]),
    (0x1539, &[0xB7, 0x152D]),
    (0x153A, &[0x152D, 0xB7]),
    (0x153B, &[0xB7, 0x152E]),
    (0x153C, &[0x152E, 0xB7]),
    (0x1540, &[0x1429]),
    (0x1541, &[0x78]),
    (0x154E, &[0xB7, 0x154C]),
    (0x154F, &[0x154C, 0xB7]),
    (0x155B, &[0xB7, 0x155A]),
    (0x155C, &[0x155A, 0xB7]),
    (0x1568, &[0xB7, 0x1567]),
    (0x1569, &[0x1567, 0xB7]),
    (0x1577, &[0x1E9F]),
    (0x157C, &[0x48]),
    (0x157D, &[0x78]),
    (0x157E, &[0x1550, 0x146C]),
    (0x157F, &[0x1550, 0x50]),
    (0x1580, &[0x1550, 0x146E]),
    (0x1581, &[0x1550, 0x64]),
    (0x1582, &[0x1550, 0x1470]),
    (0x1583, &[0x1550, 0x62]),
    (0x1584, &[0x1550, 0x62, 0x307]),
    (0x1585, &[0x1550, 0x1483]),
    (0x1587, &[0x52]),
    (0x158E, &[0x1595, 0x148A]),
    (0x158F, &[0x1595, 0x148B]),
    (0x1590, &[0x1595, 0x148C]),
    (0x1591, &[0x1595, 0x4A]),
    (0x1592, &[0x1595, 0x148E]),
    (0x1593, &[0x1595, 0x1490]),
    (0x1594, &[0x1595, 0x1491]),
    (0x15AF, &[0x62]),
    (0x15B4, &[0x46]),
    (0x15B5, &[0x2132]),
    (0x15B7, &[0xA7FB]),
    (0x15C4, &[0x2C6F]),
    (0x15C5, &[0x41]),
    (0x15DE, &[0x44]),
    (0x15EA, &[0x44]),
    (0x15EF, &[0x460]),
    (0x15F0, &[0x4D]),
    (0x15F7, &[0x42]),
    (0x1602, &[0x1490]),
    (0x1603, &[0x1489]),
    (0x1604, &[0x14D3]),
    (0x1607, &[0x14DA]),
    (0x1622, &[0x1543]),
    (0x1623, &[0x1546]),
    (0x1624, &[0x154A]),
    (0x162E, &[0x1B1]),
    (0x162F, &[0x3A9]),
    (0x1634, &[0x1B1]),
    (0x1635, &[0x3A9]),
    (0x166D, &[0x58]),
    (0x166E, &[0x78]),
    (0x166F, &[0x1550, 0x146B]),
    (0x1670, &[0x1595, 0x1489]),
    (0x1671, &[0x1596, 0x148B]),
    (0x1672, &[0x1596, 0x148C]),
    (0x1673, &[0x1596, 0x4A]),
    (0x1674, &[0x1596, 0x148E]),
    (0x1675, &[0x1596, 0x1490]),
    (0x1676, &[0x1596, 0x1491]),
    (0x1677, &[0x15A7, 0xB7]),
    (0x1678, &[0x15A8, 0xB7]),
    (0x1679, &[0x15A9, 0xB7]),
    (0x167A, &[0x15AA, 0xB7]),
    (0x167B, &[0x15AB, 0xB7]),
    (0x167C, &[0x15AC, 0xB7]),
    (0x167D, &[0x15AD, 0xB7]),
    (0x1680, &[0x20]),
    (0x16B2, &[0x3C]),
    (0x16B7, &[0x58]),
    (0x16C1, &[0x6C]),
    (0x16C2, &[0x16BD]),
    (0x16CC, &[0x27]),
    (0x16D5, &[0x4B]),
    (0x16D6, &[0x4D]),
    (0x16D8, &[0x3A8]),
    (0x16E1, &[0x16BC]),
    (0x16EB, &[0xB7]),
    (0x16EC, &[0x3A]),
    (0x16ED, &[0x2B]),
    (0x16F0, &[0x3A6]),
    (0x1734, &[0x1715]),
    (0x1735, &[0x2F]),
    (0x17A3, &[0x17A2]),
    (0x17B7, &[0xE34]),
    (0x17B8, &[0xE35]),
    (0x17B9, &[0xE36]),
    (0x17BA, &[0xE37]),
    (0x17C6, &[0x30A]),
    (0x17CB, &[0xE48]),
    (0x17D3, &[0x30A]),
    (0x17D4, &[0xE2F]),
    (0x17D5, &[0xE5A]),
    (0x17D9, &[0xE4F]),
    (0x17DA, &[0xE5B]),
    (0x1803, &[0x3A]),
    (0x1809, &[0x3A]),
    (0x1855, &[0x1835]),
    (0x1896, &[0x185C]),
    (0x18B3, &[0xB7, 0x18B1]),
    (0x18B6, &[0xB7, 0x18B4]),
    (0x18B9, &[0xB7, 0x18B8]),
    (0x18C2, &[0xB7, 0x18C0]),
    (0x18C6, &[0xB7, 0x14C2]),
    (0x18C7, &[0x14C2, 0xB7]),
    (0x18C8, &[0xB7, 0x14C3]),
    (0x18C9, &[0x14C3, 0xB7]),
    (0x18CA, &[0xB7, 0x14C4]),
    (0x18CB, &[0x14C4, 0xB7]),
    (0x18CC, &[0xB7, 0x14C5]),
    (0x18CD, &[0x14C5, 0xB7]),
    (0x18CE, &[0xB7, 0x1543]),
    (0x18CF, &[0xB7, 0x1546]),
    (0x18D0, &[0xB7, 0x1547]),
    (0x18D1, &[0xB7, 0x1548]),
    (0x18D2, &[0xB7, 0x1549]),
    (0x18D3, &[0xB7, 0x154B]),
    (0x18DB, &[0x18F5]),
    (0x18DC, &[0x18DF, 0x141E]),
    (0x18DD, &[0x141E, 0x18DF]),
    (0x18E0, &[0x1543, 0xB7]),
    (0x18E3, &[0x155E, 0xB7]),
    (0x18E4, &[0x1566, 0xB7]),
    (0x18E5, &[0x156B, 0xB7]),
    (0x18E8, &[0x1586, 0xB7]),
    (0x18EA, &[0x1597, 0xB7]),
    (0x18ED, &[0x460, 0xB7]),
    (0x18F0, &[0x15F4, 0xB7]),
    (0x18F2, &[0x161B, 0xB7]),
    (0x19D0, &[0x199E]),
    (0x19D1, &[0x19B1]),
    (0x1A80, &[0x1A45]),
    (0x1A90, &[0x1A45]),
    (0x1AA9, &[0x1AA8, 0x1AA8]),
    (0x1AAB, &[0x1AAA, 0x1AA8]),
    (0x1AB4, &[0x6DB]),
    (0x1AB7, &[0x328]),
    (0x1B52, &[0x1B0D]),
    (0x1B53, &[0x1B11]),
    (0x1B58, &[0x1B28]),
    (0x1B5C, &[0x1B50]),
    (0x1B5F, &[0x1B5E, 0x1B5E]),
    (0x1C3C, &[0x1C3B, 0x1C3B]),
    (0x1C7F, &[0x1C7E, 0x1C7E]),
    (0x1CD0, &[0x302]),
    (0x1CD2, &[0x304]),
    (0x1CD3, &[0x27, 0x27]),
    (0x1CD5, &[0x32B]),
    (0x1CD8, &[0x32E]),
    (0x1CD9, &[0x32D]),
    (0x1CDA, &[0x30E]),
    (0x1CDC, &[0x329]),
    (0x1CDD, &[0x323]),
    (0x1CDE, &[0x324]),
    (0x1CED, &[0x316]),
    (0x1D04, &[0x63]),
    (0x1D08, &[0x25C]),
    (0x1D0B, &[0x138]),
    (0x1D0D, &[0x28D]),
    (0x1D0F, &[0x6F]),
    (0x1D10, &[0x254]),
    (0x1D11, &[0x6F]),
    (0x1D14, &[0x1DD, 0x6F]),
    (0x1D1C, &[0x75]),
    (0x1D20, &[0x76]),
    (0x1D21, &[0x77]),
    (0x1D22, &[0x7A]),
    (0x1D24, &[0x1A8]),
    (0x1D26, &[0x72]),
    (0x1D27, &[0x28C]),
    (0x1D28, &[0x3C0]),
    (0x1D29, &[0x1D18]),
    (0x1D2B, &[0x43B]),
    (0x1D3E, &[0x18D6]),
    (0x1D52, &[0xBA]),
    (0x1D6B, &[0x75, 0x65]),
    (0x1D6E, &[0x66, 0x334]),
    (0x1D6F, &[0x72, 0x6E, 0x334]),
    (0x1D70, &[0x6E, 0x334]),
    (0x1D72, &[0x72, 0x334]),
    (0x1D73, &[0x27E, 0x334]),
    (0x1D74, &[0x73, 0x334]),
    (0x1D75, &[0x74, 0x334]),
    (0x1D76, &[0x7A, 0x334]),
    (0x1D78, &[0x1D34]),
    (0x1D7B, &[0x69, 0x335]),
    (0x1D7C, &[0x69, 0x335]),
    (0x1D7D, &[0x70, 0x335]),
    (0x1D7E, &[0x75, 0x335]),
    (0x1D7F, &[0x28A, 0x335]),
    (0x1D83, &[0x67]),
    (0x1D8C, &[0x79]),
    (0x1D90, &[0x24B]),
    (0x1D9F, &[0x1D4B]),
    (0x1DA2, &[0x1D4D]),
    (0x1DBA, &[0x18D4]),
    (0x1DBB, &[0x1646]),
    (0x1DEE, &[0x2DEC]),
    (0x1E43, &[0xAB51]),
    (0x1E9A, &[0x1EA3]),
    (0x1E9D, &[0x66]),
    (0x1E9E, &[0xDF]),
    (0x1EFF, &[0x79]),
    (0x1F7D, &[0x1FF4]),
    (0x1FBD, &[0x27]),
    (0x1FBE, &[0x69]),
    (0x1FBF, &[0x27]),
    (0x1FC0, &[0x7E]),
    (0x1FEF, &[0x27]),
    (0x1FF6, &[0x13EF]),
    (0x1FFD, &[0x27]),
    (0x1FFE, &[0x27]),
    (0x2000, &[0x20]),
    (0x2001, &[0x20]),
    (0x2002, &[0x20]),
    (0x2003, &[0x20]),
    (0x2004, &[0x20]),
    (0x2005, &[0x20]),
    (0x2006, &[0x20]),
    (0x2007, &[0x20]),
    (0x2008, &[0x20]),
    (0x2009, &[0x20]),
    (0x200A, &[0x20]),
    (0x2010, &[0x2D]),
    (0x2011, &[0x2D]),
    (0x2012, &[0x2D]),
    (0x2013, &[0x2D]),
    (0x2014, &[0x30FC]),
    (0x2015, &[0x30FC]),
    (0x2016, &[0x6C, 0x6C]),
    (0x2018, &[0x27]),
    (0x2019, &[0x27]),
    (0x201A, &[0x2C]),
    (0x201B, &[0x27]),
    (0x201C, &[0x27, 0x27]),
    (0x201D, &[0x27, 0x27]),
    (0x201F, &[0x27, 0x27]),
    (0x2022, &[0xB7]),
    (0x2024, &[0x2E]),
    (0x2025, &[0x2E, 0x2E]),
    (0x2026, &[0x2E, 0x2E, 0x2E]),
    (0x2027, &[0xB7]),
    (0x2028, &[0x20]),
    (0x2029, &[0x20]),
    (0x202F, &[0x20]),
    (0x2030, &[0xBA, 0x2F, 0x2080, 0x2080]),
    (0x2031, &[0xBA, 0x2F, 0x2080, 0x2080, 0x2080]),
    (0x2032, &[0x27]),
    (0x2033, &[0x27, 0x27]),
    (0x2034, &[0x27, 0x27, 0x27]),
    (0x2035, &[0x27]),
    (0x2036, &[0x27, 0x27]),
    (0x2037, &[0x27, 0x27, 0x27]),
    (0x2039, &[0x3C]),
    (0x203A, &[0x3E]),
    (0x203C, &[0x21, 0x21]),
    (0x203E, &[0x2C9]),
    (0x2041, &[0x2F]),
    (0x2043, &[0x2D]),
    (0x2044, &[0x2F]),
    (0x2047, &[0x3F, 0x3F]),
    (0x2048, &[0x3F, 0x21]),
    (0x2049, &[0x21, 0x3F]),
    (0x204E, &[0x2A]),
    (0x2052, &[0xBA, 0x2F, 0x2080]),
    (0x2053, &[0x7E]),
    (0x2057, &[0x27, 0x27, 0x27, 0x27]),
    (0x205A, &[0x3A]),
    (0x205D, &[0x2D57]),
    (0x205E, &[0x2D42]),
    (0x205F, &[0x20]),
    (0x2070, &[0xBA]),
    (0x2079, &[0xA770]),
    (0x20A1, &[0x43, 0x20EB]),
    (0x20A4, &[0xA3]),
    (0x20A5, &[0x72, 0x6E, 0x338]),
    (0x20A8, &[0x52, 0x73]),
    (0x20A9, &[0x57, 0x335]),
    (0x20AB, &[0x64, 0x335, 0x331]),
    (0x20AC, &[0xA792]),
    (0x20AD, &[0x4B, 0x335]),
    (0x20AE, &[0x54, 0x20EB]),
    (0x20B6, &[0x6C, 0x74]),
    (0x20BD, &[0x554]),
    (0x20DB, &[0x6DB]),
    (0x2100, &[0x61, 0x2F, 0x63]),
    (0x2101, &[0x61, 0x2F, 0x73]),
    (0x2102, &[0x43]),
    (0x2103, &[0xB0, 0x43]),
    (0x2105, &[0x63, 0x2F, 0x6F]),
    (0x2106, &[0x63, 0x2F, 0x75]),
    (0x2107, &[0x190]),
    (0x2108, &[0x42D]),
    (0x2109, &[0xB0, 0x46]),
    (0x210A, &[0x67]),
    (0x210B, &[0x48]),
    (0x210C, &[0x48]),
    (0x210D, &[0x48]),
    (0x210E, &[0x68]),
    (0x210F, &[0x68, 0x335]),
    (0x2110, &[0x6C]),
    (0x2111, &[0x6C]),
    (0x2112, &[0x4C]),
    (0x2113, &[0x6C]),
    (0x2115, &[0x4E]),
    (0x2116, &[0x4E, 0x6F]),
    (0x2119, &[0x50]),
    (0x211A, &[0x51]),
    (0x211B, &[0x52]),
    (0x211C, &[0x52]),
    (0x211D, &[0x52]),
    (0x2121, &[0x54, 0x45, 0x4C]),
    (0x2124, &[0x5A]),
    (0x2126, &[0x3A9]),
    (0x2127, &[0x1B1]),
    (0x2128, &[0x5A]),
    (0x2129, &[0x27F]),
    (0x212A, &[0x4B]),
    (0x212C, &[0x42]),
    (0x212D, &[0x43]),
    (0x212E, &[0x65]),
    (0x212F, &[0x65]),
    (0x2130, &[0x45]),
    (0x2131, &[0x46]),
    (0x2133, &[0x4D]),
    (0x2134, &[0x6F]),
    (0x2135, &[0x5D0]),
    (0x2136, &[0x5D1]),
    (0x2137, &[0x5D2]),
    (0x2138, &[0x5D3]),
    (0x2139, &[0x69]),
    (0x213B, &[0x46, 0x41, 0x58]),
    (0x213C, &[0x3C0]),
    (0x213D, &[0x79]),
    (0x213E, &[0x393]),
    (0x213F, &[0x3A0]),
    (0x2140, &[0x1A9]),
    (0x2141, &[0xA4E8]),
    (0x2142, &[0xA4F6]),
    (0x2143, &[0x16F00]),
    (0x2145, &[0x44]),
    (0x2146, &[0x64]),
    (0x2147, &[0x65]),
    (0x2148, &[0x69]),
    (0x2149, &[0x6A]),
    (0x2160, &[0x6C]),
    (0x2161, &[0x6C, 0x6C]),
    (0x2162, &[0x6C, 0x6C, 0x6C]),
    (0x2163, &[0x6C, 0x56]),
    (0x2164, &[0x56]),
    (0x2165, &[0x56, 0x6C]),
    (0x2166, &[0x56, 0x6C, 0x6C]),
    (0x2167, &[0x56, 0x6C, 0x6C, 0x6C]),
    (0x2168, &[0x6C, 0x58]),
    (0x2169, &[0x58]),
    (0x216A, &[0x58, 0x6C]),
    (0x216B, &[0x58, 0x6C, 0x6C]),
    (0x216C, &[0x4C]),
    (0x216D, &[0x43]),
    (0x216E, &[0x44]),
    (0x216F, &[0x4D]),
    (0x2170, &[0x69]),
    (0x2171, &[0x69, 0x69]),
    (0x2172, &[0x69, 0x69, 0x69]),
    (0x2173, &[0x69, 0x76]),
    (0x2174, &[0x76]),
    (0x2175, &[0x76, 0x69]),
    (0x2176, &[0x76, 0x69, 0x69]),
    (0x2177, &[0x76, 0x69, 0x69, 0x69]),
    (0x2178, &[0x69, 0x78]),
    (0x2179, &[0x78]),
    (0x217A, &[0x78, 0x69]),
    (0x217B, &[0x78, 0x69, 0x69]),
    (0x217C, &[0x6C]),
    (0x217D, &[0x63]),
    (0x217E, &[0x64]),
    (0x217F, &[0x72, 0x6E]),
    (0x2183, &[0x186]),
    (0x2184, &[0x254]),
    (0x2191, &[0x16CF]),
    (0x2195, &[0x16E8]),
    (0x21B5, &[0x21B2]),
    (0x21BA, &[0x1F10E]),
    (0x21BE, &[0x16DA]),
    (0x21BF, &[0x16D0]),
    (0x2200, &[0x2C6F]),
    (0x2203, &[0x18E]),
    (0x2206, &[0x394]),
    (0x220F, &[0x3A0]),
    (0x2211, &[0x1A9]),
    (0x2212, &[0x2D]),
    (0x2214, &[0x2B, 0x307]),
    (0x2215, &[0x2F]),
    (0x2216, &[0x5C]),
    (0x2217, &[0x2A]),
    (0x2218, &[0xB0]),
    (0x2219, &[0xB7]),
    (0x221E, &[0x6F, 0x6F]),
    (0x2223, &[0x6C]),
    (0x2225, &[0x6C, 0x6C]),
    (0x2228, &[0x76]),
    (0x2229, &[0x548]),
    (0x222A, &[0x55]),
    (0x222B, &[0x283]),
    (0x222C, &[0x283, 0x283]),
    (0x222D, &[0x283, 0x283, 0x283]),
    (0x222F, &[0x222E, 0x222E]),
    (0x2230, &[0x222E, 0x222E, 0x222E]),
    (0x2236, &[0x3A]),
    (0x2238, &[0x2D, 0x307]),
    (0x223C, &[0x7E]),
    (0x2250, &[0x3D, 0x307]),
    (0x2251, &[0x3D, 0x307, 0x323]),
    (0x2257, &[0x3D, 0x30A]),
    (0x2259, &[0x3D, 0x302]),
    (0x225A, &[0x3D, 0x306]),
    (0x225E, &[0x3D, 0x36B]),
    (0x2263, &[0x2261]),
    (0x226A, &[0x3C, 0x3C]),
    (0x226B, &[0x3E, 0x3E]),
    (0x2282, &[0x1455]),
    (0x2283, &[0x1450]),
    (0x2295, &[0x102A8]),
    (0x2296, &[0x4F, 0x335]),
    (0x2299, &[0x298]),
    (0x229D, &[0x4F, 0x335]),
    (0x22A4, &[0x54]),
    (0x22A5, &[0xA4D5]),
    (0x22C0, &[0x2227]),
    (0x22C1, &[0x76]),
    (0x22C2, &[0x548]),
    (0x22C3, &[0x55]),
    (0x22C4, &[0x16DC]),
    (0x22C5, &[0xB7]),
    (0x22C8, &[0x16DE]),
    (0x22D6, &[0x3C, 0xB7]),
    (0x22D7, &[0xB7, 0x3E]),
    (0x22D8, &[0x3C, 0x3C, 0x3C]),
    (0x22D9, &[0x3E, 0x3E, 0x3E]),
    (0x22EE, &[0x2D57]),
    (0x22EF, &[0xB7, 0xB7, 0xB7]),
    (0x22F4, &[0xA793]),
    (0x22FF, &[0x45]),
    (0x2300, &[0x2205]),
    (0x2325, &[0x2324]),
    (0x2329, &[0x276C]),
    (0x232A, &[0x276D]),
    (0x2341, &[0x303C]),
    (0x2359, &[0x394, 0x332]),
    (0x235A, &[0x16DC, 0x332]),
    (0x235C, &[0xB0, 0x332]),
    (0x235F, &[0x229B]),
    (0x2361, &[0x54, 0x308]),
    (0x2362, &[0x2207, 0x308]),
    (0x2363, &[0x22C6, 0x308]),
    (0x2364, &[0xB0, 0x308]),
    (0x2365, &[0x629]),
    (0x2368, &[0x7E, 0x308]),
    (0x2369, &[0x1435]),
    (0x236B, &[0x2207, 0x334]),
    (0x236C, &[0x4F, 0x335]),
    (0x2373, &[0x69]),
    (0x2374, &[0x70]),
    (0x2375, &[0x3C9]),
    (0x2376, &[0x61, 0x332]),
    (0x2377, &[0xA793, 0x332]),
    (0x2378, &[0x69, 0x332]),
    (0x2379, &[0x3C9, 0x332]),
    (0x237A, &[0x61]),
    (0x237F, &[0x16BD]),
    (0x239C, &[0x4E28]),
    (0x239F, &[0x4E28]),
    (0x23A2, &[0x4E28]),
    (0x23A5, &[0x4E28]),
    (0x23AA, &[0x4E28]),
    (0x23AE, &[0x4E28]),
    (0x23C1, &[0x2355]),
    (0x23C2, &[0x234E]),
    (0x23C3, &[0x234B]),
    (0x23C6, &[0x236D]),
    (0x23E8, &[0x2081, 0x2080]),
    (0x23FC, &[0x23FB]),
    (0x23FD, &[0x6C]),
    (0x23FE, &[0x263E]),
    (0x244A, &[0x5C, 0x5C]),
    (0x2460, &[0x2780]),
    (0x2461, &[0x2781]),
    (0x2462, &[0x2782]),
    (0x2463, &[0x2783]),
    (0x2464, &[0x2784]),
    (0x2465, &[0x2785]),
    (0x2466, &[0x2786]),
    (0x2467, &[0x2787]),
    (0x2468, &[0x2788]),
    (0x2469, &[0x2789]),
    (0x2474, &[0x28, 0x6C, 0x29]),
    (0x2475, &[0x28, 0x32, 0x29]),
    (0x2476, &[0x28, 0x33, 0x29]),
    (0x2477, &[0x28, 0x34, 0x29]),
    (0x2478, &[0x28, 0x35, 0x29]),
    (0x2479, &[0x28, 0x36, 0x29]),
    (0x247A, &[0x28, 0x37, 0x29]),
    (0x247B, &[0x28, 0x38, 0x29]),
    (0x247C, &[0x28, 0x39, 0x29]),
    (0x247D, &[0x28, 0x6C, 0x4F, 0x29]),
    (0x247E, &[0x28, 0x6C, 0x6C, 0x29]),
    (0x247F, &[0x28, 0x6C, 0x32, 0x29]),
    (0x2480, &[0x28, 0x6C, 0x33, 0x29]),
    (0x2481, &[0x28, 0x6C, 0x34, 0x29]),
    (0x2482, &[0x28, 0x6C, 0x35, 0x29]),
    (0x2483, &[0x28, 0x6C, 0x36, 0x29]),
    (0x2484, &[0x28, 0x6C, 0x37, 0x29]),
    (0x2485, &[0x28, 0x6C, 0x38, 0x29]),
    (0x2486, &[0x28, 0x6C, 0x39, 0x29]),
    (0x2487, &[0x28, 0x32, 0x4F, 0x29]),
    (0x2488, &[0x6C, 0x2E]),
    (0x2489, &[0x32, 0x2E]),
    (0x248A, &[0x33, 0x2E]),
    (0x248B, &[0x34, 0x2E]),
    (0x248C, &[0x35, 0x2E]),
    (0x248D, &[0x36, 0x2E]),
    (0x248E, &[0x37, 0x2E]),
    (0x248F, &[0x38, 0x2E]),
    (0x2490, &[0x39, 0x2E]),
    (0x2491, &[0x6C, 0x4F, 0x2E]),
    (0x2492, &[0x6C, 0x6C, 0x2E]),
    (0x2493, &[0x6C, 0x32, 0x2E]),
    (0x2494, &[0x6C, 0x33, 0x2E]),
    (0x2495, &[0x6C, 0x34, 0x2E]),
    (0x2496, &[0x6C, 0x35, 0x2E]),
    (0x2497, &[0x6C, 0x36, 0x2E]),
    (0x2498, &[0x6C, 0x37, 0x2E]),
    (0x2499, &[0x6C, 0x38, 0x2E]),
    (0x249A, &[0x6C, 0x39, 0x2E]),
    (0x249B, &[0x32, 0x4F, 0x2E]),
    (0x249C, &[0x28, 0x61, 0x29]),
    (0x249D, &[0x28, 0x62, 0x29]),
    (0x249E, &[0x28, 0x63, 0x29]),
    (0x249F, &[0x28, 0x64, 0x29]),
    (0x24A0, &[0x28, 0x65, 0x29]),
    (0x24A1, &[0x28, 0x66, 0x29]),
    (0x24A2, &[0x28, 0x67, 0x29]),
    (0x24A3, &[0x28, 0x68, 0x29]),
    (0x24A4, &[0x28, 0x69, 0x29]),
    (0x24A5, &[0x28, 0x6A, 0x29]),
    (0x24A6, &[0x28, 0x6B, 0x29]),
    (0x24A7, &[0x28, 0x6C, 0x29]),
    (0x24A8, &[0x28, 0x72, 0x6E, 0x29]),
    (0x24A9, &[0x28, 0x6E, 0x29]),
    (0x24AA, &[0x28, 0x6F, 0x29]),
    (0x24AB, &[0x28, 0x70, 0x29]),
    (0x24AC, &[0x28, 0x71, 0x29]),
    (0x24AD, &[0x28, 0x72, 0x29]),
    (0x24AE, &[0x28, 0x73, 0x29]),
    (0x24AF, &[0x28, 0x74, 0x29]),
    (0x24B0, &[0x28, 0x75, 0x29]),
    (0x24B1, &[0x28, 0x76, 0x29]),
    (0x24B2, &[0x28, 0x77, 0x29]),
    (0x24B3, &[0x28, 0x78, 0x29]),
    (0x24B4, &[0x28, 0x79, 0x29]),
    (0x24B5, &[0x28, 0x7A, 0x29]),
    (0x24B8, &[0xA9]),
    (0x24C5, &[0x2117]),
    (0x24C7, &[0xAE]),
    (0x24DB, &[0x24BE]),
    (0x24EA, &[0x1F10D]),
    (0x2500, &[0x30FC]),
    (0x2501, &[0x30FC]),
    (0x2503, &[0x2502]),
    (0x250F, &[0x250C]),
    (0x2523, &[0x251C]),
    (0x2571, &[0x2F]),
    (0x2573, &[0x58]),
    (0x2588, &[0x220E]),
    (0x2590, &[0x258C]),
    (0x2594, &[0x2C9]),
    (0x2597, &[0x2596]),
    (0x259D, &[0x2598]),
    (0x25A0, &[0x220E]),
    (0x25B1, &[0x23E5]),
    (0x25B3, &[0x394]),
    (0x25B7, &[0x22B3]),
    (0x25B8, &[0x25B6]),
    (0x25BA, &[0x25B6]),
    (0x25BD, &[0x102BC]),
    (0x25C1, &[0x22B2]),
    (0x25C7, &[0x16DC]),
    (0x25CA, &[0x16DC]),
    (0x25CB, &[0xB0]),
    (0x25CE, &[0x233E]),
    (0x25E0, &[0x2312]),
    (0x25E6, &[0xB0]),
    (0x2609, &[0x298]),
    (0x2610, &[0x25A1]),
    (0x2625, &[0x1099E]),
    (0x2630, &[0x2CB6]),
    (0x2638, &[0x2388]),
    (0x264E, &[0x224F]),
    (0x2662, &[0x16DC]),
    (0x2669, &[0x1D158, 0x1D165]),
    (0x266A, &[0x1D158, 0x1D165, 0x1D16E]),
    (0x26AC, &[0x970]),
    (0x2768, &[0x28]),
    (0x2769, &[0x29]),
    (0x276E, &[0x3C]),
    (0x276F, &[0x3E]),
    (0x2772, &[0x28]),
    (0x2773, &[0x29]),
    (0x2774, &[0x7B]),
    (0x2775, &[0x7D]),
    (0x2795, &[0x2B]),
    (0x2796, &[0x2D]),
    (0x2797, &[0xF7]),
    (0x27C2, &[0xA4D5]),
    (0x27C8, &[0x5C, 0x1455]),
    (0x27C9, &[0x1450, 0x2F]),
    (0x27CB, &[0x2F]),
    (0x27CD, &[0x5C]),
    (0x27D9, &[0x54]),
    (0x27E8, &[0x276C]),
    (0x27E9, &[0x276D]),
    (0x292B, &[0x78]),
    (0x292C, &[0x78]),
    (0x2963, &[0x16D0, 0x16DA]),
    (0x2965, &[0x21C3, 0x21C2]),
    (0x296E, &[0x16D0, 0x21C2]),
    (0x296F, &[0x21C3, 0x16DA]),
    (0x2999, &[0x2D42]),
    (0x29B0, &[0x2349]),
    (0x29BE, &[0x233E]),
    (0x29C4, &[0x303C]),
    (0x29C5, &[0x2342]),
    (0x29C7, &[0x233B]),
    (0x29D6, &[0x102C0]),
    (0x29D9, &[0x299A]),
    (0x29F4, &[0x3A, 0x2192]),
    (0x29F5, &[0x5C]),
    (0x29F6, &[0x2F, 0x304]),
    (0x29F8, &[0x2F]),
    (0x29F9, &[0x5C]),
    (0x2A00, &[0x298]),
    (0x2A01, &[0x102A8]),
    (0x2A02, &[0x2297]),
    (0x2A03, &[0x228D]),
    (0x2A04, &[0x228E]),
    (0x2A05, &[0x2293]),
    (0x2A06, &[0x2294]),
    (0x2A0C, &[0x283, 0x283, 0x283, 0x283]),
    (0x2A1D, &[0x16DE]),
    (0x2A20, &[0x3E, 0x3E]),
    (0x2A21, &[0x16DA]),
    (0x2A22, &[0x2B, 0x30A]),
    (0x2A23, &[0x2B, 0x302]),
    (0x2A24, &[0x2B, 0x303]),
    (0x2A25, &[0x2B, 0x323]),
    (0x2A26, &[0x2B, 0x330]),
    (0x2A27, &[0x2B, 0x2082]),
    (0x2A29, &[0x2D, 0x313]),
    (0x2A2A, &[0x2D, 0x323]),
    (0x2A2F, &[0x78]),
    (0x2A30, &[0x78, 0x307]),
    (0x2A3D, &[0x2319]),
    (0x2A3E, &[0x2A1F]),
    (0x2A3F, &[0x2210]),
    (0x2A6A, &[0x7E, 0x307]),
    (0x2A6E, &[0x3D, 0x20F0]),
    (0x2A74, &[0x3A, 0x3A, 0x3D]),
    (0x2A75, &[0x3D, 0x3D]),
    (0x2A76, &[0x3D, 0x3D, 0x3D]),
    (0x2AA5, &[0x3E, 0x3C]),
    (0x2AAA, &[0x15D5]),
    (0x2AAB, &[0x15D2]),
    (0x2AD7, &[0x1450, 0x1455]),
    (0x2AFB, &[0x2F, 0x2F, 0x2F]),
    (0x2AFD, &[0x2F, 0x2F]),
    (0x2BEC, &[0x219E]),
    (0x2BED, &[0x219F]),
    (0x2BEE, &[0x21A0]),
    (0x2BEF, &[0x21A1]),
    (0x2C67, &[0x48, 0x329]),
    (0x2C69, &[0x4B, 0x329]),
    (0x2C84, &[0x393]),
    (0x2C85, &[0x72]),
    (0x2C86, &[0x394]),
    (0x2C88, &[0xA792]),
    (0x2C89, &[0xA793]),
    (0x2C8E, &[0x48]),
    (0x2C92, &[0x6C]),
    (0x2C94, &[0x4B]),
    (0x2C95, &[0x138]),
    (0x2C96, &[0x3BB]),
    (0x2C98, &[0x4D]),
    (0x2C9A, &[0x4E]),
    (0x2C9E, &[0x4F]),
    (0x2C9F, &[0x6F]),
    (0x2CA0, &[0x3A0]),
    (0x2CA2, &[0x50]),
    (0x2CA3, &[0x70]),
    (0x2CA4, &[0x43]),
    (0x2CA5, &[0x63]),
    (0x2CA6, &[0x54]),
    (0x2CA8, &[0x59]),
    (0x2CAA, &[0x3A6]),
    (0x2CAB, &[0x278]),
    (0x2CAC, &[0x58]),
    (0x2CAD, &[0x3C7]),
    (0x2CAE, &[0x3A8]),
    (0x2CB1, &[0x3C9]),
    (0x2CB4, &[0x3C, 0xB7]),
    (0x2CBA, &[0x2D]),
    (0x2CBC, &[0x428]),
    (0x2CBD, &[0x448]),
    (0x2CC6, &[0x2F]),
    (0x2CCA, &[0x39]),
    (0x2CCC, &[0x33]),
    (0x2CCD, &[0x21D]),
    (0x2CD0, &[0x4C]),
    (0x2CD1, &[0x29F]),
    (0x2CD2, &[0x36]),
    (0x2CDC, &[0x3EC]),
    (0x2CE4, &[0x3D7]),
    (0x2CE9, &[0x2627]),
    (0x2CF9, &[0x5C, 0x5C]),
    (0x2D31, &[0x4F, 0x335]),
    (0x2D37, &[0x245]),
    (0x2D38, &[0x56]),
    (0x2D39, &[0x45]),
    (0x2D3A, &[0x18E]),
    (0x2D41, &[0x4F, 0x338]),
    (0x2D48, &[0xB7, 0xB7, 0xB7]),
    (0x2D49, &[0x1A9]),
    (0x2D4F, &[0x6C]),
    (0x2D51, &[0x21]),
    (0x2D54, &[0x4F]),
    (0x2D55, &[0x51]),
    (0x2D59, &[0x298]),
    (0x2D5D, &[0x58]),
    (0x2D60, &[0x394]),
    (0x2D63, &[0x16EF]),
    (0x2DE8, &[0x1DDF]),
    (0x2DEA, &[0x30A]),
    (0x2DED, &[0x368]),
    (0x2DEF, &[0x36F]),
    (0x2DF6, &[0x363]),
    (0x2DF7, &[0x364]),
    (0x2E1A, &[0x2D, 0x308]),
    (0x2E1E, &[0x7E, 0x307]),
    (0x2E1F, &[0x7E, 0x323]),
    (0x2E26, &[0x1455]),
    (0x2E27, &[0x1450]),
    (0x2E28, &[0x28, 0x28]),
    (0x2E29, &[0x29, 0x29]),
    (0x2E2A, &[0x2235]),
    (0x2E2B, &[0x2234]),
    (0x2E2C, &[0x2237]),
    (0x2E2E, &[0x61F]),
    (0x2E30, &[0xB0]),
    (0x2E31, &[0xB7]),
    (0x2E32, &[0x60C]),
    (0x2E35, &[0x61B]),
    (0x2E39, &[0x1E9F]),
    (0x2E3D, &[0x2D42]),
    (0x2E3F, &[0xB6]),
    (0x2E40, &[0x3D]),
    (0x2E82, &[0x4E5B]),
    (0x2E83, &[0x4E5A]),
    (0x2E85, &[0x4EBB]),
    (0x2E89, &[0x5202]),
    (0x2E8B, &[0x353E]),
    (0x2E8E, &[0x5140]),
    (0x2E8F, &[0x5C23]),
    (0x2E90, &[0x5C22]),
    (0x2E92, &[0x5DF3]),
    (0x2E93, &[0x5E7A]),
    (0x2E94, &[0x5F51]),
    (0x2E96, &[0x5FC4]),
    (0x2E97, &[0x38FA]),
    (0x2E98, &[0x624C]),
    (0x2E99, &[0x6535]),
    (0x2E9B, &[0x65E1]),
    (0x2E9E, &[0x6B7A]),
    (0x2E9F, &[0x6BCD]),
    (0x2EA0, &[0x6C11]),
    (0x2EA1, &[0x6C35]),
    (0x2EA2, &[0x6C3A]),
    (0x2EA3, &[0x706C]),
    (0x2EA4, &[0x722B]),
    (0x2EA6, &[0x4E2C]),
    (0x2EA8, &[0x72AD]),
    (0x2EAB, &[0x7F52]),
    (0x2EAD, &[0x793B]),
    (0x2EAF, &[0x7CF9]),
    (0x2EB1, &[0x7F53]),
    (0x2EB2, &[0x7F52]),
    (0x2EB9, &[0x8002]),
    (0x2EBA, &[0x8080]),
    (0x2EBE, &[0x8279]),
    (0x2EBF, &[0x8279]),
    (0x2EC0, &[0x8279]),
    (0x2EC1, &[0x864E]),
    (0x2EC2, &[0x8864]),
    (0x2EC3, &[0x8980]),
    (0x2EC4, &[0x897F]),
    (0x2EC5, &[0x89C1]),
    (0x2EC8, &[0x8BA0]),
    (0x2EC9, &[0x8D1D]),
    (0x2ECB, &[0x8F66]),
    (0x2ECC, &[0x8FB6]),
    (0x2ECD, &[0x8FB6]),
    (0x2ECF, &[0x961D]),
    (0x2ED0, &[0x9485]),
    (0x2ED1, &[0x9577]),
    (0x2ED2, &[0x9578]),
    (0x2ED3, &[0x957F]),
    (0x2ED4, &[0x95E8]),
    (0x2ED6, &[0x961D]),
    (0x2ED8, &[0x9752]),
    (0x2ED9, &[0x97E6]),
    (0x2EDA, &[0x9875]),
    (0x2EDB, &[0x98CE]),
    (0x2EDC, &[0x98DE]),
    (0x2EDD, &[0x98DF]),
    (0x2EDF, &[0x98E0]),
    (0x2EE0, &[0x9963]),
    (0x2EE2, &[0x9A6C]),
    (0x2EE4, &[0x9B3C]),
    (0x2EE5, &[0x9C7C]),
    (0x2EE8, &[0x9EA6]),
    (0x2EE9, &[0x9EC4]),
    (0x2EEB, &[0x6589]),
    (0x2EEC, &[0x9F50]),
    (0x2EED, &[0x6B6F]),
    (0x2EEE, &[0x9F7F]),
    (0x2EEF, &[0x7ADC]),
    (0x2EF0, &[0x9F99]),
    (0x2EF2, &[0x4E80]),
    (0x2EF3, &[0x9F9F]),
    (0x2F00, &[0x30FC]),
    (0x2F01, &[0x4E28]),
    (0x2F02, &[0x5C]),
    (0x2F03, &[0x2F]),
    (0x2F04, &[0x4E59]),
    (0x2F05, &[0x4E85]),
    (0x2F06, &[0x4E8C]),
    (0x2F07, &[0x4EA0]),
    (0x2F08, &[0x4EBA]),
    (0x2F09, &[0x513F]),
    (0x2F0A, &[0x5165]),
    (0x2F0B, &[0x516B]),
    (0x2F0C, &[0x5182]),
    (0x2F0D, &[0x5196]),
    (0x2F0E, &[0x51AB]),
    (0x2F0F, &[0x51E0]),
    (0x2F10, &[0x51F5]),
    (0x2F11, &[0x5200]),
    (0x2F12, &[0x529B]),
    (0x2F13, &[0x52F9]),
    (0x2F14, &[0x5315]),
    (0x2F15, &[0x531A]),
    (0x2F16, &[0x5338]),
    (0x2F17, &[0x5341]),
    (0x2F18, &[0x535C]),
    (0x2F19, &[0x5369]),
    (0x2F1A, &[0x5382]),
    (0x2F1B, &[0x53B6]),
    (0x2F1C, &[0x53C8]),
    (0x2F1D, &[0x53E3]),
    (0x2F1E, &[0x53E3]),
    (0x2F1F, &[0x571F]),
    (0x2F20, &[0x571F]),
    (0x2F21, &[0x5902]),
    (0x2F22, &[0x590A]),
    (0x2F23, &[0x5915]),
    (0x2F24, &[0x5927]),
    (0x2F25, &[0x5973]),
    (0x2F26, &[0x5B50]),
    (0x2F27, &[0x5B80]),
    (0x2F28, &[0x5BF8]),
    (0x2F29, &[0x5C0F]),
    (0x2F2A, &[0x5C22]),
    (0x2F2B, &[0x5C38]),
    (0x2F2C, &[0x5C6E]),
    (0x2F2D, &[0x5C71]),
    (0x2F2E, &[0x5DDB]),
    (0x2F2F, &[0x5DE5]),
    (0x2F30, &[0x5DF1]),
    (0x2F31, &[0x5DFE]),
    (0x2F32, &[0x5E72]),
    (0x2F33, &[0x5E7A]),
    (0x2F34, &[0x5E7F]),
    (0x2F35, &[0x5EF4]),
    (0x2F36, &[0x5EFE]),
    (0x2F37, &[0x5F0B]),
    (0x2F38, &[0x5F13]),
    (0x2F39, &[0x5F50]),
    (0x2F3A, &[0x5F61]),
    (0x2F3B, &[0x5F73]),
    (0x2F3C, &[0x5FC3]),
    (0x2F3D, &[0x6208]),
    (0x2F3E, &[0x6236]),
    (0x2F3F, &[0x624B]),
    (0x2F40, &[0x652F]),
    (0x2F41, &[0x6534]),
    (0x2F42, &[0x6587]),
    (0x2F43, &[0x6597]),
    (0x2F44, &[0x65A4]),
    (0x2F45, &[0x65B9]),
    (0x2F46, &[0x65E0]),
    (0x2F47, &[0x65E5]),
    (0x2F48, &[0x66F0]),
    (0x2F49, &[0x6708]),
    (0x2F4A, &[0x6728]),
    (0x2F4B, &[0x6B20]),
    (0x2F4C, &[0x6B62]),
    (0x2F4D, &[0x6B79]),
    (0x2F4E, &[0x6BB3]),
    (0x2F4F, &[0x6BCB]),
    (0x2F50, &[0x6BD4]),
    (0x2F51, &[0x6BDB]),
    (0x2F52, &[0x6C0F]),
    (0x2F53, &[0x6C14]),
    (0x2F54, &[0x6C34]),
    (0x2F55, &[0x706B]),
    (0x2F56, &[0x722A]),
    (0x2F57, &[0x7236]),
    (0x2F58, &[0x723B]),
    (0x2F59, &[0x723F]),
    (0x2F5A, &[0x7247]),
    (0x2F5B, &[0x7259]),
    (0x2F5C, &[0x725B]),
    (0x2F5D, &[0x72AC]),
    (0x2F5E, &[0x7384]),
    (0x2F5F, &[0x7389]),
    (0x2F60, &[0x74DC]),
    (0x2F61, &[0x74E6]),
    (0x2F62, &[0x7518]),
    (0x2F63, &[0x751F]),
    (0x2F64, &[0x7528]),
    (0x2F65, &[0x7530]),
    (0x2F66, &[0x758B]),
    (0x2F67, &[0x7592]),
    (0x2F68, &[0x7676]),
    (0x2F69, &[0x767D]),
    (0x2F6A, &[0x76AE]),
    (0x2F6B, &[0x76BF]),
    (0x2F6C, &[0x76EE]),
    (0x2F6D, &[0x77DB]),
    (0x2F6E, &[0x77E2]),
    (0x2F6F, &[0x77F3]),
    (0x2F70, &[0x793A]),
    (0x2F71, &[0x79B8]),
    (0x2F72, &[0x79BE]),
    (0x2F73, &[0x7A74]),
    (0x2F74, &[0x7ACB]),
    (0x2F75, &[0x7AF9]),
    (0x2F76, &[0x7C73]),
    (0x2F77, &[0x7CF8]),
    (0x2F78, &[0x7F36]),
    (0x2F79, &[0x7F51]),
    (0x2F7A, &[0x7F8A]),
    (0x2F7B, &[0x7FBD]),
    (0x2F7C, &[0x8001]),
    (0x2F7D, &[0x800C]),
    (0x2F7E, &[0x8012]),
    (0x2F7F, &[0x8033]),
    (0x2F80, &[0x807F]),
    (0x2F81, &[0x8089]),
    (0x2F82, &[0x81E3]),
    (0x2F83, &[0x81EA]),
    (0x2F84, &[0x81F3]),
    (0x2F85, &[0x81FC]),
    (0x2F86, &[0x820C]),
    (0x2F87, &[0x821B]),
    (0x2F88, &[0x821F]),
    (0x2F89, &[0x826E]),
    (0x2F8A, &[0x8272]),
    (0x2F8B, &[0x8278]),
    (0x2F8C, &[0x864D]),
    (0x2F8D, &[0x866B]),
    (0x2F8E, &[0x8840]),
    (0x2F8F, &[0x884C]),
    (0x2F90, &[0x8863]),
    (0x2F91, &[0x897E]),
    (0x2F92, &[0x898B]),
    (0x2F93, &[0x89D2]),
    (0x2F94, &[0x8A00]),
    (0x2F95, &[0x8C37]),
    (0x2F96, &[0x8C46]),
    (0x2F97, &[0x8C55]),
    (0x2F98, &[0x8C78]),
    (0x2F99, &[0x8C9D]),
    (0x2F9A, &[0x8D64]),
    (0x2F9B, &[0x8D70]),
    (0x2F9C, &[0x8DB3]),
    (0x2F9D, &[0x8EAB]),
    (0x2F9E, &[0x8ECA]),
    (0x2F9F, &[0x8F9B]),
    (0x2FA0, &[0x8FB0]),
    (0x2FA1, &[0x8FB5]),
    (0x2FA2, &[0x9091]),
    (0x2FA3, &[0x9149]),
    (0x2FA4, &[0x91C6]),
    (0x2FA5, &[0x91CC]),
    (0x2FA6, &[0x91D1]),
    (0x2FA7, &[0x9577]),
    (0x2FA8, &[0x9580]),
    (0x2FA9, &[0x961C]),
    (0x2FAA, &[0x96B6]),
    (0x2FAB, &[0x96B9]),
    (0x2FAC, &[0x96E8]),
    (0x2FAD, &[0x9751]),
    (0x2FAE, &[0x975E]),
    (0x2FAF, &[0x9762]),
    (0x2FB0, &[0x9769]),
    (0x2FB1, &[0x97CB]),
    (0x2FB2, &[0x97ED]),
    (0x2FB3, &[0x97F3]),
    (0x2FB4, &[0x9801]),
    (0x2FB5, &[0x98A8]),
    (0x2FB6, &[0x98DB]),
    (0x2FB7, &[0x98DF]),
    (0x2FB8, &[0x9996]),
    (0x2FB9, &[0x9999]),
    (0x2FBA, &[0x99AC]),
    (0x2FBB, &[0x9AA8]),
    (0x2FBC, &[0x9AD8]),
    (0x2FBD, &[0x9ADF]),
    (0x2FBE, &[0x9B25]),
    (0x2FBF, &[0x9B2F]),
    (0x2FC0, &[0x9B32]),
    (0x2FC1, &[0x9B3C]),
    (0x2FC2, &[0x9B5A]),
    (0x2FC3, &[0x9CE5]),
    (0x2FC4, &[0x9E75]),
    (0x2FC5, &[0x9E7F]),
    (0x2FC6, &[0x9EA5]),
    (0x2FC7, &[0x9EBB]),
    (0x2FC8, &[0x9EC3]),
    (0x2FC9, &[0x9ECD]),
    (0x2FCA, &[0x9ED1]),
    (0x2FCB, &[0x9EF9]),
    (0x2FCC, &[0x9EFD]),
    (0x2FCD, &[0x9F0E]),
    (0x2FCE, &[0x9F13]),
    (0x2FCF, &[0x9F20]),
    (0x2FD0, &[0x9F3B]),
    (0x2FD1, &[0x9F4A]),
    (0x2FD2, &[0x9F52]),
    (0x2FD3, &[0x9F8D]),
    (0x2FD4, &[0x9F9C]),
    (0x2FD5, &[0x9FA0]),
    (0x3002, &[0x2F3]),
    (0x3003, &[0x27, 0x27]),
    (0x3007, &[0x4F]),
    (0x3008, &[0x276C]),
    (0x3009, &[0x276D]),
    (0x3012, &[0x20B8]),
    (0x3014, &[0x28]),
    (0x3015, &[0x29]),
    (0x301A, &[0x27E6]),
    (0x301B, &[0x27E7]),
    (0x302C, &[0x309]),
    (0x302D, &[0x325]),
    (0x3033, &[0x2F]),
    (0x3036, &[0x20B8]),
    (0x3038, &[0x5341]),
    (0x3039, &[0x5344]),
    (0x303A, &[0x5345]),
    (0x304F, &[0x276C]),
    (0x309A, &[0x30A]),
    (0x309B, &[0xFF9E]),
    (0x309C, &[0xFF9F]),
    (0x30A0, &[0x3D]),
    (0x30A4, &[0x4EBB]),
    (0x30A8, &[0x5DE5]),
    (0x30AB, &[0x529B]),
    (0x30BF, &[0x5915]),
    (0x30C8, &[0x535C]),
    (0x30CB, &[0x4E8C]),
    (0x30CE, &[0x2F]),
    (0x30CF, &[0x516B]),
    (0x30D8, &[0x3078]),
    (0x30ED, &[0x53E3]),
    (0x30FB, &[0xB7]),
    (0x3126, &[0x513F]),
    (0x3131, &[0x1100]),
    (0x3132, &[0x1100, 0x1100]),
    (0x3133, &[0x1100, 0x1109]),
    (0x3134, &[0x1102]),
    (0x3135, &[0x1102, 0x110C]),
    (0x3136, &[0x1102, 0x1112]),
    (0x3137, &[0x1103]),
    (0x3138, &[0x1103, 0x1103]),
    (0x3139, &[0x1105]),
    (0x313A, &[0x1105, 0x1100]),
    (0x313B, &[0x1105, 0x1106]),
    (0x313C, &[0x1105, 0x1107]),
    (0x313D, &[0x1105, 0x1109]),
    (0x313E, &[0x1105, 0x1110]),
    (0x313F, &[0x1105, 0x1111]),
    (0x3140, &[0x1105, 0x1112]),
    (0x3141, &[0x1106]),
    (0x3142, &[0x1107]),
    (0x3143, &[0x1107, 0x1107]),
    (0x3144, &[0x1107, 0x1109]),
    (0x3145, &[0x1109]),
    (0x3146, &[0x1109, 0x1109]),
    (0x3147, &[0x110B]),
    (0x3148, &[0x110C]),
    (0x3149, &[0x110C, 0x110C]),
    (0x314A, &[0x110E]),
    (0x314B, &[0x110F]),
    (0x314C, &[0x1110]),
    (0x314D, &[0x1111]),
    (0x314E, &[0x1112]),
    (0x314F, &[0x1161]),
    (0x3150, &[0x1161, 0x4E28]),
    (0x3151, &[0x1163]),
    (0x3152, &[0x1163, 0x4E28]),
    (0x3153, &[0x1165]),
    (0x3154, &[0x1165, 0x4E28]),
    (0x3155, &[0x1167]),
    (0x3156, &[0x1167, 0x4E28]),
    (0x3157, &[0x1169]),
    (0x3158, &[0x1169, 0x1161]),
    (0x3159, &[0x1169, 0x1161, 0x4E28]),
    (0x315A, &[0x1169, 0x4E28]),
    (0x315B, &[0x116D]),
    (0x315C, &[0x116E]),
    (0x315D, &[0x116E, 0x1165]),
    (0x315E, &[0x116E, 0x1165, 0x4E28]),
    (0x315F, &[0x116E, 0x4E28]),
    (0x3160, &[0x1172]),
    (0x3161, &[0x30FC]),
    (0x3162, &[0x30FC, 0x4E28]),
    (0x3163, &[0x4E28]),
    (0x3164, &[0x1160]),
    (0x3165, &[0x1102, 0x1102]),
    (0x3166, &[0x1102, 0x1103]),
    (0x3167, &[0x1102, 0x1109]),
    (0x3168, &[0x1102, 0x1140]),
    (0x3169, &[0x1105, 0x1100, 0x1109]),
    (0x316A, &[0x1105, 0x1103]),
    (0x316B, &[0x1105, 0x1107, 0x1109]),
    (0x316C, &[0x1105, 0x1140]),
    (0x316D, &[0x1105, 0x1159]),
    (0x316E, &[0x1106, 0x1107]),
    (0x316F, &[0x1106, 0x1109]),
    (0x3170, &[0x1106, 0x1140]),
    (0x3171, &[0x1106, 0x110B]),
    (0x3172, &[0x1107, 0x1100]),
    (0x3173, &[0x1107, 0x1103]),
    (0x3174, &[0x1107, 0x1109, 0x1100]),
    (0x3175, &[0x1107, 0x1109, 0x1103]),
    (0x3176, &[0x1107, 0x110C]),
    (0x3177, &[0x1107, 0x1110]),
    (0x3178, &[0x1107, 0x110B]),
    (0x3179, &[0x1107, 0x1107, 0x110B]),
    (0x317A, &[0x1109, 0x1100]),
    (0x317B, &[0x1109, 0x1102]),
    (0x317C, &[0x1109, 0x1103]),
    (0x317D, &[0x1109, 0x1107]),
    (0x317E, &[0x1109, 0x110C]),
    (0x317F, &[0x1140]),
    (0x3180, &[0x110B, 0x110B]),
    (0x3181, &[0x114C]),
    (0x3182, &[0x110B, 0x1109]),
    (0x3183, &[0x110B, 0x1140]),
    (0x3184, &[0x1111, 0x110B]),
    (0x3185, &[0x1112, 0x1112]),
    (0x3186, &[0x1159]),
    (0x3187, &[0x116D, 0x1163]),
    (0x3188, &[0x116D, 0x1163, 0x4E28]),
    (0x3189, &[0x116D, 0x4E28]),
    (0x318A, &[0x1172, 0x1167]),
    (0x318B, &[0x1172, 0x1167, 0x4E28]),
    (0x318C, &[0x1172, 0x4E28]),
    (0x318D, &[0x119E]),
    (0x318E, &[0x119E, 0x4E28]),
    (0x31D0, &[0x30FC]),
    (0x31D1, &[0x4E28]),
    (0x31D3, &[0x2F]),
    (0x31D4, &[0x5C]),
    (0x31D6, &[0x4E5B]),
    (0x31DA, &[0x4E85]),
    (0x31DB, &[0x276C]),
    (0x31DF, &[0x4E5A]),
    (0x31E0, &[0x4E59]),
    (0x3200, &[0x28, 0x1100, 0x29]),
    (0x3201, &[0x28, 0x1102, 0x29]),
    (0x3202, &[0x28, 0x1103, 0x29]),
    (0x3203, &[0x28, 0x1105, 0x29]),
    (0x3204, &[0x28, 0x1106, 0x29]),
    (0x3205, &[0x28, 0x1107, 0x29]),
    (0x3206, &[0x28, 0x1109, 0x29]),
    (0x3207, &[0x28, 0x110B, 0x29]),
    (0x3208, &[0x28, 0x110C, 0x29]),
    (0x3209, &[0x28, 0x110E, 0x29]),
    (0x320A, &[0x28, 0x110F, 0x29]),
    (0x320B, &[0x28, 0x1110, 0x29]),
    (0x320C, &[0x28, 0x1111, 0x29]),
    (0x320D, &[0x28, 0x1112, 0x29]),
    (0x320E, &[0x28, 0xAC00, 0x29]),
    (0x320F, &[0x28, 0xB098, 0x29]),
    (0x3210, &[0x28, 0xB2E4, 0x29]),
    (0x3211, &[0x28, 0xB77C, 0x29]),
    (0x3212, &[0x28, 0xB9C8, 0x29]),
    (0x3213, &[0x28, 0xBC14, 0x29]),
    (0x3214, &[0x28, 0xC0AC, 0x29]),
    (0x3215, &[0x28, 0xC544, 0x29]),
    (0x3216, &[0x28, 0xC790, 0x29]),
    (0x3217, &[0x28, 0xCC28, 0x29]),
    (0x3218, &[0x28, 0xCE74, 0x29]),
    (0x3219, &[0x28, 0xD0C0, 0x29]),
    (0x321A, &[0x28, 0xD30C, 0x29]),
    (0x321B, &[0x28, 0xD558, 0x29]),
    (0x321C, &[0x28, 0xC8FC, 0x29]),
    (0x321D, &[0x28, 0xC624, 0xC804, 0x29]),
    (0x321E, &[0x28, 0xC624, 0xD6C4, 0x29]),
    (0x3220, &[0x28, 0x30FC, 0x29]),
    (0x3221, &[0x28, 0x4E8C, 0x29]),
    (0x3222, &[0x28, 0x4E09, 0x29]),
    (0x3223, &[0x28, 0x56DB, 0x29]),
    (0x3224, &[0x28, 0x4E94, 0x29]),
    (0x3225, &[0x28, 0x516D, 0x29]),
    (0x3226, &[0x28, 0x4E03, 0x29]),
    (0x3227, &[0x28, 0x516B, 0x29]),
    (0x3228, &[0x28, 0x4E5D, 0x29]),
    (0x3229, &[0x28, 0x5341, 0x29]),
    (0x322A, &[0x28, 0x6708, 0x29]),
    (0x322B, &[0x28, 0x706B, 0x29]),
    (0x322C, &[0x28, 0x6C34, 0x29]),
    (0x322D, &[0x28, 0x6728, 0x29]),
    (0x322E, &[0x28, 0x91D1, 0x29]),
    (0x322F, &[0x28, 0x571F, 0x29]),
    (0x3230, &[0x28, 0x65E5, 0x29]),
    (0x3231, &[0x28, 0x682A, 0x29]),
    (0x3232, &[0x28, 0x6709, 0x29]),
    (0x3233, &[0x28, 0x793E, 0x29]),
    (0x3234, &[0x28, 0x540D, 0x29]),
    (0x3235, &[0x28, 0x7279, 0x29]),
    (0x3236, &[0x28, 0x8CA1, 0x29]),
    (0x3237, &[0x28, 0x795D, 0x29]),
    (0x3238, &[0x28, 0x52B4, 0x29]),
    (0x3239, &[0x28, 0x4EE3, 0x29]),
    (0x323A, &[0x28, 0x547C, 0x29]),
    (0x323B, &[0x28, 0x5B66, 0x29]),
    (0x323C, &[0x28, 0x76E3, 0x29]),
    (0x323D, &[0x28, 0x4F01, 0x29]),
    (0x323E, &[0x28, 0x8CC7, 0x29]),
    (0x323F, &[0x28, 0x5354, 0x29]),
    (0x3240, &[0x28, 0x796D, 0x29]),
    (0x3241, &[0x28, 0x4F11, 0x29]),
    (0x3242, &[0x28, 0x81EA, 0x29]),
    (0x3243, &[0x28, 0x81F3, 0x29]),
    (0x32C0, &[0x6C, 0x6708]),
    (0x32C1, &[0x32, 0x6708]),
    (0x32C2, &[0x33, 0x6708]),
    (0x32C3, &[0x34, 0x6708]),
    (0x32C4, &[0x35, 0x6708]),
    (0x32C5, &[0x36, 0x6708]),
    (0x32C6, &[0x37, 0x6708]),
    (0x32C7, &[0x38, 0x6708]),
    (0x32C8, &[0x39, 0x6708]),
    (0x32C9, &[0x6C, 0x4F, 0x6708]),
    (0x32CA, &[0x6C, 0x6C, 0x6708]),
    (0x32CB, &[0x6C, 0x32, 0x6708]),
    (0x3358, &[0x4F, 0x70B9]),
    (0x3359, &[0x6C, 0x70B9]),
    (0x335A, &[0x32, 0x70B9]),
    (0x335B, &[0x33, 0x70B9]),
    (0x335C, &[0x34, 0x70B9]),
    (0x335D, &[0x35, 0x70B9]),
    (0x335E, &[0x36, 0x70B9]),
    (0x335F, &[0x37, 0x70B9]),
    (0x3360, &[0x38, 0x70B9]),
    (0x3361, &[0x39, 0x70B9]),
    (0x3362, &[0x6C, 0x4F, 0x70B9]),
    (0x3363, &[0x6C, 0x6C, 0x70B9]),
    (0x3364, &[0x6C, 0x32, 0x70B9]),
    (0x3365, &[0x6C, 0x33, 0x70B9]),
    (0x3366, &[0x6C, 0x34, 0x70B9]),
    (0x3367, &[0x6C, 0x35, 0x70B9]),
    (0x3368, &[0x6C, 0x36, 0x70B9]),
    (0x3369, &[0x6C, 0x37, 0x70B9]),
    (0x336A, &[0x6C, 0x38, 0x70B9]),
    (0x336B, &[0x6C, 0x39, 0x70B9]),
    (0x336C, &[0x32, 0x4F, 0x70B9]),
    (0x336D, &[0x32, 0x6C, 0x70B9]),
    (0x336E, &[0x32, 0x32, 0x70B9]),
    (0x336F, &[0x32, 0x33, 0x70B9]),
    (0x3370, &[0x32, 0x34, 0x70B9]),
    (0x33E0, &[0x6C, 0x65E5]),
    (0x33E1, &[0x32, 0x65E5]),
    (0x33E2, &[0x33, 0x65E5]),
    (0x33E3, &[0x34, 0x65E5]),
    (0x33E4, &[0x35, 0x65E5]),
    (0x33E5, &[0x36, 0x65E5]),
    (0x33E6, &[0x37, 0x65E5]),
    (0x33E7, &[0x38, 0x65E5]),
    (0x33E8, &[0x39, 0x65E5]),
    (0x33E9, &[0x6C, 0x4F, 0x65E5]),
    (0x33EA, &[0x6C, 0x6C, 0x65E5]),
    (0x33EB, &[0x6C, 0x32, 0x65E5]),
    (0x33EC, &[0x6C, 0x33, 0x65E5]),
    (0x33ED, &[0x6C, 0x34, 0x65E5]),
    (0x33EE, &[0x6C, 0x35, 0x65E5]),
    (0x33EF, &[0x6C, 0x36, 0x65E5]),
    (0x33F0, &[0x6C, 0x37, 0x65E5]),
    (0x33F1, &[0x6C, 0x38, 0x65E5]),
    (0x33F2, &[0x6C, 0x39, 0x65E5]),
    (0x33F3, &[0x32, 0x4F, 0x65E5]),
    (0x33F4, &[0x32, 0x6C, 0x65E5]),
    (0x33F5, &[0x32, 0x32, 0x65E5]),
    (0x33F6, &[0x32, 0x33, 0x65E5]),
    (0x33F7, &[0x32, 0x34, 0x65E5]),
    (0x33F8, &[0x32, 0x35, 0x65E5]),
    (0x33F9, &[0x32, 0x36, 0x65E5]),
    (0x33FA, &[0x32, 0x37, 0x65E5]),
    (0x33FB, &[0x32, 0x38, 0x65E5]),
    (0x33FC, &[0x32, 0x39, 0x65E5]),
    (0x33FD, &[0x33, 0x4F, 0x65E5]),
    (0x33FE, &[0x33, 0x6C, 0x65E5]),
    (0x39B3, &[0x363D]),
    (0x439B, &[0x3588]),
    (0x4420, &[0x3B3B]),
    (0x4E00, &[0x30FC]),
    (0x4E36, &[0x5C]),
    (0x4E3F, &[0x2F]),
    (0x5002, &[0x4F75]),
    (0x503C, &[0x5024]),
    (0x555F, &[0x5553]),
    (0x56D7, &[0x53E3]),
    (0x586B, &[0x5861]),
    (0x58EB, &[0x571F]),
    (0x58FF, &[0x58AB]),
    (0x5B00, &[0x5AAF]),
    (0x5E32, &[0x5E21]),
    (0x5E50, &[0x3B3A]),
    (0x6238, &[0x6236]),
    (0x6409, &[0x3A41]),
    (0x6663, &[0x403F]),
    (0x6669, &[0x665A]),
    (0x66F6, &[0x3ADA]),
    (0x6726, &[0x4443]),
    (0x67FF, &[0x676E]),
    (0x69E9, &[0x3BA3]),
    (0x6A27, &[0x699D]),
    (0x6F59, &[0x6E88]),
    (0x784F, &[0x7814]),
    (0x7D76, &[0x7D55]),
    (0x80A6, &[0x670C]),
    (0x80CA, &[0x6710]),
    (0x80D0, &[0x670F]),
    (0x80F6, &[0x3B35]),
    (0x8101, &[0x6713]),
    (0x8127, &[0x6718]),
    (0x8141, &[0x80FC]),
    (0x81A7, &[0x6723]),
    (0x853F, &[0x848D]),
    (0x8641, &[0x8637]),
    (0x8A1E, &[0x46B6]),
    (0x8A7D, &[0x8A2E]),
    (0x8B8F, &[0x8B86]),
    (0x8C63, &[0x8C5C]),
    (0x8D86, &[0x8D7F]),
    (0x8DFA, &[0x8DE5]),
    (0x8E9B, &[0x8E97]),
    (0x8F27, &[0x8EFF]),
    (0x90DE, &[0x90CE]),
    (0x93AE, &[0x93AD]),
    (0x96B8, &[0x96B7]),
    (0x9E43, &[0x9E42]),
    (0x9ED2, &[0x9ED1]),
    (0x9FC3, &[0x4039]),
    (0xA494, &[0xA2CD]),
    (0xA49C, &[0xA0C0]),
    (0xA49E, &[0xA04A]),
    (0xA4A7, &[0xA458]),
    (0xA4A8, &[0xA132]),
    (0xA4AC, &[0xA050]),
    (0xA4B0, &[0xA3C2]),
    (0xA4BA, &[0xA3BF]),
    (0xA4BE, &[0xA2B1]),
    (0xA4BF, &[0xA259]),
    (0xA4C0, &[0xA3AB]),
    (0xA4C2, &[0xA3B5]),
    (0xA4D0, &[0x42]),
    (0xA4D1, &[0x50]),
    (0xA4D2, &[0x64]),
    (0xA4D3, &[0x44]),
    (0xA4D4, &[0x54]),
    (0xA4D6, &[0x47]),
    (0xA4D7, &[0x4B]),
    (0xA4D9, &[0x4A]),
    (0xA4DA, &[0x43]),
    (0xA4DB, &[0x186]),
    (0xA4DC, &[0x5A]),
    (0xA4DD, &[0x46]),
    (0xA4DE, &[0x2132]),
    (0xA4DF, &[0x4D]),
    (0xA4E0, &[0x4E]),
    (0xA4E1, &[0x4C]),
    (0xA4E2, &[0x53]),
    (0xA4E3, &[0x52]),
    (0xA4E5, &[0x245]),
    (0xA4E6, &[0x56]),
    (0xA4E7, &[0x48]),
    (0xA4EA, &[0x57]),
    (0xA4EB, &[0x58]),
    (0xA4EC, &[0x59]),
    (0xA4ED, &[0x1660]),
    (0xA4EE, &[0x41]),
    (0xA4EF, &[0x2C6F]),
    (0xA4F0, &[0x45]),
    (0xA4F1, &[0x18E]),
    (0xA4F2, &[0x6C]),
    (0xA4F3, &[0x4F]),
    (0xA4F4, &[0x55]),
    (0xA4F5, &[0x548]),
    (0xA4F7, &[0x15E1]),
    (0xA4F8, &[0x2E]),
    (0xA4F9, &[0x2C]),
    (0xA4FA, &[0x2E, 0x2E]),
    (0xA4FB, &[0x2E, 0x2C]),
    (0xA4FD, &[0x3A]),
    (0xA4FE, &[0x2D, 0x2E]),
    (0xA4FF, &[0x3D]),
    (0xA60E, &[0x2E]),
    (0xA644, &[0x32]),
    (0xA645, &[0x1A8]),
    (0xA647, &[0x69]),
    (0xA64D, &[0x3C9]),
    (0xA650, &[0x42A, 0x6C]),
    (0xA651, &[0x2C9, 0x62, 0x69]),
    (0xA668, &[0x298]),
    (0xA66F, &[0x20E9]),
    (0xA67C, &[0x306]),
    (0xA67E, &[0x2C7]),
    (0xA695, &[0x68, 0x314]),
    (0xA698, &[0x4F, 0x4F]),
    (0xA699, &[0x6F, 0x6F]),
    (0xA69A, &[0x102A8]),
    (0xA6A1, &[0x418]),
    (0xA6B0, &[0x16B9]),
    (0xA6B1, &[0x2C75]),
    (0xA6CD, &[0x2A1]),
    (0xA6CE, &[0x245]),
    (0xA6DB, &[0x3A0]),
    (0xA6DF, &[0x56]),
    (0xA6EB, &[0x3F]),
    (0xA6EF, &[0x32]),
    (0xA6F0, &[0x302]),
    (0xA6F1, &[0x304]),
    (0xA6F4, &[0xA6F3, 0xA6F3]),
    (0xA714, &[0x2EB]),
    (0xA716, &[0x2EA]),
    (0xA728, &[0x54, 0x33]),
    (0xA729, &[0x74, 0x21D]),
    (0xA731, &[0x73]),
    (0xA732, &[0x41, 0x41]),
    (0xA733, &[0x61, 0x61]),
    (0xA734, &[0x41, 0x4F]),
    (0xA735, &[0x61, 0x6F]),
    (0xA736, &[0x41, 0x55]),
    (0xA737, &[0x61, 0x75]),
    (0xA738, &[0x41, 0x56]),
    (0xA739, &[0x61, 0x76]),
    (0xA73A, &[0x41, 0x56]),
    (0xA73B, &[0x61, 0x76]),
    (0xA73C, &[0x41, 0x59]),
    (0xA73D, &[0x61, 0x79]),
    (0xA740, &[0x4B, 0x335]),
    (0xA74A, &[0x4F, 0x335]),
    (0xA74B, &[0x6F, 0x335]),
    (0xA74E, &[0x4F, 0x4F]),
    (0xA74F, &[0x6F, 0x6F]),
    (0xA75A, &[0x32]),
    (0xA761, &[0x77, 0x326]),
    (0xA76A, &[0x33]),
    (0xA76B, &[0x21D]),
    (0xA76E, &[0x39]),
    (0xA777, &[0x74, 0x66]),
    (0xA778, &[0x26]),
    (0xA77A, &[0xA779]),
    (0xA789, &[0x3A]),
    (0xA78C, &[0x27]),
    (0xA78F, &[0xB7]),
    (0xA795, &[0xA727]),
    (0xA798, &[0x46]),
    (0xA799, &[0x66]),
    (0xA79A, &[0x10412]),
    (0xA79B, &[0x1043A]),
    (0xA79D, &[0x29A]),
    (0xA79E, &[0xA4E4]),
    (0xA79F, &[0x75]),
    (0xA7AB, &[0x33]),
    (0xA7B1, &[0xA4D5]),
    (0xA7B2, &[0x4A]),
    (0xA7B3, &[0x58]),
    (0xA7B4, &[0x42]),
    (0xA7B5, &[0xDF]),
    (0xA7B6, &[0xA64C]),
    (0xA7B7, &[0x3C9]),
    (0xA7D6, &[0xDF]),
    (0xA7DA, &[0x245]),
    (0xA7DB, &[0x3BB]),
    (0xA7DC, &[0x245, 0x338]),
    (0xA7F7, &[0x30FC]),
    (0xA830, &[0x964]),
    (0xA960, &[0x1103, 0x1106]),
    (0xA961, &[0x1103, 0x1107]),
    (0xA962, &[0x1103, 0x1109]),
    (0xA963, &[0x1103, 0x110C]),
    (0xA964, &[0x1105, 0x1100]),
    (0xA965, &[0x1105, 0x1100, 0x1100]),
    (0xA966, &[0x1105, 0x1103]),
    (0xA967, &[0x1105, 0x1103, 0x1103]),
    (0xA968, &[0x1105, 0x1106]),
    (0xA969, &[0x1105, 0x1107]),
    (0xA96A, &[0x1105, 0x1107, 0x1107]),
    (0xA96B, &[0x1105, 0x1107, 0x110B]),
    (0xA96C, &[0x1105, 0x1109]),
    (0xA96D, &[0x1105, 0x110C]),
    (0xA96E, &[0x1105, 0x110F]),
    (0xA96F, &[0x1106, 0x1100]),
    (0xA970, &[0x1106, 0x1103]),
    (0xA971, &[0x1106, 0x1109]),
    (0xA972, &[0x1107, 0x1109, 0x1110]),
    (0xA973, &[0x1107, 0x110F]),
    (0xA974, &[0x1107, 0x1112]),
    (0xA975, &[0x1109, 0x1109, 0x1107]),
    (0xA976, &[0x110B, 0x1105]),
    (0xA977, &[0x110B, 0x1112]),
    (0xA978, &[0x110C, 0x110C, 0x1112]),
    (0xA979, &[0x1110, 0x1110]),
    (0xA97A, &[0x1111, 0x1112]),
    (0xA97B, &[0x1112, 0x1109]),
    (0xA97C, &[0x1159, 0x1159]),
    (0xA992, &[0x2C3F]),
    (0xA9A3, &[0xA99D]),
    (0xA9C6, &[0xA9D0]),
    (0xA9CF, &[0x662]),
    (0xAA53, &[0xAA01]),
    (0xAA56, &[0xAA23]),
    (0xAB32, &[0x65]),
    (0xAB35, &[0x66]),
    (0xAB3D, &[0x6F]),
    (0xAB3E, &[0x6F, 0x338]),
    (0xAB3F, &[0x254, 0x338]),
    (0xAB41, &[0x1DD, 0x6F, 0x338]),
    (0xAB42, &[0x1DD, 0x6F, 0x335]),
    (0xAB47, &[0x72]),
    (0xAB48, &[0x72]),
    (0xAB4D, &[0x283]),
    (0xAB4E, &[0x75]),
    (0xAB52, &[0x75]),
    (0xAB53, &[0x3C7]),
    (0xAB55, &[0x3C7]),
    (0xAB5A, &[0x79]),
    (0xAB60, &[0x459]),
    (0xAB62, &[0x254, 0x65]),
    (0xAB63, &[0x75, 0x6F]),
    (0xAB70, &[0x1D05]),
    (0xAB71, &[0x280]),
    (0xAB72, &[0x1D1B]),
    (0xAB74, &[0x6F, 0x31B]),
    (0xAB75, &[0x69]),
    (0xAB7A, &[0x1D00]),
    (0xAB7B, &[0x1D0A]),
    (0xAB7C, &[0x1D07]),
    (0xAB7E, &[0x242]),
    (0xAB80, &[0x2C76]),
    (0xAB81, &[0x72]),
    (0xAB83, &[0x77]),
    (0xAB87, &[0x28D]),
    (0xAB8B, &[0x29C]),
    (0xAB8E, &[0x6F, 0x335]),
    (0xAB90, &[0x262]),
    (0xAB93, &[0x7A]),
    (0xAB9B, &[0xA793]),
    (0xAB9C, &[0x75, 0x335]),
    (0xAB9F, &[0x185]),
    (0xABA2, &[0x280]),
    (0xABA9, &[0x76]),
    (0xABAA, &[0x73]),
    (0xABAE, &[0x29F]),
    (0xABAF, &[0x63]),
    (0xABB2, &[0x1D18]),
    (0xABB6, &[0x138]),
    (0xABBB, &[0x6F, 0x335]),
    (0xD7B0, &[0x1169, 0x1167]),
    (0xD7B1, &[0x1169, 0x1169, 0x4E28]),
    (0xD7B2, &[0x116D, 0x1161]),
    (0xD7B3, &[0x116D, 0x1161, 0x4E28]),
    (0xD7B4, &[0x116D, 0x1165]),
    (0xD7B5, &[0x116E, 0x1167]),
    (0xD7B6, &[0x116E, 0x4E28, 0x4E28]),
    (0xD7B7, &[0x1172, 0x1161, 0x4E28]),
    (0xD7B8, &[0x1172, 0x1169]),
    (0xD7B9, &[0x30FC, 0x1161]),
    (0xD7BA, &[0x30FC, 0x1165]),
    (0xD7BB, &[0x30FC, 0x1165, 0x4E28]),
    (0xD7BC, &[0x30FC, 0x1169]),
    (0xD7BD, &[0x4E28, 0x1163, 0x1169]),
    (0xD7BE, &[0x4E28, 0x1163, 0x4E28]),
    (0xD7BF, &[0x4E28, 0x1167]),
    (0xD7C0, &[0x4E28, 0x1167, 0x4E28]),
    (0xD7C1, &[0x4E28, 0x1169, 0x4E28]),
    (0xD7C2, &[0x4E28, 0x116D]),
    (0xD7C3, &[0x4E28, 0x1172]),
    (0xD7C4, &[0x4E28, 0x4E28]),
    (0xD7C5, &[0x119E, 0x1161]),
    (0xD7C6, &[0x119E, 0x1165, 0x4E28]),
    (0xD7CB, &[0x1102, 0x1105]),
    (0xD7CC, &[0x1102, 0x110E]),
    (0xD7CD, &[0x1103, 0x1103]),
    (0xD7CE, &[0x1103, 0x1103, 0x1107]),
    (0xD7CF, &[0x1103, 0x1107]),
    (0xD7D0, &[0x1103, 0x1109]),
    (0xD7D1, &[0x1103, 0x1109, 0x1100]),
    (0xD7D2, &[0x1103, 0x110C]),
    (0xD7D3, &[0x1103, 0x110E]),
    (0xD7D4, &[0x1103, 0x1110]),
    (0xD7D5, &[0x1105, 0x1100, 0x1100]),
    (0xD7D6, &[0x1105, 0x1100, 0x1112]),
    (0xD7D7, &[0x1105, 0x1105, 0x110F]),
    (0xD7D8, &[0x1105, 0x1106, 0x1112]),
    (0xD7D9, &[0x1105, 0x1107, 0x1103]),
    (0xD7DA, &[0x1105, 0x1107, 0x1111]),
    (0xD7DB, &[0x1105, 0x114C]),
    (0xD7DC, &[0x1105, 0x1159, 0x1112]),
    (0xD7DD, &[0x1105, 0x110B]),
    (0xD7DE, &[0x1106, 0x1102]),
    (0xD7DF, &[0x1106, 0x1102, 0x1102]),
    (0xD7E0, &[0x1106, 0x1106]),
    (0xD7E1, &[0x1106, 0x1107, 0x1109]),
    (0xD7E2, &[0x1106, 0x110C]),
    (0xD7E3, &[0x1107, 0x1103]),
    (0xD7E4, &[0x1107, 0x1105, 0x1111]),
    (0xD7E5, &[0x1107, 0x1106]),
    (0xD7E6, &[0x1107, 0x1107]),
    (0xD7E7, &[0x1107, 0x1109, 0x1103]),
    (0xD7E8, &[0x1107, 0x110C]),
    (0xD7E9, &[0x1107, 0x110E]),
    (0xD7EA, &[0x1109, 0x1106]),
    (0xD7EB, &[0x1109, 0x1107, 0x110B]),
    (0xD7EC, &[0x1109, 0x1109, 0x1100]),
    (0xD7ED, &[0x1109, 0x1109, 0x1103]),
    (0xD7EE, &[0x1109, 0x1140]),
    (0xD7EF, &[0x1109, 0x110C]),
    (0xD7F0, &[0x1109, 0x110E]),
    (0xD7F1, &[0x1109, 0x1110]),
    (0xD7F2, &[0x1105, 0x1112]),
    (0xD7F3, &[0x1140, 0x1107]),
    (0xD7F4, &[0x1140, 0x1107, 0x110B]),
    (0xD7F5, &[0x114C, 0x1106]),
    (0xD7F6, &[0x114C, 0x1112]),
    (0xD7F7, &[0x110C, 0x1107]),
    (0xD7F8, &[0x110C, 0x1107, 0x1107]),
    (0xD7F9, &[0x110C, 0x110C]),
    (0xD7FA, &[0x1111, 0x1109]),
    (0xD7FB, &[0x1111, 0x1110]),
    (0xF900, &[0x8C48]),
    (0xF901, &[0x66F4]),
    (0xF902, &[0x8ECA]),
    (0xF903, &[0x8CC8]),
    (0xF904, &[0x6ED1]),
    (0xF905, &[0x4E32]),
    (0xF906, &[0x53E5]),
    (0xF907, &[0x9F9C]),
    (0xF908, &[0x9F9C]),
    (0xF909, &[0x5951]),
    (0xF90A, &[0x91D1]),
    (0xF90B, &[0x5587]),
    (0xF90C, &[0x5948]),
    (0xF90D, &[0x61F6]),
    (0xF90E, &[0x7669]),
    (0xF90F, &[0x7F85]),
    (0xF910, &[0x863F]),
    (0xF911, &[0x87BA]),
    (0xF912, &[0x88F8]),
    (0xF913, &[0x908F]),
    (0xF914, &[0x6A02]),
    (0xF915, &[0x6D1B]),
    (0xF916, &[0x70D9]),
    (0xF917, &[0x73DE]),
    (0xF918, &[0x843D]),
    (0xF919, &[0x916A]),
    (0xF91A, &[0x99F1]),
    (0xF91B, &[0x4E82]),
    (0xF91C, &[0x5375]),
    (0xF91D, &[0x6B04]),
    (0xF91E, &[0x721B]),
    (0xF91F, &[0x862D]),
    (0xF920, &[0x9E1E]),
    (0xF921, &[0x5D50]),
    (0xF922, &[0x6FEB]),
    (0xF923, &[0x85CD]),
    (0xF924, &[0x8964]),
    (0xF925, &[0x62C9]),
    (0xF926, &[0x81D8]),
    (0xF927, &[0x881F]),
    (0xF928, &[0x5ECA]),
    (0xF929, &[0x6717]),
    (0xF92A, &[0x6D6A]),
    (0xF92B, &[0x72FC]),
    (0xF92C, &[0x90CE]),
    (0xF92D, &[0x4F86]),
    (0xF92E, &[0x51B7]),
    (0xF92F, &[0x52DE]),
    (0xF930, &[0x64C4]),
    (0xF931, &[0x6AD3]),
    (0xF932, &[0x7210]),
    (0xF933, &[0x76E7]),
    (0xF934, &[0x8001]),
    (0xF935, &[0x8606]),
    (0xF936, &[0x865C]),
    (0xF937, &[0x8DEF]),
    (0xF938, &[0x9732]),
    (0xF939, &[0x9B6F]),
    (0xF93A, &[0x9DFA]),
    (0xF93B, &[0x788C]),
    (0xF93C, &[0x797F]),
    (0xF93D, &[0x7DA0]),
    (0xF93E, &[0x83C9]),
    (0xF93F, &[0x9304]),
    (0xF940, &[0x9E7F]),
    (0xF941, &[0x8AD6]),
    (0xF942, &[0x58DF]),
    (0xF943, &[0x5F04]),
    (0xF944, &[0x7C60]),
    (0xF945, &[0x807E]),
    (0xF946, &[0x7262]),
    (0xF947, &[0x78CA]),
    (0xF948, &[0x8CC2]),
    (0xF949, &[0x96F7]),
    (0xF94A, &[0x58D8]),
    (0xF94B, &[0x5C62]),
    (0xF94C, &[0x6A13]),
    (0xF94D, &[0x6DDA]),
    (0xF94E, &[0x6F0F]),
    (0xF94F, &[0x7D2F]),
    (0xF950, &[0x7E37]),
    (0xF951, &[0x964B]),
    (0xF952, &[0x52D2]),
    (0xF953, &[0x808B]),
    (0xF954, &[0x51DC]),
    (0xF955, &[0x51CC]),
    (0xF956, &[0x7A1C]),
    (0xF957, &[0x7DBE]),
    (0xF958, &[0x83F1]),
    (0xF959, &[0x9675]),
    (0xF95A, &[0x8B80]),
    (0xF95B, &[0x62CF]),
    (0xF95C, &[0x6A02]),
    (0xF95D, &[0x8AFE]),
    (0xF95E, &[0x4E39]),
    (0xF95F, &[0x5BE7]),
    (0xF960, &[0x6012]),
    (0xF961, &[0x7387]),
    (0xF962, &[0x7570]),
    (0xF963, &[0x5317]),
    (0xF964, &[0x78FB]),
    (0xF965, &[0x4FBF]),
    (0xF966, &[0x5FA9]),
    (0xF967, &[0x4E0D]),
    (0xF968, &[0x6CCC]),
    (0xF969, &[0x6578]),
    (0xF96A, &[0x7D22]),
    (0xF96B, &[0x53C3]),
    (0xF96C, &[0x585E]),
    (0xF96D, &[0x7701]),
    (0xF96E, &[0x8449]),
    (0xF96F, &[0x8AAA]),
    (0xF970, &[0x6BBA]),
    (0xF971, &[0x8FB0]),
    (0xF972, &[0x6C88]),
    (0xF973, &[0x62FE]),
    (0xF974, &[0x82E5]),
    (0xF975, &[0x63A0]),
    (0xF976, &[0x7565]),
    (0xF977, &[0x4EAE]),
    (0xF978, &[0x5169]),
    (0xF979, &[0x51C9]),
    (0xF97A, &[0x6881]),
    (0xF97B, &[0x7CE7]),
    (0xF97C, &[0x826F]),
    (0xF97D, &[0x8AD2]),
    (0xF97E, &[0x91CF]),
    (0xF97F, &[0x52F5]),
    (0xF980, &[0x5442]),
    (0xF981, &[0x5973]),
    (0xF982, &[0x5EEC]),
    (0xF983, &[0x65C5]),
    (0xF984, &[0x6FFE]),
    (0xF985, &[0x792A]),
    (0xF986, &[0x95AD]),
    (0xF987, &[0x9A6A]),
    (0xF988, &[0x9E97]),
    (0xF989, &[0x9ECE]),
    (0xF98A, &[0x529B]),
    (0xF98B, &[0x66C6]),
    (0xF98C, &[0x6B77]),
    (0xF98D, &[0x8F62]),
    (0xF98E, &[0x5E74]),
    (0xF98F, &[0x6190]),
    (0xF990, &[0x6200]),
    (0xF991, &[0x649A]),
    (0xF992, &[0x6F23]),
    (0xF993, &[0x7149]),
    (0xF994, &[0x7489]),
    (0xF995, &[0x79CA]),
    (0xF996, &[0x7DF4]),
    (0xF997, &[0x806F]),
    (0xF998, &[0x8F26]),
    (0xF999, &[0x84EE]),
    (0xF99A, &[0x9023]),
    (0xF99B, &[0x934A]),
    (0xF99C, &[0x5217]),
    (0xF99D, &[0x52A3]),
    (0xF99E, &[0x54BD]),
    (0xF99F, &[0x70C8]),
    (0xF9A0, &[0x88C2]),
    (0xF9A1, &[0x8AAA]),
    (0xF9A2, &[0x5EC9]),
    (0xF9A3, &[0x5FF5]),
    (0xF9A4, &[0x637B]),
    (0xF9A5, &[0x6BAE]),
    (0xF9A6, &[0x7C3E]),
    (0xF9A7, &[0x7375]),
    (0xF9A8, &[0x4EE4]),
    (0xF9A9, &[0x56F9]),
    (0xF9AA, &[0x5BE7]),
    (0xF9AB, &[0x5DBA]),
    (0xF9AC, &[0x601C]),
    (0xF9AD, &[0x73B2]),
    (0xF9AE, &[0x7469]),
    (0xF9AF, &[0x7F9A]),
    (0xF9B0, &[0x8046]),
    (0xF9B1, &[0x9234]),
    (0xF9B2, &[0x96F6]),
    (0xF9B3, &[0x9748]),
    (0xF9B4, &[0x9818]),
    (0xF9B5, &[0x4F8B]),
    (0xF9B6, &[0x79AE]),
    (0xF9B7, &[0x91B4]),
    (0xF9B8, &[0x96B7]),
    (0xF9B9, &[0x60E1]),
    (0xF9BA, &[0x4E86]),
    (0xF9BB, &[0x50DA]),
    (0xF9BC, &[0x5BEE]),
    (0xF9BD, &[0x5C3F]),
    (0xF9BE, &[0x6599]),
    (0xF9BF, &[0x6A02]),
    (0xF9C0, &[0x71CE]),
    (0xF9C1, &[0x7642]),
    (0xF9C2, &[0x84FC]),
    (0xF9C3, &[0x907C]),
    (0xF9C4, &[0x9F8D]),
    (0xF9C5, &[0x6688]),
    (0xF9C6, &[0x962E]),
    (0xF9C7, &[0x5289]),
    (0xF9C8, &[0x677B]),
    (0xF9C9, &[0x67F3]),
    (0xF9CA, &[0x6D41]),
    (0xF9CB, &[0x6E9C]),
    (0xF9CC, &[0x7409]),
    (0xF9CD, &[0x7559]),
    (0xF9CE, &[0x786B]),
    (0xF9CF, &[0x7D10]),
    (0xF9D0, &[0x985E]),
    (0xF9D1, &[0x516D]),
    (0xF9D2, &[0x622E]),
    (0xF9D3, &[0x9678]),
    (0xF9D4, &[0x502B]),
    (0xF9D5, &[0x5D19]),
    (0xF9D6, &[0x6DEA]),
    (0xF9D7, &[0x8F2A]),
    (0xF9D8, &[0x5F8B]),
    (0xF9D9, &[0x6144]),
    (0xF9DA, &[0x6817]),
    (0xF9DB, &[0x7387]),
    (0xF9DC, &[0x9686]),
    (0xF9DD, &[0x5229]),
    (0xF9DE, &[0x540F]),
    (0xF9DF, &[0x5C65]),
    (0xF9E0, &[0x6613]),
    (0xF9E1, &[0x674E]),
    (0xF9E2, &[0x68A8]),
    (0xF9E3, &[0x6CE5]),
    (0xF9E4, &[0x7406]),
    (0xF9E5, &[0x75E2]),
    (0xF9E6, &[0x7F79]),
    (0xF9E7, &[0x88CF]),
    (0xF9E8, &[0x88E1]),
    (0xF9E9, &[0x91CC]),
    (0xF9EA, &[0x96E2]),
    (0xF9EB, &[0x533F]),
    (0xF9EC, &[0x6EBA]),
    (0xF9ED, &[0x541D]),
    (0xF9EE, &[0x71D0]),
    (0xF9EF, &[0x7498]),
    (0xF9F0, &[0x85FA]),
    (0xF9F1, &[0x96A3]),
    (0xF9F2, &[0x9C57]),
    (0xF9F3, &[0x9E9F]),
    (0xF9F4, &[0x6797]),
    (0xF9F5, &[0x6DCB]),
    (0xF9F6, &[0x81E8]),
    (0xF9F7, &[0x7ACB]),
    (0xF9F8, &[0x7B20]),
    (0xF9F9, &[0x7C92]),
    (0xF9FA, &[0x72C0]),
    (0xF9FB, &[0x7099]),
    (0xF9FC, &[0x8B58]),
    (0xF9FD, &[0x4EC0]),
    (0xF9FE, &[0x8336]),
    (0xF9FF, &[0x523A]),
    (0xFA00, &[0x5207]),
    (0xFA01, &[0x5EA6]),
    (0xFA02, &[0x62D3]),
    (0xFA03, &[0x7CD6]),
    (0xFA04, &[0x5B85]),
    (0xFA05, &[0x6D1E]),
    (0xFA06, &[0x66B4]),
    (0xFA07, &[0x8F3B]),
    (0xFA08, &[0x884C]),
    (0xFA09, &[0x964D]),
    (0xFA0A, &[0x898B]),
    (0xFA0B, &[0x5ED3]),
    (0xFA0C, &[0x5140]),
    (0xFA0D, &[0x55C0]),
    (0xFA10, &[0x585A]),
    (0xFA12, &[0x6674]),
    (0xFA15, &[0x51DE]),
    (0xFA16, &[0x732A]),
    (0xFA17, &[0x76CA]),
    (0xFA18, &[0x793C]),
    (0xFA19, &[0x795E]),
    (0xFA1A, &[0x7965]),
    (0xFA1B, &[0x798F]),
    (0xFA1C, &[0x9756]),
    (0xFA1D, &[0x7CBE]),
    (0xFA1E, &[0x7FBD]),
    (0xFA20, &[0x8612]),
    (0xFA22, &[0x8AF8]),
    (0xFA25, &[0x9038]),
    (0xFA26, &[0x90FD]),
    (0xFA2A, &[0x98EF]),
    (0xFA2B, &[0x98FC]),
    (0xFA2C, &[0x9928]),
    (0xFA2D, &[0x9DB4]),
    (0xFA2E, &[0x90CE]),
    (0xFA2F, &[0x96B7]),
    (0xFA30, &[0x4FAE]),
    (0xFA31, &[0x50E7]),
    (0xFA32, &[0x514D]),
    (0xFA33, &[0x52C9]),
    (0xFA34, &[0x52E4]),
    (0xFA35, &[0x5351]),
    (0xFA36, &[0x559D]),
    (0xFA37, &[0x5606]),
    (0xFA38, &[0x5668]),
    (0xFA39, &[0x5840]),
    (0xFA3A, &[0x58A8]),
    (0xFA3B, &[0x5C64]),
    (0xFA3C, &[0x5C6E]),
    (0xFA3D, &[0x6094]),
    (0xFA3E, &[0x6168]),
    (0xFA3F, &[0x618E]),
    (0xFA40, &[0x61F2]),
    (0xFA41, &[0x654F]),
    (0xFA42, &[0x65E2]),
    (0xFA43, &[0x6691]),
    (0xFA44, &[0x6885]),
    (0xFA45, &[0x6D77]),
    (0xFA46, &[0x6E1A]),
    (0xFA47, &[0x6F22]),
    (0xFA48, &[0x716E]),
    (0xFA49, &[0x722B]),
    (0xFA4A, &[0x7422]),
    (0xFA4B, &[0x7891]),
    (0xFA4C, &[0x793E]),
    (0xFA4D, &[0x7949]),
    (0xFA4E, &[0x7948]),
    (0xFA4F, &[0x7950]),
    (0xFA50, &[0x7956]),
    (0xFA51, &[0x795D]),
    (0xFA52, &[0x798D]),
    (0xFA53, &[0x798E]),
    (0xFA54, &[0x7A40]),
    (0xFA55, &[0x7A81]),
    (0xFA56, &[0x7BC0]),
    (0xFA57, &[0x7DF4]),
    (0xFA58, &[0x7E09]),
    (0xFA59, &[0x7E41]),
    (0xFA5A, &[0x7F72]),
    (0xFA5B, &[0x8005]),
    (0xFA5C, &[0x81ED]),
    (0xFA5D, &[0x8279]),
    (0xFA5E, &[0x8279]),
    (0xFA5F, &[0x8457]),
    (0xFA60, &[0x8910]),
    (0xFA61, &[0x8996]),
    (0xFA62, &[0x8B01]),
    (0xFA63, &[0x8B39]),
    (0xFA64, &[0x8CD3]),
    (0xFA65, &[0x8D08]),
    (0xFA66, &[0x8FB6]),
    (0xFA67, &[0x9038]),
    (0xFA68, &[0x96E3]),
    (0xFA69, &[0x97FF]),
    (0xFA6A, &[0x983B]),
    (0xFA6B, &[0x6075]),
    (0xFA6C, &[0x242EE]),
    (0xFA6D, &[0x8218]),
    (0xFA70, &[0x4E26]),
    (0xFA71, &[0x51B5]),
    (0xFA72, &[0x5168]),
    (0xFA73, &[0x4F80]),
    (0xFA74, &[0x5145]),
    (0xFA75, &[0x5180]),
    (0xFA76, &[0x52C7]),
    (0xFA77, &[0x52FA]),
    (0xFA78, &[0x559D]),
    (0xFA79, &[0x5555]),
    (0xFA7A, &[0x5599]),
    (0xFA7B, &[0x55E2]),
    (0xFA7C, &[0x585A]),
    (0xFA7D, &[0x58B3]),
    (0xFA7E, &[0x5944]),
    (0xFA7F, &[0x5954]),
    (0xFA80, &[0x5A62]),
    (0xFA81, &[0x5B28]),
    (0xFA82, &[0x5ED2]),
    (0xFA83, &[0x5ED9]),
    (0xFA84, &[0x5F69]),
    (0xFA85, &[0x5FAD]),
    (0xFA86, &[0x60D8]),
    (0xFA87, &[0x614E]),
    (0xFA88, &[0x6108]),
    (0xFA89, &[0x618E]),
    (0xFA8A, &[0x6160]),
    (0xFA8B, &[0x61F2]),
    (0xFA8C, &[0x6234]),
    (0xFA8D, &[0x63C4]),
    (0xFA8E, &[0x641C]),
    (0xFA8F, &[0x6452]),
    (0xFA90, &[0x6556]),
    (0xFA91, &[0x6674]),
    (0xFA92, &[0x6717]),
    (0xFA93, &[0x671B]),
    (0xFA94, &[0x6756]),
    (0xFA95, &[0x6B79]),
    (0xFA96, &[0x6BBA]),
    (0xFA97, &[0x6D41]),
    (0xFA98, &[0x6EDB]),
    (0xFA99, &[0x6ECB]),
    (0xFA9A, &[0x6F22]),
    (0xFA9B, &[0x701E]),
    (0xFA9C, &[0x716E]),
    (0xFA9D, &[0x77A7]),
    (0xFA9E, &[0x7235]),
    (0xFA9F, &[0x72AF]),
    (0xFAA0, &[0x732A]),
    (0xFAA1, &[0x7471]),
    (0xFAA2, &[0x7506]),
    (0xFAA3, &[0x753B]),
    (0xFAA4, &[0x761D]),
    (0xFAA5, &[0x761F]),
    (0xFAA6, &[0x76CA]),
    (0xFAA7, &[0x76DB]),
    (0xFAA8, &[0x76F4]),
    (0xFAA9, &[0x774A]),
    (0xFAAA, &[0x7740]),
    (0xFAAB, &[0x78CC]),
    (0xFAAC, &[0x7AB1]),
    (0xFAAD, &[0x7BC0]),
    (0xFAAE, &[0x7C7B]),
    (0xFAAF, &[0x7D5B]),
    (0xFAB0, &[0x7DF4]),
    (0xFAB1, &[0x7F3E]),
    (0xFAB2, &[0x8005]),
    (0xFAB3, &[0x8352]),
    (0xFAB4, &[0x83EF]),
    (0xFAB5, &[0x8779]),
    (0xFAB6, &[0x8941]),
    (0xFAB7, &[0x8986]),
    (0xFAB8, &[0x8996]),
    (0xFAB9, &[0x8ABF]),
    (0xFABA, &[0x8AF8]),
    (0xFABB, &[0x8ACB]),
    (0xFABC, &[0x8B01]),
    (0xFABD, &[0x8AFE]),
    (0xFABE, &[0x8AED]),
    (0xFABF, &[0x8B39]),
    (0xFAC0, &[0x8B8A]),
    (0xFAC1, &[0x8D08]),
    (0xFAC2, &[0x8F38]),
    (0xFAC3, &[0x9072]),
    (0xFAC4, &[0x9199]),
    (0xFAC5, &[0x9276]),
    (0xFAC6, &[0x967C]),
    (0xFAC7, &[0x96E3]),
    (0xFAC8, &[0x9756]),
    (0xFAC9, &[0x97DB]),
    (0xFACA, &[0x97FF]),
    (0xFACB, &[0x980B]),
    (0xFACC, &[0x983B]),
    (0xFACD, &[0x9B12]),
    (0xFACE, &[0x9F9C]),
    (0xFACF, &[0x2284A]),
    (0xFAD0, &[0x22844]),
    (0xFAD1, &[0x233D5]),
    (0xFAD2, &[0x3B9D]),
    (0xFAD3, &[0x4018]),
    (0xFAD4, &[0x4039]),
    (0xFAD5, &[0x25249]),
    (0xFAD6, &[0x25CD0]),
    (0xFAD7, &[0x27ED3]),
    (0xFAD8, &[0x9F43]),
    (0xFAD9, &[0x9F8E]),
    (0xFB00, &[0x66, 0x66]),
    (0xFB01, &[0x66, 0x69]),
    (0xFB02, &[0x66, 0x6C]),
    (0xFB03, &[0x66, 0x66, 0x69]),
    (0xFB04, &[0x66, 0x66, 0x6C]),
    (0xFB06, &[0x73, 0x74]),
    (0xFB13, &[0x574, 0x576]),
    (0xFB14, &[0x574, 0x565]),
    (0xFB15, &[0x574, 0x56B]),
    (0xFB16, &[0x57E, 0x576]),
    (0xFB17, &[0x574, 0x56D]),
    (0xFB20, &[0x5E2]),
    (0xFB21, &[0x5D0]),
    (0xFB22, &[0x5D3]),
    (0xFB23, &[0x5D4]),
    (0xFB24, &[0x5DB]),
    (0xFB25, &[0x5DC]),
    (0xFB26, &[0x5DD]),
    (0xFB27, &[0x5E8]),
    (0xFB28, &[0x5EA]),
    (0xFB29, &[0x2D, 0x307]),
    (0xFB2B, &[0xFB2A]),
    (0xFB2D, &[0xFB2C]),
    (0xFB2F, &[0xFB2E]),
    (0xFB30, &[0xFB2E]),
    (0xFB39, &[0xFB1D]),
    (0xFB49, &[0xFB2A]),
    (0xFB4F, &[0x5D0, 0x5DC]),
    (0xFB50, &[0x671]),
    (0xFB51, &[0x671]),
    (0xFB52, &[0x67B]),
    (0xFB53, &[0x67B]),
    (0xFB54, &[0x67B]),
    (0xFB55, &[0x67B]),
    (0xFB56, &[0x649, 0x6DB]),
    (0xFB57, &[0x649, 0x6DB]),
    (0xFB58, &[0x649, 0x6DB]),
    (0xFB59, &[0x649, 0x6DB]),
    (0xFB5A, &[0x680]),
    (0xFB5B, &[0x680]),
    (0xFB5C, &[0x680]),
    (0xFB5D, &[0x680]),
    (0xFB5E, &[0x67A]),
    (0xFB5F, &[0x67A]),
    (0xFB60, &[0x67A]),
    (0xFB61, &[0x67A]),
    (0xFB62, &[0x67F]),
    (0xFB63, &[0x67F]),
    (0xFB64, &[0x67F]),
    (0xFB65, &[0x67F]),
    (0xFB66, &[0x649, 0x615]),
    (0xFB67, &[0x649, 0x615]),
    (0xFB68, &[0x649, 0x615]),
    (0xFB69, &[0x649, 0x615]),
    (0xFB6A, &[0x6A1, 0x6DB]),
    (0xFB6B, &[0x6A1, 0x6DB]),
    (0xFB6C, &[0x6A1, 0x6DB]),
    (0xFB6D, &[0x6A1, 0x6DB]),
    (0xFB6E, &[0x6A6]),
    (0xFB6F, &[0x6A6]),
    (0xFB70, &[0x6A6]),
    (0xFB71, &[0x6A6]),
    (0xFB72, &[0x684]),
    (0xFB73, &[0x684]),
    (0xFB74, &[0x684]),
    (0xFB75, &[0x684]),
    (0xFB76, &[0x683]),
    (0xFB77, &[0x683]),
    (0xFB78, &[0x683]),
    (0xFB79, &[0x683]),
    (0xFB7A, &[0x686]),
    (0xFB7B, &[0x686]),
    (0xFB7C, &[0x686]),
    (0xFB7D, &[0x686]),
    (0xFB7E, &[0x687]),
    (0xFB7F, &[0x687]),
    (0xFB80, &[0x687]),
    (0xFB81, &[0x687]),
    (0xFB82, &[0x68D]),
    (0xFB83, &[0x68D]),
    (0xFB84, &[0x68C]),
    (0xFB85, &[0x68C]),
    (0xFB86, &[0x62F, 0x6DB]),
    (0xFB87, &[0x62F, 0x6DB]),
    (0xFB88, &[0x62F, 0x615]),
    (0xFB89, &[0x62F, 0x615]),
    (0xFB8A, &[0x631, 0x6DB]),
    (0xFB8B, &[0x631, 0x6DB]),
    (0xFB8C, &[0x631, 0x615]),
    (0xFB8D, &[0x631, 0x615]),
    (0xFB8E, &[0x643]),
    (0xFB8F, &[0x643]),
    (0xFB90, &[0x643]),
    (0xFB91, &[0x643]),
    (0xFB92, &[0x6AF]),
    (0xFB93, &[0x6AF]),
    (0xFB94, &[0x6AF]),
    (0xFB95, &[0x6AF]),
    (0xFB96, &[0x6B3]),
    (0xFB97, &[0x6B3]),
    (0xFB98, &[0x6B3]),
    (0xFB99, &[0x6B3]),
    (0xFB9A, &[0x6B1]),
    (0xFB9B, &[0x6B1]),
    (0xFB9C, &[0x6B1]),
    (0xFB9D, &[0x6B1]),
    (0xFB9E, &[0x649]),
    (0xFB9F, &[0x649]),
    (0xFBA0, &[0x649, 0x615]),
    (0xFBA1, &[0x649, 0x615]),
    (0xFBA2, &[0x649, 0x615]),
    (0xFBA3, &[0x649, 0x615]),
    (0xFBA4, &[0x6C0]),
    (0xFBA5, &[0x6C0]),
    (0xFBA6, &[0x6F]),
    (0xFBA7, &[0x6F]),
    (0xFBA8, &[0x6F]),
    (0xFBA9, &[0x6F]),
    (0xFBAA, &[0x6F]),
    (0xFBAB, &[0x6F]),
    (0xFBAC, &[0x6F]),
    (0xFBAD, &[0x6F]),
    (0xFBAE, &[0x649]),
    (0xFBAF, &[0x649]),
    (0xFBB0, &[0x6D3]),
    (0xFBB1, &[0x6D3]),
    (0xFBD3, &[0x643, 0x6DB]),
    (0xFBD4, &[0x643, 0x6DB]),
    (0xFBD5, &[0x643, 0x6DB]),
    (0xFBD6, &[0x643, 0x6DB]),
    (0xFBD7, &[0x648, 0x313]),
    (0xFBD8, &[0x648, 0x313]),
    (0xFBD9, &[0x648, 0x306]),
    (0xFBDA, &[0x648, 0x306]),
    (0xFBDB, &[0x648, 0x670]),
    (0xFBDC, &[0x648, 0x670]),
    (0xFBDD, &[0x648, 0x313, 0x674]),
    (0xFBDE, &[0x648, 0x6DB]),
    (0xFBDF, &[0x648, 0x6DB]),
    (0xFBE0, &[0x6C5]),
    (0xFBE1, &[0x6C5]),
    (0xFBE2, &[0x648, 0x302]),
    (0xFBE3, &[0x648, 0x302]),
    (0xFBE4, &[0x67B]),
    (0xFBE5, &[0x67B]),
    (0xFBE6, &[0x67B]),
    (0xFBE7, &[0x67B]),
    (0xFBE8, &[0x649]),
    (0xFBE9, &[0x649]),
    (0xFBEA, &[0x649, 0x674, 0x6C]),
    (0xFBEB, &[0x649, 0x674, 0x6C]),
    (0xFBEC, &[0x649, 0x674, 0x6F]),
    (0xFBED, &[0x649, 0x674, 0x6F]),
    (0xFBEE, &[0x649, 0x674, 0x648]),
    (0xFBEF, &[0x649, 0x674, 0x648]),
    (0xFBF0, &[0x649, 0x674, 0x648, 0x313]),
    (0xFBF1, &[0x649, 0x674, 0x648, 0x313]),
    (0xFBF2, &[0x649, 0x674, 0x648, 0x306]),
    (0xFBF3, &[0x649, 0x674, 0x648, 0x306]),
    (0xFBF4, &[0x649, 0x674, 0x648, 0x670]),
    (0xFBF5, &[0x649, 0x674, 0x648, 0x670]),
    (0xFBF6, &[0x649, 0x674, 0x67B]),
    (0xFBF7, &[0x649, 0x674, 0x67B]),
    (0xFBF8, &[0x649, 0x674, 0x67B]),
    (0xFBF9, &[0x649, 0x674, 0x649]),
    (0xFBFA, &[0x649, 0x674, 0x649]),
    (0xFBFB, &[0x649, 0x674, 0x649]),
    (0xFBFC, &[0x649]),
    (0xFBFD, &[0x649]),
    (0xFBFE, &[0x649]),
    (0xFBFF, &[0x649]),
    (0xFC00, &[0x649, 0x674, 0x62C]),
    (0xFC01, &[0x649, 0x674, 0x62D]),
    (0xFC02, &[0x649, 0x674, 0x645]),
    (0xFC03, &[0x649, 0x674, 0x649]),
    (0xFC04, &[0x649, 0x674, 0x649]),
    (0xFC05, &[0x628, 0x62C]),
    (0xFC06, &[0x628, 0x62D]),
    (0xFC07, &[0x628, 0x62E]),
    (0xFC08, &[0x628, 0x645]),
    (0xFC09, &[0x628, 0x649]),
    (0xFC0A, &[0x628, 0x649]),
    (0xFC0B, &[0x62A, 0x62C]),
    (0xFC0C, &[0x62A, 0x62D]),
    (0xFC0D, &[0x62A, 0x62E]),
    (0xFC0E, &[0x62A, 0x645]),
    (0xFC0F, &[0x62A, 0x649]),
    (0xFC10, &[0x62A, 0x649]),
    (0xFC11, &[0x649, 0x6DB, 0x62C]),
    (0xFC12, &[0x649, 0x6DB, 0x645]),
    (0xFC13, &[0x649, 0x6DB, 0x649]),
    (0xFC14, &[0x649, 0x6DB, 0x649]),
    (0xFC15, &[0x62C, 0x62D]),
    (0xFC16, &[0x62C, 0x645]),
    (0xFC17, &[0x62D, 0x62C]),
    (0xFC18, &[0x62D, 0x645]),
    (0xFC19, &[0x62E, 0x62C]),
    (0xFC1A, &[0x62E, 0x62D]),
    (0xFC1B, &[0x62E, 0x645]),
    (0xFC1C, &[0x633, 0x62C]),
    (0xFC1D, &[0x633, 0x62D]),
    (0xFC1E, &[0x633, 0x62E]),
    (0xFC1F, &[0x633, 0x645]),
    (0xFC20, &[0x635, 0x62D]),
    (0xFC21, &[0x635, 0x645]),
    (0xFC22, &[0x636, 0x62C]),
    (0xFC23, &[0x636, 0x62D]),
    (0xFC24, &[0x636, 0x62E]),
    (0xFC25, &[0x636, 0x645]),
    (0xFC26, &[0x637, 0x62D]),
    (0xFC27, &[0x637, 0x645]),
    (0xFC28, &[0x638, 0x645]),
    (0xFC29, &[0x639, 0x62C]),
    (0xFC2A, &[0x639, 0x645]),
    (0xFC2B, &[0x63A, 0x62C]),
    (0xFC2C, &[0x63A, 0x645]),
    (0xFC2D, &[0x641, 0x62C]),
    (0xFC2E, &[0x641, 0x62D]),
    (0xFC2F, &[0x641, 0x62E]),
    (0xFC30, &[0x641, 0x645]),
    (0xFC31, &[0x641, 0x649]),
    (0xFC32, &[0x641, 0x649]),
    (0xFC33, &[0x642, 0x62D]),
    (0xFC34, &[0x642, 0x645]),
    (0xFC35, &[0x642, 0x649]),
    (0xFC36, &[0x642, 0x649]),
    (0xFC37, &[0x643, 0x6C]),
    (0xFC38, &[0x643, 0x62C]),
    (0xFC39, &[0x643, 0x62D]),
    (0xFC3A, &[0x643, 0x62E]),
    (0xFC3B, &[0x643, 0x644]),
    (0xFC3C, &[0x643, 0x645]),
    (0xFC3D, &[0x643, 0x649]),
    (0xFC3E, &[0x643, 0x649]),
    (0xFC3F, &[0x644, 0x62C]),
    (0xFC40, &[0x644, 0x62D]),
    (0xFC41, &[0x644, 0x62E]),
    (0xFC42, &[0x644, 0x645]),
    (0xFC43, &[0x644, 0x649]),
    (0xFC44, &[0x644, 0x649]),
    (0xFC45, &[0x645, 0x62C]),
    (0xFC46, &[0x645, 0x62D]),
    (0xFC47, &[0x645, 0x62E]),
    (0xFC48, &[0x645, 0x645]),
    (0xFC49, &[0x645, 0x649]),
    (0xFC4A, &[0x645, 0x649]),
    (0xFC4B, &[0x628, 0x62E]),
    (0xFC4C, &[0x646, 0x62D]),
    (0xFC4D, &[0x646, 0x62E]),
    (0xFC4E, &[0x646, 0x645]),
    (0xFC4F, &[0x646, 0x649]),
    (0xFC50, &[0x646, 0x649]),
    (0xFC51, &[0x6F, 0x62C]),
    (0xFC52, &[0x6F, 0x645]),
    (0xFC53, &[0x6F, 0x649]),
    (0xFC54, &[0x6F, 0x649]),
    (0xFC55, &[0x649, 0x62C]),
    (0xFC56, &[0x649, 0x62D]),
    (0xFC57, &[0x649, 0x62E]),
    (0xFC58, &[0x649, 0x645]),
    (0xFC59, &[0x649, 0x649]),
    (0xFC5A, &[0x649, 0x649]),
    (0xFC5B, &[0x630, 0x670]),
    (0xFC5C, &[0x631, 0x670]),
    (0xFC5D, &[0x649, 0x670]),
    (0xFC5E, &[0xFE72, 0x651]),
    (0xFC5F, &[0xFE74, 0x651]),
    (0xFC60, &[0xFE76, 0x651]),
    (0xFC61, &[0xFE78, 0x651]),
    (0xFC62, &[0xFE7A, 0x651]),
    (0xFC63, &[0xFE7C, 0x670]),
    (0xFC64, &[0x649, 0x674, 0x631]),
    (0xFC65, &[0x649, 0x674, 0x632]),
    (0xFC66, &[0x649, 0x674, 0x645]),
    (0xFC67, &[0x649, 0x674, 0x646]),
    (0xFC68, &[0x649, 0x674, 0x649]),
    (0xFC69, &[0x649, 0x674, 0x649]),
    (0xFC6A, &[0x628, 0x631]),
    (0xFC6B, &[0x628, 0x632]),
    (0xFC6C, &[0x628, 0x645]),
    (0xFC6D, &[0x628, 0x646]),
    (0xFC6E, &[0x628, 0x649]),
    (0xFC6F, &[0x628, 0x649]),
    (0xFC70, &[0x62A, 0x631]),
    (0xFC71, &[0x62A, 0x632]),
    (0xFC72, &[0x62A, 0x645]),
    (0xFC73, &[0x62A, 0x646]),
    (0xFC74, &[0x62A, 0x649]),
    (0xFC75, &[0x62A, 0x649]),
    (0xFC76, &[0x649, 0x6DB, 0x631]),
    (0xFC77, &[0x649, 0x6DB, 0x632]),
    (0xFC78, &[0x649, 0x6DB, 0x645]),
    (0xFC79, &[0x649, 0x6DB, 0x646]),
    (0xFC7A, &[0x649, 0x6DB, 0x649]),
    (0xFC7B, &[0x649, 0x6DB, 0x649]),
    (0xFC7C, &[0x641, 0x649]),
    (0xFC7D, &[0x641, 0x649]),
    (0xFC7E, &[0x642, 0x649]),
    (0xFC7F, &[0x642, 0x649]),
    (0xFC80, &[0x643, 0x6C]),
    (0xFC81, &[0x643, 0x644]),
    (0xFC82, &[0x643, 0x645]),
    (0xFC83, &[0x643, 0x649]),
    (0xFC84, &[0x643, 0x649]),
    (0xFC85, &[0x644, 0x645]),
    (0xFC86, &[0x644, 0x649]),
    (0xFC87, &[0x644, 0x649]),
    (0xFC88, &[0x645, 0x6C]),
    (0xFC89, &[0x645, 0x645]),
    (0xFC8A, &[0x646, 0x631]),
    (0xFC8B, &[0x646, 0x632]),
    (0xFC8C, &[0x646, 0x645]),
    (0xFC8D, &[0x646, 0x646]),
    (0xFC8E, &[0x646, 0x649]),
    (0xFC8F, &[0x646, 0x649]),
    (0xFC90, &[0x649, 0x670]),
    (0xFC91, &[0x649, 0x631]),
    (0xFC92, &[0x649, 0x632]),
    (0xFC93, &[0x649, 0x645]),
    (0xFC94, &[0x649, 0x646]),
    (0xFC95, &[0x649, 0x649]),
    (0xFC96, &[0x649, 0x649]),
    (0xFC97, &[0x649, 0x674, 0x62C]),
    (0xFC98, &[0x649, 0x674, 0x62D]),
    (0xFC99, &[0x649, 0x674, 0x62E]),
    (0xFC9A, &[0x649, 0x674, 0x645]),
    (0xFC9B, &[0x649, 0x674, 0x6F]),
    (0xFC9C, &[0x628, 0x62C]),
    (0xFC9D, &[0x628, 0x62D]),
    (0xFC9E, &[0x628, 0x62E]),
    (0xFC9F, &[0x628, 0x645]),
    (0xFCA0, &[0x628, 0x6F]),
    (0xFCA1, &[0x62A, 0x62C]),
    (0xFCA2, &[0x62A, 0x62D]),
    (0xFCA3, &[0x62A, 0x62E]),
    (0xFCA4, &[0x62A, 0x645]),
    (0xFCA5, &[0x62A, 0x6F]),
    (0xFCA6, &[0x649, 0x6DB, 0x645]),
    (0xFCA7, &[0x62C, 0x62D]),
    (0xFCA8, &[0x62C, 0x645]),
    (0xFCA9, &[0x62D, 0x62C]),
    (0xFCAA, &[0x62D, 0x645]),
    (0xFCAB, &[0x62E, 0x62C]),
    (0xFCAC, &[0x62E, 0x645]),
    (0xFCAD, &[0x633, 0x62C]),
    (0xFCAE, &[0x633, 0x62D]),
    (0xFCAF, &[0x633, 0x62E]),
    (0xFCB0, &[0x633, 0x645]),
    (0xFCB1, &[0x635, 0x62D]),
    (0xFCB2, &[0x635, 0x62E]),
    (0xFCB3, &[0x635, 0x645]),
    (0xFCB4, &[0x636, 0x62C]),
    (0xFCB5, &[0x636, 0x62D]),
    (0xFCB6, &[0x636, 0x62E]),
    (0xFCB7, &[0x636, 0x645]),
    (0xFCB8, &[0x637, 0x62D]),
    (0xFCB9, &[0x638, 0x645]),
    (0xFCBA, &[0x639, 0x62C]),
    (0xFCBB, &[0x639, 0x645]),
    (0xFCBC, &[0x63A, 0x62C]),
    (0xFCBD, &[0x63A, 0x645]),
    (0xFCBE, &[0x641, 0x62C]),
    (0xFCBF, &[0x641, 0x62D]),
    (0xFCC0, &[0x641, 0x62E]),
    (0xFCC1, &[0x641, 0x645]),
    (0xFCC2, &[0x642, 0x62D]),
    (0xFCC3, &[0x642, 0x645]),
    (0xFCC4, &[0x643, 0x62C]),
    (0xFCC5, &[0x643, 0x62D]),
    (0xFCC6, &[0x643, 0x62E]),
    (0xFCC7, &[0x643, 0x644]),
    (0xFCC8, &[0x643, 0x645]),
    (0xFCC9, &[0x644, 0x62C]),
    (0xFCCA, &[0x644, 0x62D]),
    (0xFCCB, &[0x644, 0x62E]),
    (0xFCCC, &[0x644, 0x645]),
    (0xFCCD, &[0x644, 0x6F]),
    (0xFCCE, &[0x645, 0x62C]),
    (0xFCCF, &[0x645, 0x62D]),
    (0xFCD0, &[0x645, 0x62E]),
    (0xFCD1, &[0x645, 0x645]),
    (0xFCD2, &[0x628, 0x62E]),
    (0xFCD3, &[0x646, 0x62D]),
    (0xFCD4, &[0x646, 0x62E]),
    (0xFCD5, &[0x646, 0x645]),
    (0xFCD6, &[0x646, 0x6F]),
    (0xFCD7, &[0x6F, 0x62C]),
    (0xFCD8, &[0x6F, 0x645]),
    (0xFCD9, &[0x6F, 0x670]),
    (0xFCDA, &[0x649, 0x62C]),
    (0xFCDB, &[0x649, 0x62D]),
    (0xFCDC, &[0x649, 0x62E]),
    (0xFCDD, &[0x649, 0x645]),
    (0xFCDE, &[0x649, 0x6F]),
    (0xFCDF, &[0x649, 0x674, 0x645]),
    (0xFCE0, &[0x649, 0x674, 0x6F]),
    (0xFCE1, &[0x628, 0x645]),
    (0xFCE2, &[0x628, 0x6F]),
    (0xFCE3, &[0x62A, 0x645]),
    (0xFCE4, &[0x62A, 0x6F]),
    (0xFCE5, &[0x649, 0x6DB, 0x645]),
    (0xFCE6, &[0x649, 0x6DB, 0x6F]),
    (0xFCE7, &[0x633, 0x645]),
    (0xFCE8, &[0x633, 0x6F]),
    (0xFCE9, &[0x633, 0x6DB, 0x645]),
    (0xFCEA, &[0x633, 0x6DB, 0x6F]),
    (0xFCEB, &[0x643, 0x644]),
    (0xFCEC, &[0x643, 0x645]),
    (0xFCED, &[0x644, 0x645]),
    (0xFCEE, &[0x646, 0x645]),
    (0xFCEF, &[0x646, 0x6F]),
    (0xFCF0, &[0x649, 0x645]),
    (0xFCF1, &[0x649, 0x6F]),
    (0xFCF2, &[0xFE77, 0x651]),
    (0xFCF3, &[0xFE79, 0x651]),
    (0xFCF4, &[0xFE7B, 0x651]),
    (0xFCF5, &[0x637, 0x649]),
    (0xFCF6, &[0x637, 0x649]),
    (0xFCF7, &[0x639, 0x649]),
    (0xFCF8, &[0x639, 0x649]),
    (0xFCF9, &[0x63A, 0x649]),
    (0xFCFA, &[0x63A, 0x649]),
    (0xFCFB, &[0x633, 0x649]),
    (0xFCFC, &[0x633, 0x649]),
    (0xFCFD, &[0x633, 0x6DB, 0x649]),
    (0xFCFE, &[0x633, 0x6DB, 0x649]),
    (0xFCFF, &[0x62D, 0x649]),
    (0xFD00, &[0x62D, 0x649]),
    (0xFD01, &[0x62C, 0x649]),
    (0xFD02, &[0x62C, 0x649]),
    (0xFD03, &[0x62E, 0x649]),
    (0xFD04, &[0x62E, 0x649]),
    (0xFD05, &[0x635, 0x649]),
    (0xFD06, &[0x635, 0x649]),
    (0xFD07, &[0x636, 0x649]),
    (0xFD08, &[0x636, 0x649]),
    (0xFD09, &[0x633, 0x6DB, 0x62C]),
    (0xFD0A, &[0x633, 0x6DB, 0x62D]),
    (0xFD0B, &[0x633, 0x6DB, 0x62E]),
    (0xFD0C, &[0x633, 0x6DB, 0x645]),
    (0xFD0D, &[0x633, 0x6DB, 0x631]),
    (0xFD0E, &[0x633, 0x631]),
    (0xFD0F, &[0x635, 0x631]),
    (0xFD10, &[0x636, 0x631]),
    (0xFD11, &[0x637, 0x649]),
    (0xFD12, &[0x637, 0x649]),
    (0xFD13, &[0x639, 0x649]),
    (0xFD14, &[0x639, 0x649]),
    (0xFD15, &[0x63A, 0x649]),
    (0xFD16, &[0x63A, 0x649]),
    (0xFD17, &[0x633, 0x649]),
    (0xFD18, &[0x633, 0x649]),
    (0xFD19, &[0x633, 0x6DB, 0x649]),
    (0xFD1A, &[0x633, 0x6DB, 0x649]),
    (0xFD1B, &[0x62D, 0x649]),
    (0xFD1C, &[0x62D, 0x649]),
    (0xFD1D, &[0x62C, 0x649]),
    (0xFD1E, &[0x62C, 0x649]),
    (0xFD1F, &[0x62E, 0x649]),
    (0xFD20, &[0x62E, 0x649]),
    (0xFD21, &[0x635, 0x649]),
    (0xFD22, &[0x635, 0x649]),
    (0xFD23, &[0x636, 0x649]),
    (0xFD24, &[0x636, 0x649]),
    (0xFD25, &[0x633, 0x6DB, 0x62C]),
    (0xFD26, &[0x633, 0x6DB, 0x62D]),
    (0xFD27, &[0x633, 0x6DB, 0x62E]),
    (0xFD28, &[0x633, 0x6DB, 0x645]),
    (0xFD29, &[0x633, 0x6DB, 0x631]),
    (0xFD2A, &[0x633, 0x631]),
    (0xFD2B, &[0x635, 0x631]),
    (0xFD2C, &[0x636, 0x631]),
    (0xFD2D, &[0x633, 0x6DB, 0x62C]),
    (0xFD2E, &[0x633, 0x6DB, 0x62D]),
    (0xFD2F, &[0x633, 0x6DB, 0x62E]),
    (0xFD30, &[0x633, 0x6DB, 0x645]),
    (0xFD31, &[0x633, 0x6F]),
    (0xFD32, &[0x633, 0x6DB, 0x6F]),
    (0xFD33, &[0x637, 0x645]),
    (0xFD34, &[0x633, 0x62C]),
    (0xFD35, &[0x633, 0x62D]),
    (0xFD36, &[0x633, 0x62E]),
    (0xFD37, &[0x633, 0x6DB, 0x62C]),
    (0xFD38, &[0x633, 0x6DB, 0x62D]),
    (0xFD39, &[0x633, 0x6DB, 0x62E]),
    (0xFD3A, &[0x637, 0x645]),
    (0xFD3B, &[0x638, 0x645]),
    (0xFD3C, &[0x6C, 0x30B]),
    (0xFD3D, &[0x6C, 0x30B]),
    (0xFD3E, &[0x28]),
    (0xFD3F, &[0x29]),
    (0xFD50, &[0x62A, 0x62C, 0x645]),
    (0xFD51, &[0x62A, 0x62D, 0x62C]),
    (0xFD52, &[0x62A, 0x62D, 0x62C]),
    (0xFD53, &[0x62A, 0x62D, 0x645]),
    (0xFD54, &[0x62A, 0x62E, 0x645]),
    (0xFD55, &[0x62A, 0x645, 0x62C]),
    (0xFD56, &[0x62A, 0x645, 0x62D]),
    (0xFD57, &[0x62A, 0x645, 0x62E]),
    (0xFD58, &[0x62C, 0x645, 0x62D]),
    (0xFD59, &[0x62C, 0x645, 0x62D]),
    (0xFD5A, &[0x62D, 0x645, 0x649]),
    (0xFD5B, &[0x62D, 0x645, 0x649]),
    (0xFD5C, &[0x633, 0x62D, 0x62C]),
    (0xFD5D, &[0x633, 0x62C, 0x62D]),
    (0xFD5E, &[0x633, 0x62C, 0x649]),
    (0xFD5F, &[0x633, 0x645, 0x62D]),
    (0xFD60, &[0x633, 0x645, 0x62D]),
    (0xFD61, &[0x633, 0x645, 0x62C]),
    (0xFD62, &[0x633, 0x645, 0x645]),
    (0xFD63, &[0x633, 0x645, 0x645]),
    (0xFD64, &[0x635, 0x62D, 0x62D]),
    (0xFD65, &[0x635, 0x62D, 0x62D]),
    (0xFD66, &[0x635, 0x645, 0x645]),
    (0xFD67, &[0x633, 0x6DB, 0x62D, 0x645]),
    (0xFD68, &[0x633, 0x6DB, 0x62D, 0x645]),
    (0xFD69, &[0x633, 0x6DB, 0x62C, 0x649]),
    (0xFD6A, &[0x633, 0x6DB, 0x645, 0x62E]),
    (0xFD6B, &[0x633, 0x6DB, 0x645, 0x62E]),
    (0xFD6C, &[0x633, 0x6DB, 0x645, 0x645]),
    (0xFD6D, &[0x633, 0x6DB, 0x645, 0x645]),
    (0xFD6E, &[0x636, 0x62D, 0x649]),
    (0xFD6F, &[0x636, 0x62E, 0x645]),
    (0xFD70, &[0x636, 0x62E, 0x645]),
    (0xFD71, &[0x637, 0x645, 0x62D]),
    (0xFD72, &[0x637, 0x645, 0x62D]),
    (0xFD73, &[0x637, 0x645, 0x645]),
    (0xFD74, &[0x637, 0x645, 0x649]),
    (0xFD75, &[0x639, 0x62C, 0x645]),
    (0xFD76, &[0x639, 0x645, 0x645]),
    (0xFD77, &[0x639, 0x645, 0x645]),
    (0xFD78, &[0x639, 0x645, 0x649]),
    (0xFD79, &[0x63A, 0x645, 0x645]),
    (0xFD7A, &[0x63A, 0x645, 0x649]),
    (0xFD7B, &[0x63A, 0x645, 0x649]),
    (0xFD7C, &[0x641, 0x62E, 0x645]),
    (0xFD7D, &[0x641, 0x62E, 0x645]),
    (0xFD7E, &[0x642, 0x645, 0x62D]),
    (0xFD7F, &[0x642, 0x645, 0x645]),
    (0xFD80, &[0x644, 0x62D, 0x645]),
    (0xFD81, &[0x644, 0x62D, 0x649]),
    (0xFD82, &[0x644, 0x62D, 0x649]),
    (0xFD83, &[0x644, 0x62C, 0x62C]),
    (0xFD84, &[0x644, 0x62C, 0x62C]),
    (0xFD85, &[0x644, 0x62E, 0x645]),
    (0xFD86, &[0x644, 0x62E, 0x645]),
    (0xFD87, &[0x644, 0x645, 0x62D]),
    (0xFD88, &[0x644, 0x645, 0x62D]),
    (0xFD89, &[0x645, 0x62D, 0x62C]),
    (0xFD8A, &[0x645, 0x62D, 0x645]),
    (0xFD8B, &[0x645, 0x62D, 0x649]),
    (0xFD8C, &[0x645, 0x62C, 0x62D]),
    (0xFD8D, &[0x645, 0x62C, 0x645]),
    (0xFD8E, &[0x645, 0x62E, 0x62C]),
    (0xFD8F, &[0x645, 0x62E, 0x645]),
    (0xFD92, &[0x645, 0x62C, 0x62E]),
    (0xFD93, &[0x6F, 0x645, 0x62C]),
    (0xFD94, &[0x6F, 0x645, 0x645]),
    (0xFD95, &[0x646, 0x62D, 0x645]),
    (0xFD96, &[0x646, 0x62D, 0x649]),
    (0xFD97, &[0x646, 0x62C, 0x645]),
    (0xFD98, &[0x646, 0x62C, 0x645]),
    (0xFD99, &[0x646, 0x62C, 0x649]),
    (0xFD9A, &[0x646, 0x645, 0x649]),
    (0xFD9B, &[0x646, 0x645, 0x649]),
    (0xFD9C, &[0x649, 0x645, 0x645]),
    (0xFD9D, &[0x649, 0x645, 0x645]),
    (0xFD9E, &[0x628, 0x62E, 0x649]),
    (0xFD9F, &[0x62A, 0x62C, 0x649]),
    (0xFDA0, &[0x62A, 0x62C, 0x649]),
    (0xFDA1, &[0x62A, 0x62E, 0x649]),
    (0xFDA2, &[0x62A, 0x62E, 0x649]),
    (0xFDA3, &[0x62A, 0x645, 0x649]),
    (0xFDA4, &[0x62A, 0x645, 0x649]),
    (0xFDA5, &[0x62C, 0x645, 0x649]),
    (0xFDA6, &[0x62C, 0x62D, 0x649]),
    (0xFDA7, &[0x62C, 0x645, 0x649]),
    (0xFDA8, &[0x633, 0x62E, 0x649]),
    (0xFDA9, &[0x635, 0x62D, 0x649]),
    (0xFDAA, &[0x633, 0x6DB, 0x62D, 0x649]),
    (0xFDAB, &[0x636, 0x62D, 0x649]),
    (0xFDAC, &[0x644, 0x62C, 0x649]),
    (0xFDAD, &[0x644, 0x645, 0x649]),
    (0xFDAE, &[0x649, 0x62D, 0x649]),
    (0xFDAF, &[0x649, 0x62C, 0x649]),
    (0xFDB0, &[0x649, 0x645, 0x649]),
    (0xFDB1, &[0x645, 0x645, 0x649]),
    (0xFDB2, &[0x642, 0x645, 0x649]),
    (0xFDB3, &[0x646, 0x62D, 0x649]),
    (0xFDB4, &[0x642, 0x645, 0x62D]),
    (0xFDB5, &[0x644, 0x62D, 0x645]),
    (0xFDB6, &[0x639, 0x645, 0x649]),
    (0xFDB7, &[0x643, 0x645, 0x649]),
    (0xFDB8, &[0x646, 0x62C, 0x62D]),
    (0xFDB9, &[0x645, 0x62E, 0x649]),
    (0xFDBA, &[0x644, 0x62C, 0x645]),
    (0xFDBB, &[0x643, 0x645, 0x645]),
    (0xFDBC, &[0x644, 0x62C, 0x645]),
    (0xFDBD, &[0x646, 0x62C, 0x62D]),
    (0xFDBE, &[0x62C, 0x62D, 0x649]),
    (0xFDBF, &[0x62D, 0x62C, 0x649]),
    (0xFDC0, &[0x645, 0x62C, 0x649]),
    (0xFDC1, &[0x641, 0x645, 0x649]),
    (0xFDC2, &[0x628, 0x62D, 0x649]),
    (0xFDC3, &[0x643, 0x645, 0x645]),
    (0xFDC4, &[0x639, 0x62C, 0x645]),
    (0xFDC5, &[0x635, 0x645, 0x645]),
    (0xFDC6, &[0x633, 0x62E, 0x649]),
    (0xFDC7, &[0x646, 0x62C, 0x649]),
    (0xFDF0, &[0x635, 0x644, 0x649]),
    (0xFDF1, &[0x642, 0x644, 0x649]),
    (0xFDF2, &[0x6C, 0x644, 0x644, 0x651, 0x670, 0x6F]),
    (0xFDF3, &[0x6C, 0x643, 0x628, 0x631]),
    (0xFDF4, &[0x645, 0x62D, 0x645, 0x62F]),
    (0xFDF5, &[0x635, 0x644, 0x639, 0x645]),
    (0xFDF6, &[0x631, 0x633, 0x648, 0x644]),
    (0xFDF7, &[0x639, 0x644, 0x649, 0x6F]),
    (0xFDF8, &[0x648, 0x633, 0x644, 0x645]),
    (0xFDF9, &[0x635, 0x644, 0x649]),
    (0xFDFA, &[0x635, 0x644, 0x649, 0x20, 0x6C, 0x644, 0x644, 0x6F, 0x20, 0x639, 0x644, 0x649, 0x6F, 0x20, 0x648, 0x633, 0x644, 0x645]),
    (0xFDFB, &[0x62C, 0x644, 0x20, 0x62C, 0x644, 0x6C, 0x644, 0x6F]),
    (0xFDFC, &[0x631, 0x649, 0x6C, 0x644]),
    (0xFE19, &[0x2D57]),
    (0xFE30, &[0x3A]),
    (0xFE31, &[0x2502]),
    (0xFE34, &[0x2307]),
    (0xFE35, &[0x23DC]),
    (0xFE36, &[0x23DD]),
    (0xFE37, &[0x23DE]),
    (0xFE38, &[0x23DF]),
    (0xFE39, &[0x23E0]),
    (0xFE3A, &[0x23E1]),
    (0xFE49, &[0x2C9]),
    (0xFE4A, &[0x2C9]),
    (0xFE4B, &[0x2C9]),
    (0xFE4C, &[0x2C9]),
    (0xFE4D, &[0x5F]),
    (0xFE4E, &[0x5F]),
    (0xFE4F, &[0x5F]),
    (0xFE58, &[0x2D]),
    (0xFE68, &[0x5C]),
    (0xFE80, &[0x621]),
    (0xFE81, &[0x622]),
    (0xFE82, &[0x622]),
    (0xFE83, &[0x6C, 0x674]),
    (0xFE84, &[0x6C, 0x674]),
    (0xFE85, &[0x648, 0x674]),
    (0xFE86, &[0x648, 0x674]),
    (0xFE87, &[0x6C, 0x655]),
    (0xFE88, &[0x6C, 0x655]),
    (0xFE89, &[0x649, 0x674]),
    (0xFE8A, &[0x649, 0x674]),
    (0xFE8B, &[0x649, 0x674]),
    (0xFE8C, &[0x649, 0x674]),
    (0xFE8D, &[0x6C]),
    (0xFE8E, &[0x6C]),
    (0xFE8F, &[0x628]),
    (0xFE90, &[0x628]),
    (0xFE91, &[0x628]),
    (0xFE92, &[0x628]),
    (0xFE93, &[0x629]),
    (0xFE94, &[0x629]),
    (0xFE95, &[0x62A]),
    (0xFE96, &[0x62A]),
    (0xFE97, &[0x62A]),
    (0xFE98, &[0x62A]),
    (0xFE99, &[0x649, 0x6DB]),
    (0xFE9A, &[0x649, 0x6DB]),
    (0xFE9B, &[0x649, 0x6DB]),
    (0xFE9C, &[0x649, 0x6DB]),
    (0xFE9D, &[0x62C]),
    (0xFE9E, &[0x62C]),
    (0xFE9F, &[0x62C]),
    (0xFEA0, &[0x62C]),
    (0xFEA1, &[0x62D]),
    (0xFEA2, &[0x62D]),
    (0xFEA3, &[0x62D]),
    (0xFEA4, &[0x62D]),
    (0xFEA5, &[0x62E]),
    (0xFEA6, &[0x62E]),
    (0xFEA7, &[0x62E]),
    (0xFEA8, &[0x62E]),
    (0xFEA9, &[0x62F]),
    (0xFEAA, &[0x62F]),
    (0xFEAB, &[0x630]),
    (0xFEAC, &[0x630]),
    (0xFEAD, &[0x631]),
    (0xFEAE, &[0x631]),
    (0xFEAF, &[0x632]),
    (0xFEB0, &[0x632]),
    (0xFEB1, &[0x633]),
    (0xFEB2, &[0x633]),
    (0xFEB3, &[0x633]),
    (0xFEB4, &[0x633]),
    (0xFEB5, &[0x633, 0x6DB]),
    (0xFEB6, &[0x633, 0x6DB]),
    (0xFEB7, &[0x633, 0x6DB]),
    (0xFEB8, &[0x633, 0x6DB]),
    (0xFEB9, &[0x635]),
    (0xFEBA, &[0x635]),
    (0xFEBB, &[0x635]),
    (0xFEBC, &[0x635]),
    (0xFEBD, &[0x636]),
    (0xFEBE, &[0x636]),
    (0xFEBF, &[0x636]),
    (0xFEC0, &[0x636]),
    (0xFEC1, &[0x637]),
    (0xFEC2, &[0x637]),
    (0xFEC3, &[0x637]),
    (0xFEC4, &[0x637]),
    (0xFEC5, &[0x638]),
    (0xFEC6, &[0x638]),
    (0xFEC7, &[0x638]),
    (0xFEC8, &[0x638]),
    (0xFEC9, &[0x639]),
    (0xFECA, &[0x639]),
    (0xFECB, &[0x639]),
    (0xFECC, &[0x639]),
    (0xFECD, &[0x63A]),
    (0xFECE, &[0x63A]),
    (0xFECF, &[0x63A]),
    (0xFED0, &[0x63A]),
    (0xFED1, &[0x641]),
    (0xFED2, &[0x641]),
    (0xFED3, &[0x641]),
    (0xFED4, &[0x641]),
    (0xFED5, &[0x642]),
    (0xFED6, &[0x642]),
    (0xFED7, &[0x642]),
    (0xFED8, &[0x642]),
    (0xFED9, &[0x643]),
    (0xFEDA, &[0x643]),
    (0xFEDB, &[0x643]),
    (0xFEDC, &[0x643]),
    (0xFEDD, &[0x644]),
    (0xFEDE, &[0x644]),
    (0xFEDF, &[0x644]),
    (0xFEE0, &[0x644]),
    (0xFEE1, &[0x645]),
    (0xFEE2, &[0x645]),
    (0xFEE3, &[0x645]),
    (0xFEE4, &[0x645]),
    (0xFEE5, &[0x646]),
    (0xFEE6, &[0x646]),
    (0xFEE7, &[0x646]),
    (0xFEE8, &[0x646]),
    (0xFEE9, &[0x6F]),
    (0xFEEA, &[0x6F]),
    (0xFEEB, &[0x6F]),
    (0xFEEC, &[0x6F]),
    (0xFEED, &[0x648]),
    (0xFEEE, &[0x648]),
    (0xFEEF, &[0x649]),
    (0xFEF0, &[0x649]),
    (0xFEF1, &[0x649]),
    (0xFEF2, &[0x649]),
    (0xFEF3, &[0x649]),
    (0xFEF4, &[0x649]),
    (0xFEF5, &[0x644, 0x622]),
    (0xFEF6, &[0x644, 0x622]),
    (0xFEF7, &[0x644, 0x6C, 0x674]),
    (0xFEF8, &[0x644, 0x6C, 0x674]),
    (0xFEF9, &[0x644, 0x6C, 0x655]),
    (0xFEFA, &[0x644, 0x6C, 0x655]),
    (0xFEFB, &[0x644, 0x6C]),
    (0xFEFC, &[0x644, 0x6C]),
    (0xFF01, &[0x21]),
    (0xFF02, &[0x27, 0x27]),
    (0xFF07, &[0x27]),
    (0xFF0D, &[0x30FC]),
    (0xFF1A, &[0x3A]),
    (0xFF21, &[0x41]),
    (0xFF22, &[0x42]),
    (0xFF23, &[0x43]),
    (0xFF25, &[0x45]),
    (0xFF28, &[0x48]),
    (0xFF29, &[0x6C]),
    (0xFF2A, &[0x4A]),
    (0xFF2B, &[0x4B]),
    (0xFF2D, &[0x4D]),
    (0xFF2E, &[0x4E]),
    (0xFF2F, &[0x4F]),
    (0xFF30, &[0x50]),
    (0xFF33, &[0x53]),
    (0xFF34, &[0x54]),
    (0xFF38, &[0x58]),
    (0xFF39, &[0x59]),
    (0xFF3A, &[0x5A]),
    (0xFF3B, &[0x28]),
    (0xFF3C, &[0x5C]),
    (0xFF3D, &[0x29]),
    (0xFF3E, &[0xFE3F]),
    (0xFF40, &[0x27]),
    (0xFF41, &[0x61]),
    (0xFF43, &[0x63]),
    (0xFF45, &[0x65]),
    (0xFF47, &[0x67]),
    (0xFF48, &[0x68]),
    (0xFF49, &[0x69]),
    (0xFF4A, &[0x6A]),
    (0xFF4C, &[0x6C]),
    (0xFF4F, &[0x6F]),
    (0xFF50, &[0x70]),
    (0xFF53, &[0x73]),
    (0xFF56, &[0x76]),
    (0xFF58, &[0x78]),
    (0xFF59, &[0x79]),
    (0xFF5C, &[0x2502]),
    (0xFF5E, &[0x301C]),
    (0xFF65, &[0xB7]),
    (0xFFE3, &[0x2C9]),
    (0xFFE8, &[0x6C]),
    (0xFFED, &[0x25AA]),
    (0x10101, &[0xB7]),
    (0x1018E, &[0x4E, 0x30A]),
    (0x10196, &[0x58, 0x335]),
    (0x10197, &[0x56, 0x335]),
    (0x10198, &[0x6C, 0x335, 0x6C, 0x335, 0x53, 0x335]),
    (0x10199, &[0x6C, 0x335, 0x6C, 0x335]),
    (0x101A0, &[0x2CE8]),
    (0x10282, &[0x42]),
    (0x10285, &[0x394]),
    (0x10286, &[0x45]),
    (0x10287, &[0x46]),
    (0x1028A, &[0x6C]),
    (0x1028D, &[0x245]),
    (0x10290, &[0x58]),
    (0x10292, &[0x4F]),
    (0x10294, &[0x16DC]),
    (0x10295, &[0x50]),
    (0x10296, &[0x53]),
    (0x10297, &[0x54]),
    (0x1029B, &[0x2B]),
    (0x102A0, &[0x41]),
    (0x102A1, &[0x42]),
    (0x102A2, &[0x43]),
    (0x102A3, &[0x394]),
    (0x102A5, &[0x46]),
    (0x102AB, &[0x4F]),
    (0x102AD, &[0x3D8]),
    (0x102B0, &[0x4D]),
    (0x102B1, &[0x54]),
    (0x102B2, &[0x59]),
    (0x102B3, &[0x3A6]),
    (0x102B4, &[0x58]),
    (0x102B5, &[0x3A8]),
    (0x102B6, &[0x3A9]),
    (0x102B8, &[0x2D40]),
    (0x102CF, &[0x48]),
    (0x102E1, &[0x62F]),
    (0x102E4, &[0x648]),
    (0x102E8, &[0x637]),
    (0x102F2, &[0x635]),
    (0x102F5, &[0x5A]),
    (0x10301, &[0x42]),
    (0x10302, &[0x43]),
    (0x10309, &[0x6C]),
    (0x10311, &[0x4D]),
    (0x10312, &[0x3D8]),
    (0x10315, &[0x54]),
    (0x10317, &[0x58]),
    (0x1031A, &[0x38]),
    (0x1031F, &[0x2A]),
    (0x10320, &[0x6C]),
    (0x10322, &[0x58]),
    (0x103D1, &[0x10382]),
    (0x103D3, &[0x10393]),
    (0x10401, &[0x190]),
    (0x10404, &[0x4F]),
    (0x10411, &[0xA4F6]),
    (0x10415, &[0x43]),
    (0x1041B, &[0x4C]),
    (0x1041F, &[0x2C70]),
    (0x10420, &[0x53]),
    (0x10423, &[0x186]),
    (0x10425, &[0x418]),
    (0x10429, &[0xA793]),
    (0x1042A, &[0x29A]),
    (0x1042C, &[0x6F]),
    (0x1043D, &[0x63]),
    (0x1043F, &[0x277]),
    (0x10442, &[0x25E]),
    (0x10443, &[0x29F]),
    (0x10448, &[0x73]),
    (0x1044B, &[0x254]),
    (0x1044D, &[0x1D0E]),
    (0x104A0, &[0x10486]),
    (0x104B0, &[0x245]),
    (0x104B4, &[0x52]),
    (0x104BC, &[0x4C3]),
    (0x104C2, &[0x4F]),
    (0x104C3, &[0x298]),
    (0x104C4, &[0xDE]),
    (0x104CD, &[0x40B]),
    (0x104CE, &[0x55]),
    (0x104D0, &[0x16E6]),
    (0x104D1, &[0x3A8]),
    (0x104D2, &[0x37]),
    (0x104D8, &[0x28C]),
    (0x104DB, &[0x3BB]),
    (0x104EA, &[0x6F]),
    (0x104EB, &[0xA669]),
    (0x104F6, &[0x75]),
    (0x104F9, &[0x3C8]),
    (0x10513, &[0x4E]),
    (0x10516, &[0x4F]),
    (0x10518, &[0x4B]),
    (0x1051C, &[0x43]),
    (0x1051D, &[0x56]),
    (0x10525, &[0x46]),
    (0x10526, &[0x4C]),
    (0x10527, &[0x58]),
    (0x10A3A, &[0x323]),
    (0x10A50, &[0x2E]),
    (0x10A57, &[0x10A56, 0x10A56]),
    (0x10CFA, &[0x10CA5]),
    (0x10CFC, &[0x10C82]),
    (0x110BB, &[0x970]),
    (0x111C7, &[0x970]),
    (0x111CA, &[0x323]),
    (0x111CB, &[0x93A]),
    (0x111DB, &[0xA8FC]),
    (0x111DC, &[0xA8FB]),
    (0x111DE, &[0x2248]),
    (0x11300, &[0x30A]),
    (0x11413, &[0x11434, 0x11442, 0x11412]),
    (0x11419, &[0x11434, 0x11442, 0x11418]),
    (0x11424, &[0x11434, 0x11442, 0x11423]),
    (0x1142A, &[0x11434, 0x11442, 0x11429]),
    (0x1142D, &[0x11434, 0x11442, 0x1142C]),
    (0x1142F, &[0x11434, 0x11442, 0x1142E]),
    (0x1144C, &[0x1144B, 0x1144B]),
    (0x11492, &[0x998]),
    (0x11494, &[0x99A]),
    (0x11496, &[0x99C]),
    (0x11498, &[0x99E]),
    (0x11499, &[0x99F]),
    (0x1149B, &[0x9A1]),
    (0x1149D, &[0x9B2]),
    (0x1149E, &[0x9A4]),
    (0x1149F, &[0x9A5]),
    (0x114A0, &[0x9A6]),
    (0x114A1, &[0x9A7]),
    (0x114A2, &[0x9A8]),
    (0x114A3, &[0x9AA]),
    (0x114A7, &[0x9AE]),
    (0x114A8, &[0x9AF]),
    (0x114A9, &[0x9AC]),
    (0x114AA, &[0x9A3]),
    (0x114AB, &[0x9B0]),
    (0x114AD, &[0x9B7]),
    (0x114AE, &[0x9B8]),
    (0x114B0, &[0x9BE]),
    (0x114B1, &[0x9BF]),
    (0x114B9, &[0x9C7]),
    (0x114BC, &[0x9CB]),
    (0x114BD, &[0x9D7]),
    (0x114BE, &[0x9CC]),
    (0x114BF, &[0x306, 0x307]),
    (0x114C1, &[0x983]),
    (0x114C2, &[0x9CD]),
    (0x114C3, &[0x323]),
    (0x114C4, &[0x9BD]),
    (0x114C5, &[0x77, 0x307]),
    (0x114D0, &[0x4F]),
    (0x114D1, &[0x9E7]),
    (0x114D2, &[0x9E8]),
    (0x114D6, &[0x9EC]),
    (0x115D8, &[0x11582]),
    (0x115D9, &[0x11582]),
    (0x115DA, &[0x11583]),
    (0x115DB, &[0x11584]),
    (0x115DC, &[0x115B2]),
    (0x115DD, &[0x115B3]),
    (0x11642, &[0x11641, 0x11641]),
    (0x11700, &[0x72, 0x6E]),
    (0x11706, &[0x76]),
    (0x1170A, &[0x77]),
    (0x1170E, &[0x77]),
    (0x1170F, &[0x77]),
    (0x118A0, &[0x56]),
    (0x118A2, &[0x46]),
    (0x118A3, &[0x4C]),
    (0x118A4, &[0x59]),
    (0x118A6, &[0x45]),
    (0x118A8, &[0x2207]),
    (0x118A9, &[0x5A]),
    (0x118AC, &[0x39]),
    (0x118AE, &[0x45]),
    (0x118AF, &[0x34]),
    (0x118B2, &[0x4C]),
    (0x118B5, &[0x4F]),
    (0x118B7, &[0x16DC]),
    (0x118B8, &[0x55]),
    (0x118BB, &[0x35]),
    (0x118BC, &[0x54]),
    (0x118C0, &[0x76]),
    (0x118C1, &[0x73]),
    (0x118C2, &[0x46]),
    (0x118C3, &[0x69]),
    (0x118C4, &[0x7A]),
    (0x118C6, &[0x37]),
    (0x118C8, &[0x6F]),
    (0x118CA, &[0x33]),
    (0x118CC, &[0x39]),
    (0x118CE, &[0xA793]),
    (0x118D5, &[0x36]),
    (0x118D6, &[0x39]),
    (0x118D7, &[0x6F]),
    (0x118D8, &[0x75]),
    (0x118DC, &[0x79]),
    (0x118E0, &[0x4F]),
    (0x118E3, &[0x72, 0x6E]),
    (0x118E4, &[0x669]),
    (0x118E5, &[0x5A]),
    (0x118E6, &[0x57]),
    (0x118E9, &[0x43]),
    (0x118EC, &[0x58]),
    (0x118EF, &[0x57]),
    (0x118F2, &[0x43]),
    (0x11AE6, &[0x11AE5, 0x11AEF]),
    (0x11AE7, &[0x11AE5, 0x11AF0]),
    (0x11AE8, &[0x11AE5, 0x11AE5]),
    (0x11AE9, &[0x11AE5, 0x11AE5, 0x11AEF]),
    (0x11AEA, &[0x11AE5, 0x11AE5, 0x11AF0]),
    (0x11AEC, &[0x11AEB, 0x11AEF]),
    (0x11AED, &[0x11AEB, 0x11AEB]),
    (0x11AEE, &[0x11AEB, 0x11AEB, 0x11AEF]),
    (0x11AF4, &[0x11AF3, 0x11AEF]),
    (0x11AF5, &[0x11AF3, 0x11AF0]),
    (0x11AF6, &[0x11AF3, 0x11AF3]),
    (0x11AF7, &[0x11AF3, 0x11AF3, 0x11AEF]),
    (0x11AF8, &[0x11AF3, 0x11AF3, 0x11AF0]),
    (0x11C42, &[0x11C41, 0x11C41]),
    (0x11CB2, &[0x11CAA]),
    (0x12038, &[0x1039A]),
    (0x132F9, &[0x1099E]),
    (0x16F07, &[0x393]),
    (0x16F08, &[0x56]),
    (0x16F0A, &[0x54]),
    (0x16F16, &[0x4C]),
    (0x16F1A, &[0x394]),
    (0x16F1C, &[0xA658]),
    (0x16F26, &[0xA4F6]),
    (0x16F28, &[0x6C]),
    (0x16F2D, &[0x190]),
    (0x16F35, &[0x52]),
    (0x16F3A, &[0x53]),
    (0x16F3B, &[0x33]),
    (0x16F3D, &[0x245]),
    (0x16F3F, &[0x3E]),
    (0x16F40, &[0x41]),
    (0x16F42, &[0x55]),
    (0x16F43, &[0x59]),
    (0x16F51, &[0x27]),
    (0x16F52, &[0x27]),
    (0x1CCD6, &[0x41]),
    (0x1CCD7, &[0x42]),
    (0x1CCD8, &[0x43]),
    (0x1CCD9, &[0x44]),
    (0x1CCDA, &[0x45]),
    (0x1CCDB, &[0x46]),
    (0x1CCDC, &[0x47]),
    (0x1CCDD, &[0x48]),
    (0x1CCDE, &[0x6C]),
    (0x1CCDF, &[0x4A]),
    (0x1CCE0, &[0x4B]),
    (0x1CCE1, &[0x4C]),
    (0x1CCE2, &[0x4D]),
    (0x1CCE3, &[0x4E]),
    (0x1CCE4, &[0x4F]),
    (0x1CCE5, &[0x50]),
    (0x1CCE6, &[0x51]),
    (0x1CCE7, &[0x52]),
    (0x1CCE8, &[0x53]),
    (0x1CCE9, &[0x54]),
    (0x1CCEA, &[0x55]),
    (0x1CCEB, &[0x56]),
    (0x1CCEC, &[0x57]),
    (0x1CCED, &[0x58]),
    (0x1CCEE, &[0x59]),
    (0x1CCEF, &[0x5A]),
    (0x1CCF0, &[0x4F]),
    (0x1CCF1, &[0x6C]),
    (0x1CCF2, &[0x32]),
    (0x1CCF3, &[0x33]),
    (0x1CCF4, &[0x34]),
    (0x1CCF5, &[0x35]),
    (0x1CCF6, &[0x36]),
    (0x1CCF7, &[0x37]),
    (0x1CCF8, &[0x38]),
    (0x1CCF9, &[0x39]),
    (0x1D114, &[0x7B]),
    (0x1D16D, &[0x2E]),
    (0x1D202, &[0x4FE]),
    (0x1D206, &[0x33]),
    (0x1D20B, &[0x418]),
    (0x1D20D, &[0x56]),
    (0x1D20F, &[0x5C]),
    (0x1D212, &[0x37]),
    (0x1D213, &[0x46]),
    (0x1D214, &[0x102BC]),
    (0x1D215, &[0xA4F6]),
    (0x1D216, &[0x52]),
    (0x1D217, &[0x2C6F]),
    (0x1D21A, &[0x4F, 0x335]),
    (0x1D21B, &[0x2144]),
    (0x1D21C, &[0xA4D5]),
    (0x1D221, &[0x190]),
    (0x1D222, &[0x460]),
    (0x1D22A, &[0x4C]),
    (0x1D22B, &[0xA4F6]),
    (0x1D230, &[0xA7FB]),
    (0x1D236, &[0x3C]),
    (0x1D237, &[0x3E]),
    (0x1D238, &[0x228F]),
    (0x1D239, &[0x2290]),
    (0x1D23A, &[0x2F]),
    (0x1D23B, &[0x5C]),
    (0x1D23F, &[0x16CB]),
    (0x1D245, &[0x548]),
    (0x1D400, &[0x41]),
    (0x1D401, &[0x42]),
    (0x1D402, &[0x43]),
    (0x1D403, &[0x44]),
    (0x1D404, &[0x45]),
    (0x1D405, &[0x46]),
    (0x1D406, &[0x47]),
    (0x1D407, &[0x48]),
    (0x1D408, &[0x6C]),
    (0x1D409, &[0x4A]),
    (0x1D40A, &[0x4B]),
    (0x1D40B, &[0x4C]),
    (0x1D40C, &[0x4D]),
    (0x1D40D, &[0x4E]),
    (0x1D40E, &[0x4F]),
    (0x1D40F, &[0x50]),
    (0x1D410, &[0x51]),
    (0x1D411, &[0x52]),
    (0x1D412, &[0x53]),
    (0x1D413, &[0x54]),
    (0x1D414, &[0x55]),
    (0x1D415, &[0x56]),
    (0x1D416, &[0x57]),
    (0x1D417, &[0x58]),
    (0x1D418, &[0x59]),
    (0x1D419, &[0x5A]),
    (0x1D41A, &[0x61]),
    (0x1D41B, &[0x62]),
    (0x1D41C, &[0x63]),
    (0x1D41D, &[0x64]),
    (0x1D41E, &[0x65]),
    (0x1D41F, &[0x66]),
    (0x1D420, &[0x67]),
    (0x1D421, &[0x68]),
    (0x1D422, &[0x69]),
    (0x1D423, &[0x6A]),
    (0x1D424, &[0x6B]),
    (0x1D425, &[0x6C]),
    (0x1D426, &[0x72, 0x6E]),
    (0x1D427, &[0x6E]),
    (0x1D428, &[0x6F]),
    (0x1D429, &[0x70]),
    (0x1D42A, &[0x71]),
    (0x1D42B, &[0x72]),
    (0x1D42C, &[0x73]),
    (0x1D42D, &[0x74]),
    (0x1D42E, &[0x75]),
    (0x1D42F, &[0x76]),
    (0x1D430, &[0x77]),
    (0x1D431, &[0x78]),
    (0x1D432, &[0x79]),
    (0x1D433, &[0x7A]),
    (0x1D434, &[0x41]),
    (0x1D435, &[0x42]),
    (0x1D436, &[0x43]),
    (0x1D437, &[0x44]),
    (0x1D438, &[0x45]),
    (0x1D439, &[0x46]),
    (0x1D43A, &[0x47]),
    (0x1D43B, &[0x48]),
    (0x1D43C, &[0x6C]),
    (0x1D43D, &[0x4A]),
    (0x1D43E, &[0x4B]),
    (0x1D43F, &[0x4C]),
    (0x1D440, &[0x4D]),
    (0x1D441, &[0x4E]),
    (0x1D442, &[0x4F]),
    (0x1D443, &[0x50]),
    (0x1D444, &[0x51]),
    (0x1D445, &[0x52]),
    (0x1D446, &[0x53]),
    (0x1D447, &[0x54]),
    (0x1D448, &[0x55]),
    (0x1D449, &[0x56]),
    (0x1D44A, &[0x57]),
    (0x1D44B, &[0x58]),
    (0x1D44C, &[0x59]),
    (0x1D44D, &[0x5A]),
    (0x1D44E, &[0x61]),
    (0x1D44F, &[0x62]),
    (0x1D450, &[0x63]),
    (0x1D451, &[0x64]),
    (0x1D452, &[0x65]),
    (0x1D453, &[0x66]),
    (0x1D454, &[0x67]),
    (0x1D456, &[0x69]),
    (0x1D457, &[0x6A]),
    (0x1D458, &[0x6B]),
    (0x1D459, &[0x6C]),
    (0x1D45A, &[0x72, 0x6E]),
    (0x1D45B, &[0x6E]),
    (0x1D45C, &[0x6F]),
    (0x1D45D, &[0x70]),
    (0x1D45E, &[0x71]),
    (0x1D45F, &[0x72]),
    (0x1D460, &[0x73]),
    (0x1D461, &[0x74]),
    (0x1D462, &[0x75]),
    (0x1D463, &[0x76]),
    (0x1D464, &[0x77]),
    (0x1D465, &[0x78]),
    (0x1D466, &[0x79]),
    (0x1D467, &[0x7A]),
    (0x1D468, &[0x41]),
    (0x1D469, &[0x42]),
    (0x1D46A, &[0x43]),
    (0x1D46B, &[0x44]),
    (0x1D46C, &[0x45]),
    (0x1D46D, &[0x46]),
    (0x1D46E, &[0x47]),
    (0x1D46F, &[0x48]),
    (0x1D470, &[0x6C]),
    (0x1D471, &[0x4A]),
    (0x1D472, &[0x4B]),
    (0x1D473, &[0x4C]),
    (0x1D474, &[0x4D]),
    (0x1D475, &[0x4E]),
    (0x1D476, &[0x4F]),
    (0x1D477, &[0x50]),
    (0x1D478, &[0x51]),
    (0x1D479, &[0x52]),
    (0x1D47A, &[0x53]),
    (0x1D47B, &[0x54]),
    (0x1D47C, &[0x55]),
    (0x1D47D, &[0x56]),
    (0x1D47E, &[0x57]),
    (0x1D47F, &[0x58]),
    (0x1D480, &[0x59]),
    (0x1D481, &[0x5A]),
    (0x1D482, &[0x61]),
    (0x1D483, &[0x62]),
    (0x1D484, &[0x63]),
    (0x1D485, &[0x64]),
    (0x1D486, &[0x65]),
    (0x1D487, &[0x66]),
    (0x1D488, &[0x67]),
    (0x1D489, &[0x68]),
    (0x1D48A, &[0x69]),
    (0x1D48B, &[0x6A]),
    (0x1D48C, &[0x6B]),
    (0x1D48D, &[0x6C]),
    (0x1D48E, &[0x72, 0x6E]),
    (0x1D48F, &[0x6E]),
    (0x1D490, &[0x6F]),
    (0x1D491, &[0x70]),
    (0x1D492, &[0x71]),
    (0x1D493, &[0x72]),
    (0x1D494, &[0x73]),
    (0x1D495, &[0x74]),
    (0x1D496, &[0x75]),
    (0x1D497, &[0x76]),
    (0x1D498, &[0x77]),
    (0x1D499, &[0x78]),
    (0x1D49A, &[0x79]),
    (0x1D49B, &[0x7A]),
    (0x1D49C, &[0x41]),
    (0x1D49E, &[0x43]),
    (0x1D49F, &[0x44]),
    (0x1D4A2, &[0x47]),
    (0x1D4A5, &[0x4A]),
    (0x1D4A6, &[0x4B]),
    (0x1D4A9, &[0x4E]),
    (0x1D4AA, &[0x4F]),
    (0x1D4AB, &[0x50]),
    (0x1D4AC, &[0x51]),
    (0x1D4AE, &[0x53]),
    (0x1D4AF, &[0x54]),
    (0x1D4B0, &[0x55]),
    (0x1D4B1, &[0x56]),
    (0x1D4B2, &[0x57]),
    (0x1D4B3, &[0x58]),
    (0x1D4B4, &[0x59]),
    (0x1D4B5, &[0x5A]),
    (0x1D4B6, &[0x61]),
    (0x1D4B7, &[0x62]),
    (0x1D4B8, &[0x63]),
    (0x1D4B9, &[0x64]),
    (0x1D4BB, &[0x66]),
    (0x1D4BD, &[0x68]),
    (0x1D4BE, &[0x69]),
    (0x1D4BF, &[0x6A]),
    (0x1D4C0, &[0x6B]),
    (0x1D4C1, &[0x6C]),
    (0x1D4C2, &[0x72, 0x6E]),
    (0x1D4C3, &[0x6E]),
    (0x1D4C5, &[0x70]),
    (0x1D4C6, &[0x71]),
    (0x1D4C7, &[0x72]),
    (0x1D4C8, &[0x73]),
    (0x1D4C9, &[0x74]),
    (0x1D4CA, &[0x75]),
    (0x1D4CB, &[0x76]),
    (0x1D4CC, &[0x77]),
    (0x1D4CD, &[0x78]),
    (0x1D4CE, &[0x79]),
    (0x1D4CF, &[0x7A]),
    (0x1D4D0, &[0x41]),
    (0x1D4D1, &[0x42]),
    (0x1D4D2, &[0x43]),
    (0x1D4D3, &[0x44]),
    (0x1D4D4, &[0x45]),
    (0x1D4D5, &[0x46]),
    (0x1D4D6, &[0x47]),
    (0x1D4D7, &[0x48]),
    (0x1D4D8, &[0x6C]),
    (0x1D4D9, &[0x4A]),
    (0x1D4DA, &[0x4B]),
    (0x1D4DB, &[0x4C]),
    (0x1D4DC, &[0x4D]),
    (0x1D4DD, &[0x4E]),
    (0x1D4DE, &[0x4F]),
    (0x1D4DF, &[0x50]),
    (0x1D4E0, &[0x51]),
    (0x1D4E1, &[0x52]),
    (0x1D4E2, &[0x53]),
    (0x1D4E3, &[0x54]),
    (0x1D4E4, &[0x55]),
    (0x1D4E5, &[0x56]),
    (0x1D4E6, &[0x57]),
    (0x1D4E7, &[0x58]),
    (0x1D4E8, &[0x59]),
    (0x1D4E9, &[0x5A]),
    (0x1D4EA, &[0x61]),
    (0x1D4EB, &[0x62]),
    (0x1D4EC, &[0x63]),
    (0x1D4ED, &[0x64]),
    (0x1D4EE, &[0x65]),
    (0x1D4EF, &[0x66]),
    (0x1D4F0, &[0x67]),
    (0x1D4F1, &[0x68]),
    (0x1D4F2, &[0x69]),
    (0x1D4F3, &[0x6A]),
    (0x1D4F4, &[0x6B]),
    (0x1D4F5, &[0x6C]),
    (0x1D4F6, &[0x72, 0x6E]),
    (0x1D4F7, &[0x6E]),
    (0x1D4F8, &[0x6F]),
    (0x1D4F9, &[0x70]),
    (0x1D4FA, &[0x71]),
    (0x1D4FB, &[0x72]),
    (0x1D4FC, &[0x73]),
    (0x1D4FD, &[0x74]),
    (0x1D4FE, &[0x75]),
    (0x1D4FF, &[0x76]),
    (0x1D500, &[0x77]),
    (0x1D501, &[0x78]),
    (0x1D502, &[0x79]),
    (0x1D503, &[0x7A]),
    (0x1D504, &[0x41]),
    (0x1D505, &[0x42]),
    (0x1D507, &[0x44]),
    (0x1D508, &[0x45]),
    (0x1D509, &[0x46]),
    (0x1D50A, &[0x47]),
    (0x1D50D, &[0x4A]),
    (0x1D50E, &[0x4B]),
    (0x1D50F, &[0x4C]),
    (0x1D510, &[0x4D]),
    (0x1D511, &[0x4E]),
    (0x1D512, &[0x4F]),
    (0x1D513, &[0x50]),
    (0x1D514, &[0x51]),
    (0x1D516, &[0x53]),
    (0x1D517, &[0x54]),
    (0x1D518, &[0x55]),
    (0x1D519, &[0x56]),
    (0x1D51A, &[0x57]),
    (0x1D51B, &[0x58]),
    (0x1D51C, &[0x59]),
    (0x1D51E, &[0x61]),
    (0x1D51F, &[0x62]),
    (0x1D520, &[0x63]),
    (0x1D521, &[0x64]),
    (0x1D522, &[0x65]),
    (0x1D523, &[0x66]),
    (0x1D524, &[0x67]),
    (0x1D525, &[0x68]),
    (0x1D526, &[0x69]),
    (0x1D527, &[0x6A]),
    (0x1D528, &[0x6B]),
    (0x1D529, &[0x6C]),
    (0x1D52A, &[0x72, 0x6E]),
    (0x1D52B, &[0x6E]),
    (0x1D52C, &[0x6F]),
    (0x1D52D, &[0x70]),
    (0x1D52E, &[0x71]),
    (0x1D52F, &[0x72]),
    (0x1D530, &[0x73]),
    (0x1D531, &[0x74]),
    (0x1D532, &[0x75]),
    (0x1D533, &[0x76]),
    (0x1D534, &[0x77]),
    (0x1D535, &[0x78]),
    (0x1D536, &[0x79]),
    (0x1D537, &[0x7A]),
    (0x1D538, &[0x41]),
    (0x1D539, &[0x42]),
    (0x1D53B, &[0x44]),
    (0x1D53C, &[0x45]),
    (0x1D53D, &[0x46]),
    (0x1D53E, &[0x47]),
    (0x1D540, &[0x6C]),
    (0x1D541, &[0x4A]),
    (0x1D542, &[0x4B]),
    (0x1D543, &[0x4C]),
    (0x1D544, &[0x4D]),
    (0x1D546, &[0x4F]),
    (0x1D54A, &[0x53]),
    (0x1D54B, &[0x54]),
    (0x1D54C, &[0x55]),
    (0x1D54D, &[0x56]),
    (0x1D54E, &[0x57]),
    (0x1D54F, &[0x58]),
    (0x1D550, &[0x59]),
    (0x1D552, &[0x61]),
    (0x1D553, &[0x62]),
    (0x1D554, &[0x63]),
    (0x1D555, &[0x64]),
    (0x1D556, &[0x65]),
    (0x1D557, &[0x66]),
    (0x1D558, &[0x67]),
    (0x1D559, &[0x68]),
    (0x1D55A, &[0x69]),
    (0x1D55B, &[0x6A]),
    (0x1D55C, &[0x6B]),
    (0x1D55D, &[0x6C]),
    (0x1D55E, &[0x72, 0x6E]),
    (0x1D55F, &[0x6E]),
    (0x1D560, &[0x6F]),
    (0x1D561, &[0x70]),
    (0x1D562, &[0x71]),
    (0x1D563, &[0x72]),
    (0x1D564, &[0x73]),
    (0x1D565, &[0x74]),
    (0x1D566, &[0x75]),
    (0x1D567, &[0x76]),
    (0x1D568, &[0x77]),
    (0x1D569, &[0x78]),
    (0x1D56A, &[0x79]),
    (0x1D56B, &[0x7A]),
    (0x1D56C, &[0x41]),
    (0x1D56D, &[0x42]),
    (0x1D56E, &[0x43]),
    (0x1D56F, &[0x44]),
    (0x1D570, &[0x45]),
    (0x1D571, &[0x46]),
    (0x1D572, &[0x47]),
    (0x1D573, &[0x48]),
    (0x1D574, &[0x6C]),
    (0x1D575, &[0x4A]),
    (0x1D576, &[0x4B]),
    (0x1D577, &[0x4C]),
    (0x1D578, &[0x4D]),
    (0x1D579, &[0x4E]),
    (0x1D57A, &[0x4F]),
    (0x1D57B, &[0x50]),
    (0x1D57C, &[0x51]),
    (0x1D57D, &[0x52]),
    (0x1D57E, &[0x53]),
    (0x1D57F, &[0x54]),
    (0x1D580, &[0x55]),
    (0x1D581, &[0x56]),
    (0x1D582, &[0x57]),
    (0x1D583, &[0x58]),
    (0x1D584, &[0x59]),
    (0x1D585, &[0x5A]),
    (0x1D586, &[0x61]),
    (0x1D587, &[0x62]),
    (0x1D588, &[0x63]),
    (0x1D589, &[0x64]),
    (0x1D58A, &[0x65]),
    (0x1D58B, &[0x66]),
    (0x1D58C, &[0x67]),
    (0x1D58D, &[0x68]),
    (0x1D58E, &[0x69]),
    (0x1D58F, &[0x6A]),
    (0x1D590, &[0x6B]),
    (0x1D591, &[0x6C]),
    (0x1D592, &[0x72, 0x6E]),
    (0x1D593, &[0x6E]),
    (0x1D594, &[0x6F]),
    (0x1D595, &[0x70]),
    (0x1D596, &[0x71]),
    (0x1D597, &[0x72]),
    (0x1D598, &[0x73]),
    (0x1D599, &[0x74]),
    (0x1D59A, &[0x75]),
    (0x1D59B, &[0x76]),
    (0x1D59C, &[0x77]),
    (0x1D59D, &[0x78]),
    (0x1D59E, &[0x79]),
    (0x1D59F, &[0x7A]),
    (0x1D5A0, &[0x41]),
    (0x1D5A1, &[0x42]),
    (0x1D5A2, &[0x43]),
    (0x1D5A3, &[0x44]),
    (0x1D5A4, &[0x45]),
    (0x1D5A5, &[0x46]),
    (0x1D5A6, &[0x47]),
    (0x1D5A7, &[0x48]),
    (0x1D5A8, &[0x6C]),
    (0x1D5A9, &[0x4A]),
    (0x1D5AA, &[0x4B]),
    (0x1D5AB, &[0x4C]),
    (0x1D5AC, &[0x4D]),
    (0x1D5AD, &[0x4E]),
    (0x1D5AE, &[0x4F]),
    (0x1D5AF, &[0x50]),
    (0x1D5B0, &[0x51]),
    (0x1D5B1, &[0x52]),
    (0x1D5B2, &[0x53]),
    (0x1D5B3, &[0x54]),
    (0x1D5B4, &[0x55]),
    (0x1D5B5, &[0x56]),
    (0x1D5B6, &[0x57]),
    (0x1D5B7, &[0x58]),
    (0x1D5B8, &[0x59]),
    (0x1D5B9, &[0x5A]),
    (0x1D5BA, &[0x61]),
    (0x1D5BB, &[0x62]),
    (0x1D5BC, &[0x63]),
    (0x1D5BD, &[0x64]),
    (0x1D5BE, &[0x65]),
    (0x1D5BF, &[0x66]),
    (0x1D5C0, &[0x67]),
    (0x1D5C1, &[0x68]),
    (0x1D5C2, &[0x69]),
    (0x1D5C3, &[0x6A]),
    (0x1D5C4, &[0x6B]),
    (0x1D5C5, &[0x6C]),
    (0x1D5C6, &[0x72, 0x6E]),
    (0x1D5C7, &[0x6E]),
    (0x1D5C8, &[0x6F]),
    (0x1D5C9, &[0x70]),
    (0x1D5CA, &[0x71]),
    (0x1D5CB, &[0x72]),
    (0x1D5CC, &[0x73]),
    (0x1D5CD, &[0x74]),
    (0x1D5CE, &[0x75]),
    (0x1D5CF, &[0x76]),
    (0x1D5D0, &[0x77]),
    (0x1D5D1, &[0x78]),
    (0x1D5D2, &[0x79]),
    (0x1D5D3, &[0x7A]),
    (0x1D5D4, &[0x41]),
    (0x1D5D5, &[0x42]),
    (0x1D5D6, &[0x43]),
    (0x1D5D7, &[0x44]),
    (0x1D5D8, &[0x45]),
    (0x1D5D9, &[0x46]),
    (0x1D5DA, &[0x47]),
    (0x1D5DB, &[0x48]),
    (0x1D5DC, &[0x6C]),
    (0x1D5DD, &[0x4A]),
    (0x1D5DE, &[0x4B]),
    (0x1D5DF, &[0x4C]),
    (0x1D5E0, &[0x4D]),
    (0x1D5E1, &[0x4E]),
    (0x1D5E2, &[0x4F]),
    (0x1D5E3, &[0x50]),
    (0x1D5E4, &[0x51]),
    (0x1D5E5, &[0x52]),
    (0x1D5E6, &[0x53]),
    (0x1D5E7, &[0x54]),
    (0x1D5E8, &[0x55]),
    (0x1D5E9, &[0x56]),
    (0x1D5EA, &[0x57]),
    (0x1D5EB, &[0x58]),
    (0x1D5EC, &[0x59]),
    (0x1D5ED, &[0x5A]),
    (0x1D5EE, &[0x61]),
    (0x1D5EF, &[0x62]),
    (0x1D5F0, &[0x63]),
    (0x1D5F1, &[0x64]),
    (0x1D5F2, &[0x65]),
    (0x1D5F3, &[0x66]),
    (0x1D5F4, &[0x67]),
    (0x1D5F5, &[0x68]),
    (0x1D5F6, &[0x69]),
    (0x1D5F7, &[0x6A]),
    (0x1D5F8, &[0x6B]),
    (0x1D5F9, &[0x6C]),
    (0x1D5FA, &[0x72, 0x6E]),
    (0x1D5FB, &[0x6E]),
    (0x1D5FC, &[0x6F]),
    (0x1D5FD, &[0x70]),
    (0x1D5FE, &[0x71]),
    (0x1D5FF, &[0x72]),
    (0x1D600, &[0x73]),
    (0x1D601, &[0x74]),
    (0x1D602, &[0x75]),
    (0x1D603, &[0x76]),
    (0x1D604, &[0x77]),
    (0x1D605, &[0x78]),
    (0x1D606, &[0x79]),
    (0x1D607, &[0x7A]),
    (0x1D608, &[0x41]),
    (0x1D609, &[0x42]),
    (0x1D60A, &[0x43]),
    (0x1D60B, &[0x44]),
    (0x1D60C, &[0x45]),
    (0x1D60D, &[0x46]),
    (0x1D60E, &[0x47]),
    (0x1D60F, &[0x48]),
    (0x1D610, &[0x6C]),
    (0x1D611, &[0x4A]),
    (0x1D612, &[0x4B]),
    (0x1D613, &[0x4C]),
    (0x1D614, &[0x4D]),
    (0x1D615, &[0x4E]),
    (0x1D616, &[0x4F]),
    (0x1D617, &[0x50]),
    (0x1D618, &[0x51]),
    (0x1D619, &[0x52]),
    (0x1D61A, &[0x53]),
    (0x1D61B, &[0x54]),
    (0x1D61C, &[0x55]),
    (0x1D61D, &[0x56]),
    (0x1D61E, &[0x57]),
    (0x1D61F, &[0x58]),
    (0x1D620, &[0x59]),
    (0x1D621, &[0x5A]),
    (0x1D622, &[0x61]),
    (0x1D623, &[0x62]),
    (0x1D624, &[0x63]),
    (0x1D625, &[0x64]),
    (0x1D626, &[0x65]),
    (0x1D627, &[0x66]),
    (0x1D628, &[0x67]),
    (0x1D629, &[0x68]),
    (0x1D62A, &[0x69]),
    (0x1D62B, &[0x6A]),
    (0x1D62C, &[0x6B]),
    (0x1D62D, &[0x6C]),
    (0x1D62E, &[0x72, 0x6E]),
    (0x1D62F, &[0x6E]),
    (0x1D630, &[0x6F]),
    (0x1D631, &[0x70]),
    (0x1D632, &[0x71]),
    (0x1D633, &[0x72]),
    (0x1D634, &[0x73]),
    (0x1D635, &[0x74]),
    (0x1D636, &[0x75]),
    (0x1D637, &[0x76]),
    (0x1D638, &[0x77]),
    (0x1D639, &[0x78]),
    (0x1D63A, &[0x79]),
    (0x1D63B, &[0x7A]),
    (0x1D63C, &[0x41]),
    (0x1D63D, &[0x42]),
    (0x1D63E, &[0x43]),
    (0x1D63F, &[0x44]),
    (0x1D640, &[0x45]),
    (0x1D641, &[0x46]),
    (0x1D642, &[0x47]),
    (0x1D643, &[0x48]),
    (0x1D644, &[0x6C]),
    (0x1D645, &[0x4A]),
    (0x1D646, &[0x4B]),
    (0x1D647, &[0x4C]),
    (0x1D648, &[0x4D]),
    (0x1D649, &[0x4E]),
    (0x1D64A, &[0x4F]),
    (0x1D64B, &[0x50]),
    (0x1D64C, &[0x51]),
    (0x1D64D, &[0x52]),
    (0x1D64E, &[0x53]),
    (0x1D64F, &[0x54]),
    (0x1D650, &[0x55]),
    (0x1D651, &[0x56]),
    (0x1D652, &[0x57]),
    (0x1D653, &[0x58]),
    (0x1D654, &[0x59]),
    (0x1D655, &[0x5A]),
    (0x1D656, &[0x61]),
    (0x1D657, &[0x62]),
    (0x1D658, &[0x63]),
    (0x1D659, &[0x64]),
    (0x1D65A, &[0x65]),
    (0x1D65B, &[0x66]),
    (0x1D65C, &[0x67]),
    (0x1D65D, &[0x68]),
    (0x1D65E, &[0x69]),
    (0x1D65F, &[0x6A]),
    (0x1D660, &[0x6B]),
    (0x1D661, &[0x6C]),
    (0x1D662, &[0x72, 0x6E]),
    (0x1D663, &[0x6E]),
    (0x1D664, &[0x6F]),
    (0x1D665, &[0x70]),
    (0x1D666, &[0x71]),
    (0x1D667, &[0x72]),
    (0x1D668, &[0x73]),
    (0x1D669, &[0x74]),
    (0x1D66A, &[0x75]),
    (0x1D66B, &[0x76]),
    (0x1D66C, &[0x77]),
    (0x1D66D, &[0x78]),
    (0x1D66E, &[0x79]),
    (0x1D66F, &[0x7A]),
    (0x1D670, &[0x41]),
    (0x1D671, &[0x42]),
    (0x1D672, &[0x43]),
    (0x1D673, &[0x44]),
    (0x1D674, &[0x45]),
    (0x1D675, &[0x46]),
    (0x1D676, &[0x47]),
    (0x1D677, &[0x48]),
    (0x1D678, &[0x6C]),
    (0x1D679, &[0x4A]),
    (0x1D67A, &[0x4B]),
    (0x1D67B, &[0x4C]),
    (0x1D67C, &[0x4D]),
    (0x1D67D, &[0x4E]),
    (0x1D67E, &[0x4F]),
    (0x1D67F, &[0x50]),
    (0x1D680, &[0x51]),
    (0x1D681, &[0x52]),
    (0x1D682, &[0x53]),
    (0x1D683, &[0x54]),
    (0x1D684, &[0x55]),
    (0x1D685, &[0x56]),
    (0x1D686, &[0x57]),
    (0x1D687, &[0x58]),
    (0x1D688, &[0x59]),
    (0x1D689, &[0x5A]),
    (0x1D68A, &[0x61]),
    (0x1D68B, &[0x62]),
    (0x1D68C, &[0x63]),
    (0x1D68D, &[0x64]),
    (0x1D68E, &[0x65]),
    (0x1D68F, &[0x66]),
    (0x1D690, &[0x67]),
    (0x1D691, &[0x68]),
    (0x1D692, &[0x69]),
    (0x1D693, &[0x6A]),
    (0x1D694, &[0x6B]),
    (0x1D695, &[0x6C]),
    (0x1D696, &[0x72, 0x6E]),
    (0x1D697, &[0x6E]),
    (0x1D698, &[0x6F]),
    (0x1D699, &[0x70]),
    (0x1D69A, &[0x71]),
    (0x1D69B, &[0x72]),
    (0x1D69C, &[0x73]),
    (0x1D69D, &[0x74]),
    (0x1D69E, &[0x75]),
    (0x1D69F, &[0x76]),
    (0x1D6A0, &[0x77]),
    (0x1D6A1, &[0x78]),
    (0x1D6A2, &[0x79]),
    (0x1D6A3, &[0x7A]),
    (0x1D6A4, &[0x69]),
    (0x1D6A5, &[0x237]),
    (0x1D6A8, &[0x41]),
    (0x1D6A9, &[0x42]),
    (0x1D6AA, &[0x393]),
    (0x1D6AB, &[0x394]),
    (0x1D6AC, &[0x45]),
    (0x1D6AD, &[0x5A]),
    (0x1D6AE, &[0x48]),
    (0x1D6AF, &[0x4F, 0x335]),
    (0x1D6B0, &[0x6C]),
    (0x1D6B1, &[0x4B]),
    (0x1D6B2, &[0x245]),
    (0x1D6B3, &[0x4D]),
    (0x1D6B4, &[0x4E]),
    (0x1D6B5, &[0x39E]),
    (0x1D6B6, &[0x4F]),
    (0x1D6B7, &[0x3A0]),
    (0x1D6B8, &[0x50]),
    (0x1D6B9, &[0x4F, 0x335]),
    (0x1D6BA, &[0x1A9]),
    (0x1D6BB, &[0x54]),
    (0x1D6BC, &[0x59]),
    (0x1D6BD, &[0x3A6]),
    (0x1D6BE, &[0x58]),
    (0x1D6BF, &[0x3A8]),
    (0x1D6C0, &[0x3A9]),
    (0x1D6C1, &[0x2207]),
    (0x1D6C2, &[0x61]),
    (0x1D6C3, &[0xDF]),
    (0x1D6C4, &[0x79]),
    (0x1D6C5, &[0x1E9F]),
    (0x1D6C6, &[0xA793]),
    (0x1D6C7, &[0x3B6]),
    (0x1D6C8, &[0x6E, 0x329]),
    (0x1D6C9, &[0x4F, 0x335]),
    (0x1D6CA, &[0x69]),
    (0x1D6CB, &[0x138]),
    (0x1D6CC, &[0x3BB]),
    (0x1D6CD, &[0x3BC]),
    (0x1D6CE, &[0x76]),
    (0x1D6CF, &[0x3BE]),
    (0x1D6D0, &[0x6F]),
    (0x1D6D1, &[0x3C0]),
    (0x1D6D2, &[0x70]),
    (0x1D6D3, &[0x3C2]),
    (0x1D6D4, &[0x6F]),
    (0x1D6D5, &[0x1D1B]),
    (0x1D6D6, &[0x75]),
    (0x1D6D7, &[0x278]),
    (0x1D6D8, &[0x3C7]),
    (0x1D6D9, &[0x3C8]),
    (0x1D6DA, &[0x3C9]),
    (0x1D6DB, &[0x2202]),
    (0x1D6DC, &[0xA793]),
    (0x1D6DD, &[0x4F, 0x335]),
    (0x1D6DE, &[0x138]),
    (0x1D6DF, &[0x278]),
    (0x1D6E0, &[0x70]),
    (0x1D6E1, &[0x3C0]),
    (0x1D6E2, &[0x41]),
    (0x1D6E3, &[0x42]),
    (0x1D6E4, &[0x393]),
    (0x1D6E5, &[0x394]),
    (0x1D6E6, &[0x45]),
    (0x1D6E7, &[0x5A]),
    (0x1D6E8, &[0x48]),
    (0x1D6E9, &[0x4F, 0x335]),
    (0x1D6EA, &[0x6C]),
    (0x1D6EB, &[0x4B]),
    (0x1D6EC, &[0x245]),
    (0x1D6ED, &[0x4D]),
    (0x1D6EE, &[0x4E]),
    (0x1D6EF, &[0x39E]),
    (0x1D6F0, &[0x4F]),
    (0x1D6F1, &[0x3A0]),
    (0x1D6F2, &[0x50]),
    (0x1D6F3, &[0x4F, 0x335]),
    (0x1D6F4, &[0x1A9]),
    (0x1D6F5, &[0x54]),
    (0x1D6F6, &[0x59]),
    (0x1D6F7, &[0x3A6]),
    (0x1D6F8, &[0x58]),
    (0x1D6F9, &[0x3A8]),
    (0x1D6FA, &[0x3A9]),
    (0x1D6FB, &[0x2207]),
    (0x1D6FC, &[0x61]),
    (0x1D6FD, &[0xDF]),
    (0x1D6FE, &[0x79]),
    (0x1D6FF, &[0x1E9F]),
    (0x1D700, &[0xA793]),
    (0x1D701, &[0x3B6]),
    (0x1D702, &[0x6E, 0x329]),
    (0x1D703, &[0x4F, 0x335]),
    (0x1D704, &[0x69]),
    (0x1D705, &[0x138]),
    (0x1D706, &[0x3BB]),
    (0x1D707, &[0x3BC]),
    (0x1D708, &[0x76]),
    (0x1D709, &[0x3BE]),
    (0x1D70A, &[0x6F]),
    (0x1D70B, &[0x3C0]),
    (0x1D70C, &[0x70]),
    (0x1D70D, &[0x3C2]),
    (0x1D70E, &[0x6F]),
    (0x1D70F, &[0x1D1B]),
    (0x1D710, &[0x75]),
    (0x1D711, &[0x278]),
    (0x1D712, &[0x3C7]),
    (0x1D713, &[0x3C8]),
    (0x1D714, &[0x3C9]),
    (0x1D715, &[0x2202]),
    (0x1D716, &[0xA793]),
    (0x1D717, &[0x4F, 0x335]),
    (0x1D718, &[0x138]),
    (0x1D719, &[0x278]),
    (0x1D71A, &[0x70]),
    (0x1D71B, &[0x3C0]),
    (0x1D71C, &[0x41]),
    (0x1D71D, &[0x42]),
    (0x1D71E, &[0x393]),
    (0x1D71F, &[0x394]),
    (0x1D720, &[0x45]),
    (0x1D721, &[0x5A]),
    (0x1D722, &[0x48]),
    (0x1D723, &[0x4F, 0x335]),
    (0x1D724, &[0x6C]),
    (0x1D725, &[0x4B]),
    (0x1D726, &[0x245]),
    (0x1D727, &[0x4D]),
    (0x1D728, &[0x4E]),
    (0x1D729, &[0x39E]),
    (0x1D72A, &[0x4F]),
    (0x1D72B, &[0x3A0]),
    (0x1D72C, &[0x50]),
    (0x1D72D, &[0x4F, 0x335]),
    (0x1D72E, &[0x1A9]),
    (0x1D72F, &[0x54]),
    (0x1D730, &[0x59]),
    (0x1D731, &[0x3A6]),
    (0x1D732, &[0x58]),
    (0x1D733, &[0x3A8]),
    (0x1D734, &[0x3A9]),
    (0x1D735, &[0x2207]),
    (0x1D736, &[0x61]),
    (0x1D737, &[0xDF]),
    (0x1D738, &[0x79]),
    (0x1D739, &[0x1E9F]),
    (0x1D73A, &[0xA793]),
    (0x1D73B, &[0x3B6]),
    (0x1D73C, &[0x6E, 0x329]),
    (0x1D73D, &[0x4F, 0x335]),
    (0x1D73E, &[0x69]),
    (0x1D73F, &[0x138]),
    (0x1D740, &[0x3BB]),
    (0x1D741, &[0x3BC]),
    (0x1D742, &[0x76]),
    (0x1D743, &[0x3BE]),
    (0x1D744, &[0x6F]),
    (0x1D745, &[0x3C0]),
    (0x1D746, &[0x70]),
    (0x1D747, &[0x3C2]),
    (0x1D748, &[0x6F]),
    (0x1D749, &[0x1D1B]),
    (0x1D74A, &[0x75]),
    (0x1D74B, &[0x278]),
    (0x1D74C, &[0x3C7]),
    (0x1D74D, &[0x3C8]),
    (0x1D74E, &[0x3C9]),
    (0x1D74F, &[0x2202]),
    (0x1D750, &[0xA793]),
    (0x1D751, &[0x4F, 0x335]),
    (0x1D752, &[0x138]),
    (0x1D753, &[0x278]),
    (0x1D754, &[0x70]),
    (0x1D755, &[0x3C0]),
    (0x1D756, &[0x41]),
    (0x1D757, &[0x42]),
    (0x1D758, &[0x393]),
    (0x1D759, &[0x394]),
    (0x1D75A, &[0x45]),
    (0x1D75B, &[0x5A]),
    (0x1D75C, &[0x48]),
    (0x1D75D, &[0x4F, 0x335]),
    (0x1D75E, &[0x6C]),
    (0x1D75F, &[0x4B]),
    (0x1D760, &[0x245]),
    (0x1D761, &[0x4D]),
    (0x1D762, &[0x4E]),
    (0x1D763, &[0x39E]),
    (0x1D764, &[0x4F]),
    (0x1D765, &[0x3A0]),
    (0x1D766, &[0x50]),
    (0x1D767, &[0x4F, 0x335]),
    (0x1D768, &[0x1A9]),
    (0x1D769, &[0x54]),
    (0x1D76A, &[0x59]),
    (0x1D76B, &[0x3A6]),
    (0x1D76C, &[0x58]),
    (0x1D76D, &[0x3A8]),
    (0x1D76E, &[0x3A9]),
    (0x1D76F, &[0x2207]),
    (0x1D770, &[0x61]),
    (0x1D771, &[0xDF]),
    (0x1D772, &[0x79]),
    (0x1D773, &[0x1E9F]),
    (0x1D774, &[0xA793]),
    (0x1D775, &[0x3B6]),
    (0x1D776, &[0x6E, 0x329]),
    (0x1D777, &[0x4F, 0x335]),
    (0x1D778, &[0x69]),
    (0x1D779, &[0x138]),
    (0x1D77A, &[0x3BB]),
    (0x1D77B, &[0x3BC]),
    (0x1D77C, &[0x76]),
    (0x1D77D, &[0x3BE]),
    (0x1D77E, &[0x6F]),
    (0x1D77F, &[0x3C0]),
    (0x1D780, &[0x70]),
    (0x1D781, &[0x3C2]),
    (0x1D782, &[0x6F]),
    (0x1D783, &[0x1D1B]),
    (0x1D784, &[0x75]),
    (0x1D785, &[0x278]),
    (0x1D786, &[0x3C7]),
    (0x1D787, &[0x3C8]),
    (0x1D788, &[0x3C9]),
    (0x1D789, &[0x2202]),
    (0x1D78A, &[0xA793]),
    (0x1D78B, &[0x4F, 0x335]),
    (0x1D78C, &[0x138]),
    (0x1D78D, &[0x278]),
    (0x1D78E, &[0x70]),
    (0x1D78F, &[0x3C0]),
    (0x1D790, &[0x41]),
    (0x1D791, &[0x42]),
    (0x1D792, &[0x393]),
    (0x1D793, &[0x394]),
    (0x1D794, &[0x45]),
    (0x1D795, &[0x5A]),
    (0x1D796, &[0x48]),
    (0x1D797, &[0x4F, 0x335]),
    (0x1D798, &[0x6C]),
    (0x1D799, &[0x4B]),
    (0x1D79A, &[0x245]),
    (0x1D79B, &[0x4D]),
    (0x1D79C, &[0x4E]),
    (0x1D79D, &[0x39E]),
    (0x1D79E, &[0x4F]),
    (0x1D79F, &[0x3A0]),
    (0x1D7A0, &[0x50]),
    (0x1D7A1, &[0x4F, 0x335]),
    (0x1D7A2, &[0x1A9]),
    (0x1D7A3, &[0x54]),
    (0x1D7A4, &[0x59]),
    (0x1D7A5, &[0x3A6]),
    (0x1D7A6, &[0x58]),
    (0x1D7A7, &[0x3A8]),
    (0x1D7A8, &[0x3A9]),
    (0x1D7A9, &[0x2207]),
    (0x1D7AA, &[0x61]),
    (0x1D7AB, &[0xDF]),
    (0x1D7AC, &[0x79]),
    (0x1D7AD, &[0x1E9F]),
    (0x1D7AE, &[0xA793]),
    (0x1D7AF, &[0x3B6]),
    (0x1D7B0, &[0x6E, 0x329]),
    (0x1D7B1, &[0x4F, 0x335]),
    (0x1D7B2, &[0x69]),
    (0x1D7B3, &[0x138]),
    (0x1D7B4, &[0x3BB]),
    (0x1D7B5, &[0x3BC]),
    (0x1D7B6, &[0x76]),
    (0x1D7B7, &[0x3BE]),
    (0x1D7B8, &[0x6F]),
    (0x1D7B9, &[0x3C0]),
    (0x1D7BA, &[0x70]),
    (0x1D7BB, &[0x3C2]),
    (0x1D7BC, &[0x6F]),
    (0x1D7BD, &[0x1D1B]),
    (0x1D7BE, &[0x75]),
    (0x1D7BF, &[0x278]),
    (0x1D7C0, &[0x3C7]),
    (0x1D7C1, &[0x3C8]),
    (0x1D7C2, &[0x3C9]),
    (0x1D7C3, &[0x2202]),
    (0x1D7C4, &[0xA793]),
    (0x1D7C5, &[0x4F, 0x335]),
    (0x1D7C6, &[0x138]),
    (0x1D7C7, &[0x278]),
    (0x1D7C8, &[0x70]),
    (0x1D7C9, &[0x3C0]),
    (0x1D7CA, &[0x46]),
    (0x1D7CB, &[0x3DD]),
    (0x1D7CE, &[0x4F]),
    (0x1D7CF, &[0x6C]),
    (0x1D7D0, &[0x32]),
    (0x1D7D1, &[0x33]),
    (0x1D7D2, &[0x34]),
    (0x1D7D3, &[0x35]),
    (0x1D7D4, &[0x36]),
    (0x1D7D5, &[0x37]),
    (0x1D7D6, &[0x38]),
    (0x1D7D7, &[0x39]),
    (0x1D7D8, &[0x4F]),
    (0x1D7D9, &[0x6C]),
    (0x1D7DA, &[0x32]),
    (0x1D7DB, &[0x33]),
    (0x1D7DC, &[0x34]),
    (0x1D7DD, &[0x35]),
    (0x1D7DE, &[0x36]),
    (0x1D7DF, &[0x37]),
    (0x1D7E0, &[0x38]),
    (0x1D7E1, &[0x39]),
    (0x1D7E2, &[0x4F]),
    (0x1D7E3, &[0x6C]),
    (0x1D7E4, &[0x32]),
    (0x1D7E5, &[0x33]),
    (0x1D7E6, &[0x34]),
    (0x1D7E7, &[0x35]),
    (0x1D7E8, &[0x36]),
    (0x1D7E9, &[0x37]),
    (0x1D7EA, &[0x38]),
    (0x1D7EB, &[0x39]),
    (0x1D7EC, &[0x4F]),
    (0x1D7ED, &[0x6C]),
    (0x1D7EE, &[0x32]),
    (0x1D7EF, &[0x33]),
    (0x1D7F0, &[0x34]),
    (0x1D7F1, &[0x35]),
    (0x1D7F2, &[0x36]),
    (0x1D7F3, &[0x37]),
    (0x1D7F4, &[0x38]),
    (0x1D7F5, &[0x39]),
    (0x1D7F6, &[0x4F]),
    (0x1D7F7, &[0x6C]),
    (0x1D7F8, &[0x32]),
    (0x1D7F9, &[0x33]),
    (0x1D7FA, &[0x34]),
    (0x1D7FB, &[0x35]),
    (0x1D7FC, &[0x36]),
    (0x1D7FD, &[0x37]),
    (0x1D7FE, &[0x38]),
    (0x1D7FF, &[0x39]),
    (0x1E8C7, &[0x6C]),
    (0x1E8C8, &[0x2220]),
    (0x1E8C9, &[0x663]),
    (0x1E8CB, &[0x38]),
    (0x1E8CC, &[0x2202]),
    (0x1E8CD, &[0x2202, 0x335]),
    (0x1EE00, &[0x6C]),
    (0x1EE01, &[0x628]),
    (0x1EE02, &[0x62C]),
    (0x1EE03, &[0x62F]),
    (0x1EE05, &[0x648]),
    (0x1EE06, &[0x632]),
    (0x1EE07, &[0x62D]),
    (0x1EE08, &[0x637]),
    (0x1EE09, &[0x649]),
    (0x1EE0A, &[0x643]),
    (0x1EE0B, &[0x644]),
    (0x1EE0C, &[0x645]),
    (0x1EE0D, &[0x646]),
    (0x1EE0E, &[0x633]),
    (0x1EE0F, &[0x639]),
    (0x1EE10, &[0x641]),
    (0x1EE11, &[0x635]),
    (0x1EE12, &[0x642]),
    (0x1EE13, &[0x631]),
    (0x1EE14, &[0x633, 0x6DB]),
    (0x1EE15, &[0x62A]),
    (0x1EE16, &[0x649, 0x6DB]),
    (0x1EE17, &[0x62E]),
    (0x1EE18, &[0x630]),
    (0x1EE19, &[0x636]),
    (0x1EE1A, &[0x638]),
    (0x1EE1B, &[0x63A]),
    (0x1EE1C, &[0x649]),
    (0x1EE1D, &[0x649]),
    (0x1EE1E, &[0x6A1]),
    (0x1EE1F, &[0x6A1]),
    (0x1EE21, &[0x628]),
    (0x1EE22, &[0x62C]),
    (0x1EE24, &[0x6F]),
    (0x1EE27, &[0x62D]),
    (0x1EE29, &[0x649]),
    (0x1EE2A, &[0x643]),
    (0x1EE2B, &[0x644]),
    (0x1EE2C, &[0x645]),
    (0x1EE2D, &[0x646]),
    (0x1EE2E, &[0x633]),
    (0x1EE2F, &[0x639]),
    (0x1EE30, &[0x641]),
    (0x1EE31, &[0x635]),
    (0x1EE32, &[0x642]),
    (0x1EE34, &[0x633, 0x6DB]),
    (0x1EE35, &[0x62A]),
    (0x1EE36, &[0x649, 0x6DB]),
    (0x1EE37, &[0x62E]),
    (0x1EE39, &[0x636]),
    (0x1EE3B, &[0x63A]),
    (0x1EE42, &[0x62C]),
    (0x1EE47, &[0x62D]),
    (0x1EE49, &[0x649]),
    (0x1EE4B, &[0x644]),
    (0x1EE4D, &[0x646]),
    (0x1EE4E, &[0x633]),
    (0x1EE4F, &[0x639]),
    (0x1EE51, &[0x635]),
    (0x1EE52, &[0x642]),
    (0x1EE54, &[0x633, 0x6DB]),
    (0x1EE57, &[0x62E]),
    (0x1EE59, &[0x636]),
    (0x1EE5B, &[0x63A]),
    (0x1EE5D, &[0x649]),
    (0x1EE5F, &[0x6A1]),
    (0x1EE61, &[0x628]),
    (0x1EE62, &[0x62C]),
    (0x1EE64, &[0x6F]),
    (0x1EE67, &[0x62D]),
    (0x1EE68, &[0x637]),
    (0x1EE69, &[0x649]),
    (0x1EE6A, &[0x643]),
    (0x1EE6C, &[0x645]),
    (0x1EE6D, &[0x646]),
    (0x1EE6E, &[0x633]),
    (0x1EE6F, &[0x639]),
    (0x1EE70, &[0x641]),
    (0x1EE71, &[0x635]),
    (0x1EE72, &[0x642]),
    (0x1EE74, &[0x633, 0x6DB]),
    (0x1EE75, &[0x62A]),
    (0x1EE76, &[0x649, 0x6DB]),
    (0x1EE77, &[0x62E]),
    (0x1EE79, &[0x636]),
    (0x1EE7A, &[0x638]),
    (0x1EE7B, &[0x63A]),
    (0x1EE7C, &[0x649]),
    (0x1EE7E, &[0x6A1]),
    (0x1EE80, &[0x6C]),
    (0x1EE81, &[0x628]),
    (0x1EE82, &[0x62C]),
    (0x1EE83, &[0x62F]),
    (0x1EE84, &[0x6F]),
    (0x1EE85, &[0x648]),
    (0x1EE86, &[0x632]),
    (0x1EE87, &[0x62D]),
    (0x1EE88, &[0x637]),
    (0x1EE89, &[0x649]),
    (0x1EE8B, &[0x644]),
    (0x1EE8C, &[0x645]),
    (0x1EE8D, &[0x646]),
    (0x1EE8E, &[0x633]),
    (0x1EE8F, &[0x639]),
    (0x1EE90, &[0x641]),
    (0x1EE91, &[0x635]),
    (0x1EE92, &[0x642]),
    (0x1EE93, &[0x631]),
    (0x1EE94, &[0x633, 0x6DB]),
    (0x1EE95, &[0x62A]),
    (0x1EE96, &[0x649, 0x6DB]),
    (0x1EE97, &[0x62E]),
    (0x1EE98, &[0x630]),
    (0x1EE99, &[0x636]),
    (0x1EE9A, &[0x638]),
    (0x1EE9B, &[0x63A]),
    (0x1EEA1, &[0x628]),
    (0x1EEA2, &[0x62C]),
    (0x1EEA3, &[0x62F]),
    (0x1EEA5, &[0x648]),
    (0x1EEA6, &[0x632]),
    (0x1EEA7, &[0x62D]),
    (0x1EEA8, &[0x637]),
    (0x1EEA9, &[0x649]),
    (0x1EEAB, &[0x644]),
    (0x1EEAC, &[0x645]),
    (0x1EEAD, &[0x646]),
    (0x1EEAE, &[0x633]),
    (0x1EEAF, &[0x639]),
    (0x1EEB0, &[0x641]),
    (0x1EEB1, &[0x635]),
    (0x1EEB2, &[0x642]),
    (0x1EEB3, &[0x631]),
    (0x1EEB4, &[0x633, 0x6DB]),
    (0x1EEB5, &[0x62A]),
    (0x1EEB6, &[0x649, 0x6DB]),
    (0x1EEB7, &[0x62E]),
    (0x1EEB8, &[0x630]),
    (0x1EEB9, &[0x636]),
    (0x1EEBA, &[0x638]),
    (0x1EEBB, &[0x63A]),
    (0x1F100, &[0x4F, 0x2E]),
    (0x1F101, &[0x4F, 0x2C]),
    (0x1F102, &[0x6C, 0x2C]),
    (0x1F103, &[0x32, 0x2C]),
    (0x1F104, &[0x33, 0x2C]),
    (0x1F105, &[0x34, 0x2C]),
    (0x1F106, &[0x35, 0x2C]),
    (0x1F107, &[0x36, 0x2C]),
    (0x1F108, &[0x37, 0x2C]),
    (0x1F109, &[0x38, 0x2C]),
    (0x1F10A, &[0x39, 0x2C]),
    (0x1F10F, &[0x24, 0x20E0]),
    (0x1F110, &[0x28, 0x41, 0x29]),
    (0x1F111, &[0x28, 0x42, 0x29]),
    (0x1F112, &[0x28, 0x43, 0x29]),
    (0x1F113, &[0x28, 0x44, 0x29]),
    (0x1F114, &[0x28, 0x45, 0x29]),
    (0x1F115, &[0x28, 0x46, 0x29]),
    (0x1F116, &[0x28, 0x47, 0x29]),
    (0x1F117, &[0x28, 0x48, 0x29]),
    (0x1F118, &[0x28, 0x6C, 0x29]),
    (0x1F119, &[0x28, 0x4A, 0x29]),
    (0x1F11A, &[0x28, 0x4B, 0x29]),
    (0x1F11B, &[0x28, 0x4C, 0x29]),
    (0x1F11C, &[0x28, 0x4D, 0x29]),
    (0x1F11D, &[0x28, 0x4E, 0x29]),
    (0x1F11E, &[0x28, 0x4F, 0x29]),
    (0x1F11F, &[0x28, 0x50, 0x29]),
    (0x1F120, &[0x28, 0x51, 0x29]),
    (0x1F121, &[0x28, 0x52, 0x29]),
    (0x1F122, &[0x28, 0x53, 0x29]),
    (0x1F123, &[0x28, 0x54, 0x29]),
    (0x1F124, &[0x28, 0x55, 0x29]),
    (0x1F125, &[0x28, 0x56, 0x29]),
    (0x1F126, &[0x28, 0x57, 0x29]),
    (0x1F127, &[0x28, 0x58, 0x29]),
    (0x1F128, &[0x28, 0x59, 0x29]),
    (0x1F129, &[0x28, 0x5A, 0x29]),
    (0x1F12A, &[0x28, 0x53, 0x29]),
    (0x1F16D, &[0x33C4, 0x9, 0x20DD]),
    (0x1F16E, &[0x43, 0x20E0]),
    (0x1F240, &[0x28, 0x672C, 0x29]),
    (0x1F241, &[0x28, 0x4E09, 0x29]),
    (0x1F242, &[0x28, 0x4E8C, 0x29]),
    (0x1F243, &[0x28, 0x5B89, 0x29]),
    (0x1F244, &[0x28, 0x70B9, 0x29]),
    (0x1F245, &[0x28, 0x6253, 0x29]),
    (0x1F246, &[0x28, 0x76D7, 0x29]),
    (0x1F247, &[0x28, 0x52DD, 0x29]),
    (0x1F248, &[0x28, 0x6557, 0x29]),
    (0x1F312, &[0x263D]),
    (0x1F318, &[0x263E]),
    (0x1F319, &[0x263D]),
    (0x1F700, &[0x51, 0x45]),
    (0x1F701, &[0xA658]),
    (0x1F702, &[0x394]),
    (0x1F704, &[0x102BC]),
    (0x1F707, &[0x41, 0x52]),
    (0x1F708, &[0x56, 0x1DE4]),
    (0x1F70A, &[0x2629]),
    (0x1F714, &[0x4F, 0x335]),
    (0x1F728, &[0x102A8]),
    (0x1F73A, &[0x29DF]),
    (0x1F74C, &[0x43]),
    (0x1F754, &[0x16DC]),
    (0x1F755, &[0x22A1]),
    (0x1F75C, &[0x73, 0x73, 0x73]),
    (0x1F75E, &[0x224F]),
    (0x1F768, &[0x54]),
    (0x1F76B, &[0x4D, 0x42]),
    (0x1F76C, &[0x56, 0x42]),
    (0x1F771, &[0x22A0]),
    (0x1FBF0, &[0x4F]),
    (0x1FBF1, &[0x6C]),
    (0x1FBF2, &[0x32]),
    (0x1FBF3, &[0x33]),
    (0x1FBF4, &[0x34]),
    (0x1FBF5, &[0x35]),
    (0x1FBF6, &[0x36]),
    (0x1FBF7, &[0x37]),
    (0x1FBF8, &[0x38]),
    (0x1FBF9, &[0x39]),
    (0x21FE8, &[0x276C]),
    (0x2F800, &[0x4E3D]),
    (0x2F801, &[0x4E38]),
    (0x2F802, &[0x4E41]),
    (0x2F803, &[0x20122]),
    (0x2F804, &[0x4F60]),
    (0x2F805, &[0x4FAE]),
    (0x2F806, &[0x4FBB]),
    (0x2F807, &[0x4F75]),
    (0x2F808, &[0x507A]),
    (0x2F809, &[0x5099]),
    (0x2F80A, &[0x50E7]),
    (0x2F80B, &[0x50CF]),
    (0x2F80C, &[0x349E]),
    (0x2F80D, &[0x2063A]),
    (0x2F80E, &[0x514D]),
    (0x2F80F, &[0x5154]),
    (0x2F810, &[0x5164]),
    (0x2F811, &[0x5177]),
    (0x2F812, &[0x2051C]),
    (0x2F813, &[0x34B9]),
    (0x2F814, &[0x5167]),
    (0x2F815, &[0x518D]),
    (0x2F816, &[0x2054B]),
    (0x2F817, &[0x5197]),
    (0x2F818, &[0x51A4]),
    (0x2F819, &[0x4ECC]),
    (0x2F81A, &[0x51AC]),
    (0x2F81B, &[0x51B5]),
    (0x2F81C, &[0x291DF]),
    (0x2F81D, &[0x51F5]),
    (0x2F81E, &[0x5203]),
    (0x2F81F, &[0x34DF]),
    (0x2F820, &[0x523B]),
    (0x2F821, &[0x5246]),
    (0x2F822, &[0x5272]),
    (0x2F823, &[0x5277]),
    (0x2F824, &[0x3515]),
    (0x2F825, &[0x52C7]),
    (0x2F826, &[0x52C9]),
    (0x2F827, &[0x52E4]),
    (0x2F828, &[0x52FA]),
    (0x2F829, &[0x5305]),
    (0x2F82A, &[0x5306]),
    (0x2F82B, &[0x5317]),
    (0x2F82C, &[0x5349]),
    (0x2F82D, &[0x5351]),
    (0x2F82E, &[0x535A]),
    (0x2F82F, &[0x5373]),
    (0x2F830, &[0x537D]),
    (0x2F831, &[0x537F]),
    (0x2F832, &[0x537F]),
    (0x2F833, &[0x537F]),
    (0x2F834, &[0x20A2C]),
    (0x2F835, &[0x7070]),
    (0x2F836, &[0x53CA]),
    (0x2F837, &[0x53DF]),
    (0x2F838, &[0x20B63]),
    (0x2F839, &[0x53EB]),
    (0x2F83A, &[0x53F1]),
    (0x2F83B, &[0x5406]),
    (0x2F83C, &[0x549E]),
    (0x2F83D, &[0x5438]),
    (0x2F83E, &[0x5448]),
    (0x2F83F, &[0x5468]),
    (0x2F840, &[0x54A2]),
    (0x2F841, &[0x54F6]),
    (0x2F842, &[0x5510]),
    (0x2F843, &[0x5553]),
    (0x2F844, &[0x5563]),
    (0x2F845, &[0x5584]),
    (0x2F846, &[0x5584]),
    (0x2F847, &[0x5599]),
    (0x2F848, &[0x55AB]),
    (0x2F849, &[0x55B3]),
    (0x2F84A, &[0x55C2]),
    (0x2F84B, &[0x5716]),
    (0x2F84C, &[0x5606]),
    (0x2F84D, &[0x5717]),
    (0x2F84E, &[0x5651]),
    (0x2F84F, &[0x5674]),
    (0x2F850, &[0x5207]),
    (0x2F851, &[0x58EE]),
    (0x2F852, &[0x57CE]),
    (0x2F853, &[0x57F4]),
    (0x2F854, &[0x580D]),
    (0x2F855, &[0x578B]),
    (0x2F856, &[0x5832]),
    (0x2F857, &[0x5831]),
    (0x2F858, &[0x58AC]),
    (0x2F859, &[0x214E4]),
    (0x2F85A, &[0x58F2]),
    (0x2F85B, &[0x58F7]),
    (0x2F85C, &[0x5906]),
    (0x2F85D, &[0x591A]),
    (0x2F85E, &[0x5922]),
    (0x2F85F, &[0x5962]),
    (0x2F860, &[0x216A8]),
    (0x2F861, &[0x216EA]),
    (0x2F862, &[0x59EC]),
    (0x2F863, &[0x5A1B]),
    (0x2F864, &[0x5A27]),
    (0x2F865, &[0x59D8]),
    (0x2F866, &[0x5A66]),
    (0x2F867, &[0x36EE]),
    (0x2F868, &[0x36FC]),
    (0x2F869, &[0x5B08]),
    (0x2F86A, &[0x5B3E]),
    (0x2F86B, &[0x5B3E]),
    (0x2F86C, &[0x219C8]),
    (0x2F86D, &[0x5BC3]),
    (0x2F86E, &[0x5BD8]),
    (0x2F86F, &[0x5BE7]),
    (0x2F870, &[0x5BF3]),
    (0x2F871, &[0x21B18]),
    (0x2F872, &[0x5BFF]),
    (0x2F873, &[0x5C06]),
    (0x2F874, &[0x5F53]),
    (0x2F875, &[0x5C22]),
    (0x2F876, &[0x3781]),
    (0x2F877, &[0x5C60]),
    (0x2F878, &[0x5C6E]),
    (0x2F879, &[0x5CC0]),
    (0x2F87A, &[0x5C8D]),
    (0x2F87B, &[0x21DE4]),
    (0x2F87C, &[0x5D43]),
    (0x2F87D, &[0x21DE6]),
    (0x2F87E, &[0x5D6E]),
    (0x2F87F, &[0x5D6B]),
    (0x2F880, &[0x5D7C]),
    (0x2F881, &[0x5DE1]),
    (0x2F882, &[0x5DE2]),
    (0x2F883, &[0x382F]),
    (0x2F884, &[0x5DFD]),
    (0x2F885, &[0x5E28]),
    (0x2F886, &[0x5E3D]),
    (0x2F887, &[0x5E69]),
    (0x2F888, &[0x3862]),
    (0x2F889, &[0x22183]),
    (0x2F88A, &[0x387C]),
    (0x2F88B, &[0x5EB0]),
    (0x2F88C, &[0x5EB3]),
    (0x2F88D, &[0x5EB6]),
    (0x2F88E, &[0x5ECA]),
    (0x2F88F, &[0x2A392]),
    (0x2F890, &[0x5EFE]),
    (0x2F891, &[0x22331]),
    (0x2F892, &[0x22331]),
    (0x2F893, &[0x8201]),
    (0x2F894, &[0x5F22]),
    (0x2F895, &[0x5F22]),
    (0x2F896, &[0x38C7]),
    (0x2F897, &[0x232B8]),
    (0x2F898, &[0x261DA]),
    (0x2F899, &[0x5F62]),
    (0x2F89A, &[0x5F6B]),
    (0x2F89B, &[0x38E3]),
    (0x2F89C, &[0x5F9A]),
    (0x2F89D, &[0x5FCD]),
    (0x2F89E, &[0x5FD7]),
    (0x2F89F, &[0x5FF9]),
    (0x2F8A0, &[0x6081]),
    (0x2F8A1, &[0x393A]),
    (0x2F8A2, &[0x391C]),
    (0x2F8A3, &[0x6094]),
    (0x2F8A4, &[0x226D4]),
    (0x2F8A5, &[0x60C7]),
    (0x2F8A6, &[0x6148]),
    (0x2F8A7, &[0x614C]),
    (0x2F8A8, &[0x614E]),
    (0x2F8A9, &[0x614C]),
    (0x2F8AA, &[0x617A]),
    (0x2F8AB, &[0x618E]),
    (0x2F8AC, &[0x61B2]),
    (0x2F8AD, &[0x61A4]),
    (0x2F8AE, &[0x61AF]),
    (0x2F8AF, &[0x61DE]),
    (0x2F8B0, &[0x61F2]),
    (0x2F8B1, &[0x61F6]),
    (0x2F8B2, &[0x6210]),
    (0x2F8B3, &[0x621B]),
    (0x2F8B4, &[0x625D]),
    (0x2F8B5, &[0x62B1]),
    (0x2F8B6, &[0x62D4]),
    (0x2F8B7, &[0x6350]),
    (0x2F8B8, &[0x22B0C]),
    (0x2F8B9, &[0x633D]),
    (0x2F8BA, &[0x62FC]),
    (0x2F8BB, &[0x6368]),
    (0x2F8BC, &[0x6383]),
    (0x2F8BD, &[0x63E4]),
    (0x2F8BE, &[0x22BF1]),
    (0x2F8BF, &[0x6422]),
    (0x2F8C0, &[0x63C5]),
    (0x2F8C1, &[0x63A9]),
    (0x2F8C2, &[0x3A2E]),
    (0x2F8C3, &[0x6469]),
    (0x2F8C4, &[0x647E]),
    (0x2F8C5, &[0x649D]),
    (0x2F8C6, &[0x6477]),
    (0x2F8C7, &[0x3A6C]),
    (0x2F8C8, &[0x654F]),
    (0x2F8C9, &[0x656C]),
    (0x2F8CA, &[0x2300A]),
    (0x2F8CB, &[0x65E3]),
    (0x2F8CC, &[0x66F8]),
    (0x2F8CD, &[0x6649]),
    (0x2F8CE, &[0x3B19]),
    (0x2F8CF, &[0x6691]),
    (0x2F8D0, &[0x3B08]),
    (0x2F8D1, &[0x3AE4]),
    (0x2F8D2, &[0x5192]),
    (0x2F8D3, &[0x5195]),
    (0x2F8D4, &[0x6700]),
    (0x2F8D5, &[0x669C]),
    (0x2F8D6, &[0x80AD]),
    (0x2F8D7, &[0x43D9]),
    (0x2F8D8, &[0x6717]),
    (0x2F8D9, &[0x671B]),
    (0x2F8DA, &[0x6721]),
    (0x2F8DB, &[0x675E]),
    (0x2F8DC, &[0x6753]),
    (0x2F8DD, &[0x233C3]),
    (0x2F8DE, &[0x3B49]),
    (0x2F8DF, &[0x67FA]),
    (0x2F8E0, &[0x6785]),
    (0x2F8E1, &[0x6852]),
    (0x2F8E2, &[0x6885]),
    (0x2F8E3, &[0x2346D]),
    (0x2F8E4, &[0x688E]),
    (0x2F8E5, &[0x681F]),
    (0x2F8E6, &[0x6914]),
    (0x2F8E7, &[0x3B9D]),
    (0x2F8E8, &[0x6942]),
    (0x2F8E9, &[0x69A3]),
    (0x2F8EA, &[0x69EA]),
    (0x2F8EB, &[0x6AA8]),
    (0x2F8EC, &[0x236A3]),
    (0x2F8ED, &[0x6ADB]),
    (0x2F8EE, &[0x3C18]),
    (0x2F8EF, &[0x6B21]),
    (0x2F8F0, &[0x238A7]),
    (0x2F8F1, &[0x6B54]),
    (0x2F8F2, &[0x3C4E]),
    (0x2F8F3, &[0x6B72]),
    (0x2F8F4, &[0x6B9F]),
    (0x2F8F5, &[0x6BBA]),
    (0x2F8F6, &[0x6BBB]),
    (0x2F8F7, &[0x23A8D]),
    (0x2F8F8, &[0x21D0B]),
    (0x2F8F9, &[0x23AFA]),
    (0x2F8FA, &[0x6C4E]),
    (0x2F8FB, &[0x23CBC]),
    (0x2F8FC, &[0x6CBF]),
    (0x2F8FD, &[0x6CCD]),
    (0x2F8FE, &[0x6C67]),
    (0x2F8FF, &[0x6D16]),
    (0x2F900, &[0x6D3E]),
    (0x2F901, &[0x6D77]),
    (0x2F902, &[0x6D41]),
    (0x2F903, &[0x6D69]),
    (0x2F904, &[0x6D78]),
    (0x2F905, &[0x6D85]),
    (0x2F906, &[0x23D1E]),
    (0x2F907, &[0x6D34]),
    (0x2F908, &[0x6E2F]),
    (0x2F909, &[0x6E6E]),
    (0x2F90A, &[0x3D33]),
    (0x2F90B, &[0x6ECB]),
    (0x2F90C, &[0x6EC7]),
    (0x2F90D, &[0x23ED1]),
    (0x2F90E, &[0x6DF9]),
    (0x2F90F, &[0x6F6E]),
    (0x2F910, &[0x23F5E]),
    (0x2F911, &[0x23F8E]),
    (0x2F912, &[0x6FC6]),
    (0x2F913, &[0x7039]),
    (0x2F914, &[0x701E]),
    (0x2F915, &[0x701B]),
    (0x2F916, &[0x3D96]),
    (0x2F917, &[0x704A]),
    (0x2F918, &[0x707D]),
    (0x2F919, &[0x7077]),
    (0x2F91A, &[0x70AD]),
    (0x2F91B, &[0x20525]),
    (0x2F91C, &[0x7145]),
    (0x2F91D, &[0x24263]),
    (0x2F91E, &[0x719C]),
    (0x2F91F, &[0x243AB]),
    (0x2F920, &[0x7228]),
    (0x2F921, &[0x7235]),
    (0x2F922, &[0x7250]),
    (0x2F923, &[0x24608]),
    (0x2F924, &[0x7280]),
    (0x2F925, &[0x7295]),
    (0x2F926, &[0x24735]),
    (0x2F927, &[0x24814]),
    (0x2F928, &[0x737A]),
    (0x2F929, &[0x738B]),
    (0x2F92A, &[0x3EAC]),
    (0x2F92B, &[0x73A5]),
    (0x2F92C, &[0x3EB8]),
    (0x2F92D, &[0x3EB8]),
    (0x2F92E, &[0x7447]),
    (0x2F92F, &[0x745C]),
    (0x2F930, &[0x7471]),
    (0x2F931, &[0x7485]),
    (0x2F932, &[0x74CA]),
    (0x2F933, &[0x3F1B]),
    (0x2F934, &[0x7524]),
    (0x2F935, &[0x24C36]),
    (0x2F936, &[0x753E]),
    (0x2F937, &[0x24C92]),
    (0x2F938, &[0x7570]),
    (0x2F939, &[0x2219F]),
    (0x2F93A, &[0x7610]),
    (0x2F93B, &[0x24FA1]),
    (0x2F93C, &[0x24FB8]),
    (0x2F93D, &[0x25044]),
    (0x2F93E, &[0x3FFC]),
    (0x2F93F, &[0x4008]),
    (0x2F940, &[0x76F4]),
    (0x2F941, &[0x250F3]),
    (0x2F942, &[0x250F2]),
    (0x2F943, &[0x25119]),
    (0x2F944, &[0x25133]),
    (0x2F945, &[0x771E]),
    (0x2F946, &[0x771F]),
    (0x2F947, &[0x771F]),
    (0x2F948, &[0x774A]),
    (0x2F949, &[0x4039]),
    (0x2F94A, &[0x778B]),
    (0x2F94B, &[0x4046]),
    (0x2F94C, &[0x4096]),
    (0x2F94D, &[0x2541D]),
    (0x2F94E, &[0x784E]),
    (0x2F94F, &[0x788C]),
    (0x2F950, &[0x78CC]),
    (0x2F951, &[0x40E3]),
    (0x2F952, &[0x25626]),
    (0x2F953, &[0x7956]),
    (0x2F954, &[0x2569A]),
    (0x2F955, &[0x256C5]),
    (0x2F956, &[0x798F]),
    (0x2F957, &[0x79EB]),
    (0x2F958, &[0x412F]),
    (0x2F959, &[0x7A40]),
    (0x2F95A, &[0x7A4A]),
    (0x2F95B, &[0x7A4F]),
    (0x2F95C, &[0x2597C]),
    (0x2F95D, &[0x25AA7]),
    (0x2F95E, &[0x25AA7]),
    (0x2F95F, &[0x7AEE]),
    (0x2F960, &[0x4202]),
    (0x2F961, &[0x25BAB]),
    (0x2F962, &[0x7BC6]),
    (0x2F963, &[0x7BC9]),
    (0x2F964, &[0x4227]),
    (0x2F965, &[0x25C80]),
    (0x2F966, &[0x7CD2]),
    (0x2F967, &[0x42A0]),
    (0x2F968, &[0x7CE8]),
    (0x2F969, &[0x7CE3]),
    (0x2F96A, &[0x7D00]),
    (0x2F96B, &[0x25F86]),
    (0x2F96C, &[0x7D63]),
    (0x2F96D, &[0x4301]),
    (0x2F96E, &[0x7DC7]),
    (0x2F96F, &[0x7E02]),
    (0x2F970, &[0x7E45]),
    (0x2F971, &[0x4334]),
    (0x2F972, &[0x26228]),
    (0x2F973, &[0x26247]),
    (0x2F974, &[0x4359]),
    (0x2F975, &[0x262D9]),
    (0x2F976, &[0x7F7A]),
    (0x2F977, &[0x2633E]),
    (0x2F978, &[0x7F95]),
    (0x2F979, &[0x7FFA]),
    (0x2F97A, &[0x8005]),
    (0x2F97B, &[0x264DA]),
    (0x2F97C, &[0x26523]),
    (0x2F97D, &[0x8060]),
    (0x2F97E, &[0x265A8]),
    (0x2F97F, &[0x8070]),
    (0x2F980, &[0x2335F]),
    (0x2F981, &[0x43D5]),
    (0x2F982, &[0x80B2]),
    (0x2F983, &[0x8103]),
    (0x2F984, &[0x440B]),
    (0x2F985, &[0x813E]),
    (0x2F986, &[0x5AB5]),
    (0x2F987, &[0x267A7]),
    (0x2F988, &[0x267B5]),
    (0x2F989, &[0x23393]),
    (0x2F98A, &[0x2339C]),
    (0x2F98B, &[0x8201]),
    (0x2F98C, &[0x8204]),
    (0x2F98D, &[0x8F9E]),
    (0x2F98E, &[0x446B]),
    (0x2F98F, &[0x8291]),
    (0x2F990, &[0x828B]),
    (0x2F991, &[0x829D]),
    (0x2F992, &[0x52B3]),
    (0x2F993, &[0x82B1]),
    (0x2F994, &[0x82B3]),
    (0x2F995, &[0x82BD]),
    (0x2F996, &[0x82E6]),
    (0x2F997, &[0x26B3C]),
    (0x2F998, &[0x82E5]),
    (0x2F999, &[0x831D]),
    (0x2F99A, &[0x8363]),
    (0x2F99B, &[0x83AD]),
    (0x2F99C, &[0x8323]),
    (0x2F99D, &[0x83BD]),
    (0x2F99E, &[0x83E7]),
    (0x2F99F, &[0x8457]),
    (0x2F9A0, &[0x8353]),
    (0x2F9A1, &[0x83CA]),
    (0x2F9A2, &[0x83CC]),
    (0x2F9A3, &[0x83DC]),
    (0x2F9A4, &[0x26C36]),
    (0x2F9A5, &[0x26D6B]),
    (0x2F9A6, &[0x26CD5]),
    (0x2F9A7, &[0x452B]),
    (0x2F9A8, &[0x84F1]),
    (0x2F9A9, &[0x84F3]),
    (0x2F9AA, &[0x8516]),
    (0x2F9AB, &[0x273CA]),
    (0x2F9AC, &[0x8564]),
    (0x2F9AD, &[0x26F2C]),
    (0x2F9AE, &[0x455D]),
    (0x2F9AF, &[0x4561]),
    (0x2F9B0, &[0x26FB1]),
    (0x2F9B1, &[0x270D2]),
    (0x2F9B2, &[0x456B]),
    (0x2F9B3, &[0x8650]),
    (0x2F9B4, &[0x865C]),
    (0x2F9B5, &[0x8667]),
    (0x2F9B6, &[0x8669]),
    (0x2F9B7, &[0x86A9]),
    (0x2F9B8, &[0x8688]),
    (0x2F9B9, &[0x870E]),
    (0x2F9BA, &[0x86E2]),
    (0x2F9BB, &[0x8779]),
    (0x2F9BC, &[0x8728]),
    (0x2F9BD, &[0x876B]),
    (0x2F9BE, &[0x8786]),
    (0x2F9BF, &[0x45D7]),
    (0x2F9C0, &[0x87E1]),
    (0x2F9C1, &[0x8801]),
    (0x2F9C2, &[0x45F9]),
    (0x2F9C3, &[0x8860]),
    (0x2F9C4, &[0x8863]),
    (0x2F9C5, &[0x27667]),
    (0x2F9C6, &[0x88D7]),
    (0x2F9C7, &[0x88DE]),
    (0x2F9C8, &[0x4635]),
    (0x2F9C9, &[0x88FA]),
    (0x2F9CA, &[0x34BB]),
    (0x2F9CB, &[0x278AE]),
    (0x2F9CC, &[0x27966]),
    (0x2F9CD, &[0x46BE]),
    (0x2F9CE, &[0x46C7]),
    (0x2F9CF, &[0x8AA0]),
    (0x2F9D0, &[0x8AED]),
    (0x2F9D1, &[0x8B8A]),
    (0x2F9D2, &[0x8C55]),
    (0x2F9D3, &[0x27CA8]),
    (0x2F9D4, &[0x8CAB]),
    (0x2F9D5, &[0x8CC1]),
    (0x2F9D6, &[0x8D1B]),
    (0x2F9D7, &[0x8D77]),
    (0x2F9D8, &[0x27F2F]),
    (0x2F9D9, &[0x20804]),
    (0x2F9DA, &[0x8DCB]),
    (0x2F9DB, &[0x8DBC]),
    (0x2F9DC, &[0x8DF0]),
    (0x2F9DD, &[0x208DE]),
    (0x2F9DE, &[0x8ED4]),
    (0x2F9DF, &[0x8F38]),
    (0x2F9E0, &[0x285D2]),
    (0x2F9E1, &[0x285ED]),
    (0x2F9E2, &[0x9094]),
    (0x2F9E3, &[0x90F1]),
    (0x2F9E4, &[0x9111]),
    (0x2F9E5, &[0x2872E]),
    (0x2F9E6, &[0x911B]),
    (0x2F9E7, &[0x9238]),
    (0x2F9E8, &[0x92D7]),
    (0x2F9E9, &[0x92D8]),
    (0x2F9EA, &[0x927C]),
    (0x2F9EB, &[0x93F9]),
    (0x2F9EC, &[0x9415]),
    (0x2F9ED, &[0x28BFA]),
    (0x2F9EE, &[0x958B]),
    (0x2F9EF, &[0x4995]),
    (0x2F9F0, &[0x95B7]),
    (0x2F9F1, &[0x28D77]),
    (0x2F9F2, &[0x49E6]),
    (0x2F9F3, &[0x96C3]),
    (0x2F9F4, &[0x5DB2]),
    (0x2F9F5, &[0x9723]),
    (0x2F9F6, &[0x29145]),
    (0x2F9F7, &[0x2921A]),
    (0x2F9F8, &[0x4A6E]),
    (0x2F9F9, &[0x4A76]),
    (0x2F9FA, &[0x97E0]),
    (0x2F9FB, &[0x2940A]),
    (0x2F9FC, &[0x4AB2]),
    (0x2F9FD, &[0x29496]),
    (0x2F9FE, &[0x980B]),
    (0x2F9FF, &[0x980B]),
    (0x2FA00, &[0x9829]),
    (0x2FA01, &[0x295B6]),
    (0x2FA02, &[0x98E2]),
    (0x2FA03, &[0x4B33]),
    (0x2FA04, &[0x9929]),
    (0x2FA05, &[0x99A7]),
    (0x2FA06, &[0x99C2]),
    (0x2FA07, &[0x99FE]),
    (0x2FA08, &[0x4BCE]),
    (0x2FA09, &[0x29B30]),
    (0x2FA0A, &[0x9B12]),
    (0x2FA0B, &[0x9C40]),
    (0x2FA0C, &[0x9CFD]),
    (0x2FA0D, &[0x4CCE]),
    (0x2FA0E, &[0x4CED]),
    (0x2FA0F, &[0x9D67]),
    (0x2FA10, &[0x2A0CE]),
    (0x2FA11, &[0x4CF8]),
    (0x2FA12, &[0x2A105]),
    (0x2FA13, &[0x2A20E]),
    (0x2FA14, &[0x2A291]),
    (0x2FA15, &[0x9EBB]),
    (0x2FA16, &[0x4D56]),
    (0x2FA17, &[0x9EF9]),
    (0x2FA18, &[0x9EFE]),
    (0x2FA19, &[0x9F05]),
    (0x2FA1A, &[0x9F0F]),
    (0x2FA1B, &[0x9F16]),
    (0x2FA1C, &[0x9F3B]),
    (0x2FA1D, &[0x2A600]),
];
